source,target,key,type,description,evidence,confidence,citations,chunk_id,page,file_name
Chunk:chunk_bb79271b66b555df,Paper:mitra,PART_OF:chunk_bb79271b66b555df,PART_OF,chunk belongs to paper,mitra.pdf p.16 page_text chunk_bb79271b66b555df,1.0,mitra.pdf p.16 page_text chunk_bb79271b66b555df,,,
Document:doc_mitra_p16,Chunk:chunk_bb79271b66b555df,EVIDENCED_BY:33e8b820fa43d306,EVIDENCED_BY,supported by chunk,mitra.pdf p.16 page_text chunk_bb79271b66b555df,1.0,mitra.pdf p.16 page_text chunk_bb79271b66b555df,,,
Document:doc_mitra_p16,Paper:mitra,REPORTED_IN:618bb6aae5dbcebe,REPORTED_IN,reported in this paper,mitra.pdf p.16 page_text chunk_bb79271b66b555df,1.0,mitra.pdf p.16 page_text chunk_bb79271b66b555df,,,
Variable:d_fmax,Chunk:chunk_bb79271b66b555df,EVIDENCED_BY:ffe33b41ee9f7411,EVIDENCED_BY,supported by chunk,mitra.pdf p.16 page_text chunk_bb79271b66b555df,1.0,mitra.pdf p.16 page_text chunk_bb79271b66b555df,,,
Variable:d_fmax,Paper:mitra,REPORTED_IN:bbc10e05e71d7235,REPORTED_IN,reported in this paper,mitra.pdf p.8 page_text chunk_9082cc6cb7d7ca45,1.0,mitra.pdf p.8 page_text chunk_9082cc6cb7d7ca45,,,
Variable:d_fmax,Chunk:chunk_9082cc6cb7d7ca45,EVIDENCED_BY:a0920c1678a4f3ad,EVIDENCED_BY,supported by chunk,mitra.pdf p.8 page_text chunk_9082cc6cb7d7ca45,1.0,mitra.pdf p.8 page_text chunk_9082cc6cb7d7ca45,,,
Variable:psi_a,Chunk:chunk_bb79271b66b555df,EVIDENCED_BY:b749cc93e67168ad,EVIDENCED_BY,supported by chunk,mitra.pdf p.16 page_text chunk_bb79271b66b555df,1.0,mitra.pdf p.16 page_text chunk_bb79271b66b555df,,,
Variable:psi_a,Paper:mitra,REPORTED_IN:c1dce45936dd04fc,REPORTED_IN,reported in this paper,mitra.pdf p.16 page_text chunk_bb79271b66b555df,1.0,mitra.pdf p.16 page_text chunk_bb79271b66b555df,,,
Instrument:sopat,Chunk:chunk_bb79271b66b555df,EVIDENCED_BY:620057ea3bace98e,EVIDENCED_BY,supported by chunk,mitra.pdf p.16 page_text chunk_bb79271b66b555df,1.0,mitra.pdf p.16 page_text chunk_bb79271b66b555df,,,
Instrument:sopat,Paper:mitra,REPORTED_IN:0dc6e877bd385ada,REPORTED_IN,reported in this paper,mitra.pdf p.16 page_text chunk_bb79271b66b555df,1.0,mitra.pdf p.16 page_text chunk_bb79271b66b555df,,,
Method:sopat_image_measurement,Chunk:chunk_bb79271b66b555df,EVIDENCED_BY:b360b6e4b166ad7a,EVIDENCED_BY,supported by chunk,mitra.pdf p.16 page_text chunk_bb79271b66b555df,1.0,mitra.pdf p.16 page_text chunk_bb79271b66b555df,,,
Method:sopat_image_measurement,Paper:mitra,REPORTED_IN:94bc3a90e13d5b8d,REPORTED_IN,reported in this paper,mitra.pdf p.16 page_text chunk_bb79271b66b555df,1.0,mitra.pdf p.16 page_text chunk_bb79271b66b555df,,,
Method:sopat_image_measurement,Instrument:sopat,USES:06cee52185602a36,USES,The per-granule descriptor values are obtained from SOPAT images.,from the SOPAT images,0.8,mitra.pdf p.16 page_text chunk_bb79271b66b555df,chunk_bb79271b66b555df,16,mitra.pdf
Method:sopat_image_measurement,Variable:d_fmax,MEASURES:3dbffd6d6cd91581,MEASURES,The SOPAT-image-based measurement yields maximum Feret diameter values.,represent the maximum Feret diameter ... from the SOPAT images,0.8,mitra.pdf p.16 page_text chunk_bb79271b66b555df,chunk_bb79271b66b555df,16,mitra.pdf
Method:sopat_image_measurement,Variable:psi_a,MEASURES:1cb2e785c9465fbd,MEASURES,The SOPAT-image-based measurement yields aspect ratio values.,and aspect ratio ... from the SOPAT images,0.8,mitra.pdf p.16 page_text chunk_bb79271b66b555df,chunk_bb79271b66b555df,16,mitra.pdf
Concept:epcc,Chunk:chunk_bb79271b66b555df,EVIDENCED_BY:598385e5af8bea9b,EVIDENCED_BY,supported by chunk,mitra.pdf p.16 page_text chunk_bb79271b66b555df,1.0,mitra.pdf p.16 page_text chunk_bb79271b66b555df,,,
Concept:epcc,Paper:mitra,REPORTED_IN:285b16c3e8b969a3,REPORTED_IN,reported in this paper,mitra.pdf p.16 page_text chunk_bb79271b66b555df,1.0,mitra.pdf p.16 page_text chunk_bb79271b66b555df,,,
Concept:epcc,Document:doc_mitra_p16,REPORTED_IN:0cc95b53bf91a9ee,REPORTED_IN,The chunk introduces EPCC as the metric used to quantify linear correlation.,the empirical Pearson correlation coefficients (EPCC) were considered,0.9,mitra.pdf p.16 page_text chunk_bb79271b66b555df,chunk_bb79271b66b555df,16,mitra.pdf
Concept:epcc,Equation:eq_epcc_9,DERIVED_FROM:87c344636bcfb582,DERIVED_FROM,EPCC is defined by Equation (9).,"EPCC(x,y) = ... , (9)",0.9,mitra.pdf p.16 page_text chunk_bb79271b66b555df,chunk_bb79271b66b555df,16,mitra.pdf
Equation:eq_epcc_9,Chunk:chunk_bb79271b66b555df,EVIDENCED_BY:d1dcc5c9a48c8873,EVIDENCED_BY,supported by chunk,mitra.pdf p.16 page_text chunk_bb79271b66b555df,1.0,mitra.pdf p.16 page_text chunk_bb79271b66b555df,,,
Equation:eq_epcc_9,Paper:mitra,REPORTED_IN:3ad0b6d5cf827f7c,REPORTED_IN,reported in this paper,mitra.pdf p.16 page_text chunk_bb79271b66b555df,1.0,mitra.pdf p.16 page_text chunk_bb79271b66b555df,,,
Equation:eq_epcc_9,Variable:x_mean,MENTIONS:6b4daa66beb705b6,MENTIONS,Equation (9) specifies x as the mean of x values.,where x and y are the means of the x and y values,0.85,mitra.pdf p.16 page_text chunk_bb79271b66b555df,chunk_bb79271b66b555df,16,mitra.pdf
Equation:eq_epcc_9,Variable:y_mean,MENTIONS:9b42261fe4c28390,MENTIONS,Equation (9) specifies y as the mean of y values.,where x and y are the means of the x and y values,0.85,mitra.pdf p.16 page_text chunk_bb79271b66b555df,chunk_bb79271b66b555df,16,mitra.pdf
Equation:eq_epcc_9,Variable:x_i,MENTIONS:0d78fbb4477facce,MENTIONS,Equation (9) uses per-sample x_i values.,∑n i=1 (x_i − x),0.8,mitra.pdf p.16 page_text chunk_bb79271b66b555df,chunk_bb79271b66b555df,16,mitra.pdf
Equation:eq_epcc_9,Variable:y_i,MENTIONS:43c3c6620a5a83d0,MENTIONS,Equation (9) uses per-sample y_i values.,∑n i=1 (y_i − y),0.8,mitra.pdf p.16 page_text chunk_bb79271b66b555df,chunk_bb79271b66b555df,16,mitra.pdf
Variable:x_i,Chunk:chunk_bb79271b66b555df,EVIDENCED_BY:4ecd402d5cfc3141,EVIDENCED_BY,supported by chunk,mitra.pdf p.16 page_text chunk_bb79271b66b555df,1.0,mitra.pdf p.16 page_text chunk_bb79271b66b555df,,,
Variable:x_i,Paper:mitra,REPORTED_IN:b2948bb0144f5e3a,REPORTED_IN,reported in this paper,mitra.pdf p.16 page_text chunk_bb79271b66b555df,1.0,mitra.pdf p.16 page_text chunk_bb79271b66b555df,,,
Variable:x_i,Variable:d_fmax,HAS_DESCRIPTOR:fb3d8b8dc36158e6,HAS_DESCRIPTOR,x_i corresponds to the maximum Feret diameter descriptor for the i-th granule.,x_i represent the maximum Feret diameter,0.85,mitra.pdf p.16 page_text chunk_bb79271b66b555df,chunk_bb79271b66b555df,16,mitra.pdf
Variable:y_i,Chunk:chunk_bb79271b66b555df,EVIDENCED_BY:c6ed459407a03ab4,EVIDENCED_BY,supported by chunk,mitra.pdf p.16 page_text chunk_bb79271b66b555df,1.0,mitra.pdf p.16 page_text chunk_bb79271b66b555df,,,
Variable:y_i,Paper:mitra,REPORTED_IN:a1032f0d460120a3,REPORTED_IN,reported in this paper,mitra.pdf p.16 page_text chunk_bb79271b66b555df,1.0,mitra.pdf p.16 page_text chunk_bb79271b66b555df,,,
Variable:y_i,Variable:psi_a,HAS_DESCRIPTOR:d8b8c76a67c0f91e,HAS_DESCRIPTOR,y_i corresponds to the aspect ratio descriptor for the i-th granule.,and aspect ratio of the i-th granule,0.85,mitra.pdf p.16 page_text chunk_bb79271b66b555df,chunk_bb79271b66b555df,16,mitra.pdf
Variable:x_mean,Chunk:chunk_bb79271b66b555df,EVIDENCED_BY:316a91258c1d53de,EVIDENCED_BY,supported by chunk,mitra.pdf p.16 page_text chunk_bb79271b66b555df,1.0,mitra.pdf p.16 page_text chunk_bb79271b66b555df,,,
Variable:x_mean,Paper:mitra,REPORTED_IN:7403f6b3b3ccf771,REPORTED_IN,reported in this paper,mitra.pdf p.16 equation_candidate chunk_1c86e251de2cb8bc,1.0,mitra.pdf p.16 equation_candidate chunk_1c86e251de2cb8bc,,,
Variable:x_mean,Chunk:chunk_1c86e251de2cb8bc,EVIDENCED_BY:47c4915cfdb9130d,EVIDENCED_BY,supported by chunk,mitra.pdf p.16 equation_candidate chunk_1c86e251de2cb8bc,1.0,mitra.pdf p.16 equation_candidate chunk_1c86e251de2cb8bc,,,
Variable:x_mean,Variable:xi,DERIVED_FROM:343e00ea8454f443,DERIVED_FROM,The mean x is defined as the mean of the x_i values.,"x and y are the means of the x i and y i values, respectively",0.85,mitra.pdf p.16 equation_candidate chunk_1c86e251de2cb8bc,chunk_1c86e251de2cb8bc,16,mitra.pdf
Variable:y_mean,Chunk:chunk_bb79271b66b555df,EVIDENCED_BY:4be465f62dc84232,EVIDENCED_BY,supported by chunk,mitra.pdf p.16 page_text chunk_bb79271b66b555df,1.0,mitra.pdf p.16 page_text chunk_bb79271b66b555df,,,
Variable:y_mean,Paper:mitra,REPORTED_IN:3b5a34c68e4bc0d9,REPORTED_IN,reported in this paper,mitra.pdf p.16 equation_candidate chunk_1c86e251de2cb8bc,1.0,mitra.pdf p.16 equation_candidate chunk_1c86e251de2cb8bc,,,
Variable:y_mean,Chunk:chunk_1c86e251de2cb8bc,EVIDENCED_BY:8d19ff710ac516b5,EVIDENCED_BY,supported by chunk,mitra.pdf p.16 equation_candidate chunk_1c86e251de2cb8bc,1.0,mitra.pdf p.16 equation_candidate chunk_1c86e251de2cb8bc,,,
Variable:y_mean,Variable:yi,DERIVED_FROM:c376887d3c38f21c,DERIVED_FROM,The mean y is defined as the mean of the y_i values.,"x and y are the means of the x i and y i values, respectively",0.85,mitra.pdf p.16 equation_candidate chunk_1c86e251de2cb8bc,chunk_1c86e251de2cb8bc,16,mitra.pdf
Dataset:experiments_f_set,Chunk:chunk_bb79271b66b555df,EVIDENCED_BY:e6871106d63c4211,EVIDENCED_BY,supported by chunk,mitra.pdf p.16 page_text chunk_bb79271b66b555df,1.0,mitra.pdf p.16 page_text chunk_bb79271b66b555df,,,
Dataset:experiments_f_set,Paper:mitra,REPORTED_IN:43a183151cc28219,REPORTED_IN,reported in this paper,mitra.pdf p.16 page_text chunk_bb79271b66b555df,1.0,mitra.pdf p.16 page_text chunk_bb79271b66b555df,,,
Finding:finding_no_linear_corr,Chunk:chunk_bb79271b66b555df,EVIDENCED_BY:a7d8171a41548ab1,EVIDENCED_BY,supported by chunk,mitra.pdf p.16 page_text chunk_bb79271b66b555df,1.0,mitra.pdf p.16 page_text chunk_bb79271b66b555df,,,
Finding:finding_no_linear_corr,Paper:mitra,REPORTED_IN:f9f4c1ee6e8e2f58,REPORTED_IN,reported in this paper,mitra.pdf p.16 page_text chunk_bb79271b66b555df,1.0,mitra.pdf p.16 page_text chunk_bb79271b66b555df,,,
Finding:finding_no_linear_corr,Dataset:experiments_f_set,APPLIES_TO:ae65e31d65a1269a,APPLIES_TO,The near-zero EPCC result is reported for the listed experiments.,"For the experiments F1B2, F2B2, F3B2, F1B1, F1B3, and F1B4",0.85,mitra.pdf p.16 page_text chunk_bb79271b66b555df,chunk_bb79271b66b555df,16,mitra.pdf
Finding:finding_no_linear_corr,Concept:epcc,EVIDENCED_BY:1a07a3b686f3312b,EVIDENCED_BY,Little to no linear correlation is supported by EPCC values close to 0 and below 0.02.,"EPCC had values close to 0 (EPCC < 0.02), indicating little to no linear correlation",0.9,mitra.pdf p.16 page_text chunk_bb79271b66b555df,chunk_bb79271b66b555df,16,mitra.pdf
Finding:finding_no_linear_corr,Variable:d_fmax,MENTIONS:08514a25965ee60b,MENTIONS,The finding concerns maximum Feret diameter as one of the two descriptors.,the granule descriptors d_Fmax and Ψ_A,0.8,mitra.pdf p.16 page_text chunk_bb79271b66b555df,chunk_bb79271b66b555df,16,mitra.pdf
Finding:finding_no_linear_corr,Variable:psi_a,MENTIONS:1b1e57b5746cdfd2,MENTIONS,The finding concerns aspect ratio as one of the two descriptors.,the granule descriptors d_Fmax and Ψ_A,0.8,mitra.pdf p.16 page_text chunk_bb79271b66b555df,chunk_bb79271b66b555df,16,mitra.pdf
Finding:finding_no_linear_corr,Limitation:lim_independence_assumption,SUPPORTS:2cd87cfb9e80da31,SUPPORTS,Near-zero EPCC values are used to justify treating the descriptors as independent (and neglecting dependency modeling).,"observed near-zero EPCC values suggest ... thus, for simplicity, any modeling of their dependency will be neglected",0.85,mitra.pdf p.16 page_text chunk_bb79271b66b555df,chunk_bb79271b66b555df,16,mitra.pdf
Limitation:lim_independence_assumption,Chunk:chunk_bb79271b66b555df,EVIDENCED_BY:4889d33334c5da52,EVIDENCED_BY,supported by chunk,mitra.pdf p.16 page_text chunk_bb79271b66b555df,1.0,mitra.pdf p.16 page_text chunk_bb79271b66b555df,,,
Limitation:lim_independence_assumption,Paper:mitra,REPORTED_IN:d161b6ed19efa557,REPORTED_IN,reported in this paper,mitra.pdf p.16 page_text chunk_bb79271b66b555df,1.0,mitra.pdf p.16 page_text chunk_bb79271b66b555df,,,
Limitation:lim_independence_assumption,Variable:d_fmax,APPLIES_TO:cf9ea506e4c96b44,APPLIES_TO,Independence assumption applies to maximum Feret diameter in the joint modeling.,"maximum Feret diameter and aspect ratio, which are assumed to be independent random variables",0.85,mitra.pdf p.16 page_text chunk_bb79271b66b555df,chunk_bb79271b66b555df,16,mitra.pdf
Limitation:lim_independence_assumption,Variable:psi_a,APPLIES_TO:8f967db590b60eda,APPLIES_TO,Independence assumption applies to aspect ratio in the joint modeling.,"maximum Feret diameter and aspect ratio, which are assumed to be independent random variables",0.85,mitra.pdf p.16 page_text chunk_bb79271b66b555df,chunk_bb79271b66b555df,16,mitra.pdf
Finding:finding_neglect_dependency,Chunk:chunk_bb79271b66b555df,EVIDENCED_BY:b1f7d45f424357af,EVIDENCED_BY,supported by chunk,mitra.pdf p.16 page_text chunk_bb79271b66b555df,1.0,mitra.pdf p.16 page_text chunk_bb79271b66b555df,,,
Finding:finding_neglect_dependency,Paper:mitra,REPORTED_IN:463ff20864cb211e,REPORTED_IN,reported in this paper,mitra.pdf p.16 page_text chunk_bb79271b66b555df,1.0,mitra.pdf p.16 page_text chunk_bb79271b66b555df,,,
Finding:finding_neglect_dependency,Finding:finding_no_linear_corr,DERIVED_FROM:2a063a88743a0881,DERIVED_FROM,The decision to neglect dependency modeling is based on the near-zero correlation observation.,"The observed near-zero EPCC values suggest ... and thus, for simplicity, any modeling of their dependency will be neglected",0.85,mitra.pdf p.16 page_text chunk_bb79271b66b555df,chunk_bb79271b66b555df,16,mitra.pdf
Concept:joint_bivariate_densities,Chunk:chunk_bb79271b66b555df,EVIDENCED_BY:7365f980e232c371,EVIDENCED_BY,supported by chunk,mitra.pdf p.16 page_text chunk_bb79271b66b555df,1.0,mitra.pdf p.16 page_text chunk_bb79271b66b555df,,,
Concept:joint_bivariate_densities,Paper:mitra,REPORTED_IN:8b63397d5b3ac8de,REPORTED_IN,reported in this paper,mitra.pdf p.16 page_text chunk_bb79271b66b555df,1.0,mitra.pdf p.16 page_text chunk_bb79271b66b555df,,,
Concept:joint_bivariate_densities,Limitation:lim_independence_assumption,LIMITED_BY:47f6a331a6a12cdf,LIMITED_BY,The joint predicted probability densities are constructed under an independence assumption.,joint predicted probability densities ... which are assumed to be independent random variables,0.85,mitra.pdf p.16 page_text chunk_bb79271b66b555df,chunk_bb79271b66b555df,16,mitra.pdf
Method:fitted_parametric_densities,Chunk:chunk_bb79271b66b555df,EVIDENCED_BY:c5e492ca9dc7a251,EVIDENCED_BY,supported by chunk,mitra.pdf p.16 page_text chunk_bb79271b66b555df,1.0,mitra.pdf p.16 page_text chunk_bb79271b66b555df,,,
Method:fitted_parametric_densities,Paper:mitra,REPORTED_IN:925a83c6027b02a0,REPORTED_IN,reported in this paper,mitra.pdf p.16 page_text chunk_bb79271b66b555df,1.0,mitra.pdf p.16 page_text chunk_bb79271b66b555df,,,
Method:fitted_parametric_densities,Dataset:experiments_f_set,APPLIES_TO:49f6d82f0f060ca4,APPLIES_TO,Fitted densities are shown for specific experiments in the set.,"the fitted densities for the experiments F1B2, F2B2, F1B3, and F1B4",0.75,mitra.pdf p.16 page_text chunk_bb79271b66b555df,chunk_bb79271b66b555df,16,mitra.pdf
Finding:finding_high_agreement,Chunk:chunk_bb79271b66b555df,EVIDENCED_BY:50c4024c064d044a,EVIDENCED_BY,supported by chunk,mitra.pdf p.16 page_text chunk_bb79271b66b555df,1.0,mitra.pdf p.16 page_text chunk_bb79271b66b555df,,,
Finding:finding_high_agreement,Paper:mitra,REPORTED_IN:da65b8f456f2aaf6,REPORTED_IN,reported in this paper,mitra.pdf p.16 page_text chunk_bb79271b66b555df,1.0,mitra.pdf p.16 page_text chunk_bb79271b66b555df,,,
Finding:finding_high_agreement,Method:fitted_parametric_densities,SUPPORTS:6069db04d9adacc4,SUPPORTS,The chunk reports that fitted parametric densities agree well with measured descriptors.,high agreement of the fitted parametric probability densities with the displayed measured granule descriptors,0.8,mitra.pdf p.16 page_text chunk_bb79271b66b555df,chunk_bb79271b66b555df,16,mitra.pdf
Variable:feed_rate,Chunk:chunk_bb79271b66b555df,EVIDENCED_BY:bcaf5c6115335cdd,EVIDENCED_BY,supported by chunk,mitra.pdf p.16 page_text chunk_bb79271b66b555df,1.0,mitra.pdf p.16 page_text chunk_bb79271b66b555df,,,
Variable:feed_rate,Paper:mitra,REPORTED_IN:caa73c09ab7c0259,REPORTED_IN,reported in this paper,mitra.pdf p.9 page_text chunk_292a513b17ac9374,1.0,mitra.pdf p.9 page_text chunk_292a513b17ac9374,,,
Variable:feed_rate,Concept:joint_bivariate_densities,INFLUENCES:7360648eb05314ad,INFLUENCES,The joint probability densities are shown for specified feed rates as process parameters.,these probability densities are shown for a feed rate of 12.5 mL min−1 ... as well as a feed rate of 11 mL min−1,0.7,mitra.pdf p.16 page_text chunk_bb79271b66b555df,chunk_bb79271b66b555df,16,mitra.pdf
Variable:feed_rate,Chunk:chunk_895bf8c81d74ac37,EVIDENCED_BY:7b5bdbbd8827159a,EVIDENCED_BY,supported by chunk,mitra.pdf p.10 page_text chunk_895bf8c81d74ac37,1.0,mitra.pdf p.10 page_text chunk_895bf8c81d74ac37,,,
Variable:feed_rate,Concept:atomization_process,INFLUENCES:f9923640554474ad,INFLUENCES,Feed rate is investigated for its influence on the atomization process.,influence of feed rate and binder concentration on the atomization process,0.85,mitra.pdf p.10 page_text chunk_895bf8c81d74ac37,chunk_895bf8c81d74ac37,10,mitra.pdf
Variable:feed_rate,Chunk:chunk_07eaf63ef31d9e7c,EVIDENCED_BY:55523d429bf24499,EVIDENCED_BY,supported by chunk,mitra.pdf p.15 page_text chunk_07eaf63ef31d9e7c,1.0,mitra.pdf p.15 page_text chunk_07eaf63ef31d9e7c,,,
Variable:feed_rate,Chunk:chunk_292a513b17ac9374,EVIDENCED_BY:cfb166002641db77,EVIDENCED_BY,supported by chunk,mitra.pdf p.9 page_text chunk_292a513b17ac9374,1.0,mitra.pdf p.9 page_text chunk_292a513b17ac9374,,,
Variable:feed_rate,Concept:size_distribution,INFLUENCES:8dfa002b054b7d14,INFLUENCES,Feed rate is a process parameter whose effect will be compared on granule size distribution.,comparetheeffectsofdifferentprocessparameters(feedrate andbinderconcentration)onthesizedistribution,0.75,mitra.pdf p.9 page_text chunk_292a513b17ac9374,chunk_292a513b17ac9374,9,mitra.pdf
Variable:feed_rate,Concept:shape_uniformity,INFLUENCES:df8d02844ce07613,INFLUENCES,Feed rate is a process parameter whose effect will be compared on granule shape uniformity.,andshapeuniformityofthegranules,0.65,mitra.pdf p.9 page_text chunk_292a513b17ac9374,chunk_292a513b17ac9374,9,mitra.pdf
Variable:binder_concentration,Chunk:chunk_bb79271b66b555df,EVIDENCED_BY:85722b66f80f7ff6,EVIDENCED_BY,supported by chunk,mitra.pdf p.16 page_text chunk_bb79271b66b555df,1.0,mitra.pdf p.16 page_text chunk_bb79271b66b555df,,,
Variable:binder_concentration,Paper:mitra,REPORTED_IN:09046a14f72eb283,REPORTED_IN,reported in this paper,mitra.pdf p.9 page_text chunk_292a513b17ac9374,1.0,mitra.pdf p.9 page_text chunk_292a513b17ac9374,,,
Variable:binder_concentration,Concept:joint_bivariate_densities,INFLUENCES:235983665cef9e8f,INFLUENCES,The joint probability densities are shown for specified binder concentrations as process parameters.,a binder concentration of 0.8 wt% ... and a binder concentration of 2.4 wt%,0.7,mitra.pdf p.16 page_text chunk_bb79271b66b555df,chunk_bb79271b66b555df,16,mitra.pdf
Variable:binder_concentration,Chunk:chunk_895bf8c81d74ac37,EVIDENCED_BY:d1a7c290bb3f36cb,EVIDENCED_BY,supported by chunk,mitra.pdf p.10 page_text chunk_895bf8c81d74ac37,1.0,mitra.pdf p.10 page_text chunk_895bf8c81d74ac37,,,
Variable:binder_concentration,Concept:atomization_process,INFLUENCES:bab1289cf94185a6,INFLUENCES,Binder concentration is investigated for its influence on the atomization process.,influence of feed rate and binder concentration on the atomization process,0.85,mitra.pdf p.10 page_text chunk_895bf8c81d74ac37,chunk_895bf8c81d74ac37,10,mitra.pdf
Variable:binder_concentration,Chunk:chunk_07eaf63ef31d9e7c,EVIDENCED_BY:43cb393489fae676,EVIDENCED_BY,supported by chunk,mitra.pdf p.15 page_text chunk_07eaf63ef31d9e7c,1.0,mitra.pdf p.15 page_text chunk_07eaf63ef31d9e7c,,,
Variable:binder_concentration,Chunk:chunk_292a513b17ac9374,EVIDENCED_BY:880937ee189723bc,EVIDENCED_BY,supported by chunk,mitra.pdf p.9 page_text chunk_292a513b17ac9374,1.0,mitra.pdf p.9 page_text chunk_292a513b17ac9374,,,
Variable:binder_concentration,Concept:size_distribution,INFLUENCES:332cde3954afc27c,INFLUENCES,Binder concentration is a process parameter whose effect will be compared on granule size distribution.,comparetheeffectsofdifferentprocessparameters(feedrate andbinderconcentration)onthesizedistribution,0.75,mitra.pdf p.9 page_text chunk_292a513b17ac9374,chunk_292a513b17ac9374,9,mitra.pdf
Variable:binder_concentration,Concept:shape_uniformity,INFLUENCES:dba805b4e3c87556,INFLUENCES,Binder concentration is a process parameter whose effect will be compared on granule shape uniformity.,andshapeuniformityofthegranules,0.65,mitra.pdf p.9 page_text chunk_292a513b17ac9374,chunk_292a513b17ac9374,9,mitra.pdf
Equation:theta_equals_g_of_z,Chunk:chunk_bb79271b66b555df,EVIDENCED_BY:d545b6755c0e0709,EVIDENCED_BY,supported by chunk,mitra.pdf p.16 page_text chunk_bb79271b66b555df,1.0,mitra.pdf p.16 page_text chunk_bb79271b66b555df,,,
Equation:theta_equals_g_of_z,Paper:mitra,REPORTED_IN:4d61b423e0d74fc7,REPORTED_IN,reported in this paper,mitra.pdf p.16 page_text chunk_bb79271b66b555df,1.0,mitra.pdf p.16 page_text chunk_bb79271b66b555df,,,
Equation:theta_equals_g_of_z,Variable:z_concentration,DERIVED_FROM:86be8cc098fb2aa8,DERIVED_FROM,The model parameters θ are expressed as a function of concentration z.,θ = g(z),0.8,mitra.pdf p.16 page_text chunk_bb79271b66b555df,chunk_bb79271b66b555df,16,mitra.pdf
Variable:z_concentration,Chunk:chunk_bb79271b66b555df,EVIDENCED_BY:d8c43b4f0586de06,EVIDENCED_BY,supported by chunk,mitra.pdf p.16 page_text chunk_bb79271b66b555df,1.0,mitra.pdf p.16 page_text chunk_bb79271b66b555df,,,
Variable:z_concentration,Paper:mitra,REPORTED_IN:b8e382aac34a18af,REPORTED_IN,reported in this paper,mitra.pdf p.16 page_text chunk_bb79271b66b555df,1.0,mitra.pdf p.16 page_text chunk_bb79271b66b555df,,,
Variable:z_concentration,Document:doc_mitra_p16,REPORTED_IN:57be72019dfb32e0,REPORTED_IN,The chunk specifies the range of concentrations z considered.,"arbitrary concentrations z ∈ [0.8, 3.2]",0.8,mitra.pdf p.16 page_text chunk_bb79271b66b555df,chunk_bb79271b66b555df,16,mitra.pdf
Equation:eq_7_8_ref,Chunk:chunk_bb79271b66b555df,EVIDENCED_BY:fb18f06e9139b84f,EVIDENCED_BY,supported by chunk,mitra.pdf p.16 page_text chunk_bb79271b66b555df,1.0,mitra.pdf p.16 page_text chunk_bb79271b66b555df,,,
Equation:eq_7_8_ref,Paper:mitra,REPORTED_IN:1c62e2a27743c943,REPORTED_IN,reported in this paper,mitra.pdf p.16 page_text chunk_bb79271b66b555df,1.0,mitra.pdf p.16 page_text chunk_bb79271b66b555df,,,
Method:prob_density_prediction,Chunk:chunk_bb79271b66b555df,EVIDENCED_BY:45ec10fb912914f0,EVIDENCED_BY,supported by chunk,mitra.pdf p.16 page_text chunk_bb79271b66b555df,1.0,mitra.pdf p.16 page_text chunk_bb79271b66b555df,,,
Method:prob_density_prediction,Paper:mitra,REPORTED_IN:aa5eb2c428df8acd,REPORTED_IN,reported in this paper,mitra.pdf p.16 page_text chunk_bb79271b66b555df,1.0,mitra.pdf p.16 page_text chunk_bb79271b66b555df,,,
Method:prob_density_prediction,Equation:theta_equals_g_of_z,USES:dba509b795b95e6b,USES,Predicted model parameters θ=g(z) are inserted as part of density prediction.,By inserting the predicted model parameters θ = g(z),0.85,mitra.pdf p.16 page_text chunk_bb79271b66b555df,chunk_bb79271b66b555df,16,mitra.pdf
Method:prob_density_prediction,Equation:eq_7_8_ref,USES:755a519e8e4df30e,USES,Density prediction is performed by inserting predicted parameters into Equations (7) and (8).,"into Equations (7) and (8), predictions for the probability densities",0.85,mitra.pdf p.16 page_text chunk_bb79271b66b555df,chunk_bb79271b66b555df,16,mitra.pdf
Chunk:chunk_895bf8c81d74ac37,Paper:mitra,PART_OF:chunk_895bf8c81d74ac37,PART_OF,chunk belongs to paper,mitra.pdf p.10 page_text chunk_895bf8c81d74ac37,1.0,mitra.pdf p.10 page_text chunk_895bf8c81d74ac37,,,
Document:doc_mitra_p10,Chunk:chunk_895bf8c81d74ac37,EVIDENCED_BY:65faf87594d06871,EVIDENCED_BY,supported by chunk,mitra.pdf p.10 page_text chunk_895bf8c81d74ac37,1.0,mitra.pdf p.10 page_text chunk_895bf8c81d74ac37,,,
Document:doc_mitra_p10,Paper:mitra,REPORTED_IN:24c6f0ea55232bf8,REPORTED_IN,reported in this paper,mitra.pdf p.10 page_text chunk_895bf8c81d74ac37,1.0,mitra.pdf p.10 page_text chunk_895bf8c81d74ac37,,,
Document:doc_mitra_p10,Method:mle,MENTIONS:df5e0a659914ad2d,MENTIONS,The document chunk mentions maximum likelihood estimation for parameter fitting.,by means of maximum likelihood estimation,0.95,mitra.pdf p.10 page_text chunk_895bf8c81d74ac37,chunk_895bf8c81d74ac37,10,mitra.pdf
Document:doc_mitra_p10,Instrument:hiwatch_s_ptv,MENTIONS:46b47cd6a471dbac,MENTIONS,The document chunk mentions the HiWatchS-PTV system for droplet data acquisition.,Using the HiWatchS-PTV system,0.95,mitra.pdf p.10 page_text chunk_895bf8c81d74ac37,chunk_895bf8c81d74ac37,10,mitra.pdf
Method:mle,Chunk:chunk_895bf8c81d74ac37,EVIDENCED_BY:767b8c7488beeeca,EVIDENCED_BY,supported by chunk,mitra.pdf p.10 page_text chunk_895bf8c81d74ac37,1.0,mitra.pdf p.10 page_text chunk_895bf8c81d74ac37,,,
Method:mle,Paper:mitra,REPORTED_IN:8a211708f0306983,REPORTED_IN,reported in this paper,mitra.pdf p.10 page_text chunk_895bf8c81d74ac37,1.0,mitra.pdf p.10 page_text chunk_895bf8c81d74ac37,,,
Method:mle,Concept:likelihood_l,USES:fb76d03e0398a4fd,USES,Maximum likelihood estimation determines optimal parameter values by maximizing the likelihood function L.,by means of maximum likelihood estimation... the optimal parameter values... can be determined by maximizing the likelihood function,0.9,mitra.pdf p.10 page_text chunk_895bf8c81d74ac37,chunk_895bf8c81d74ac37,10,mitra.pdf
Concept:likelihood_l,Chunk:chunk_895bf8c81d74ac37,EVIDENCED_BY:2a7107edfa2b4ad7,EVIDENCED_BY,supported by chunk,mitra.pdf p.10 page_text chunk_895bf8c81d74ac37,1.0,mitra.pdf p.10 page_text chunk_895bf8c81d74ac37,,,
Concept:likelihood_l,Paper:mitra,REPORTED_IN:6321717a72a884e0,REPORTED_IN,reported in this paper,mitra.pdf p.10 page_text chunk_895bf8c81d74ac37,1.0,mitra.pdf p.10 page_text chunk_895bf8c81d74ac37,,,
Equation:eq3_likelihood,Chunk:chunk_895bf8c81d74ac37,EVIDENCED_BY:d69c1cefcd955306,EVIDENCED_BY,supported by chunk,mitra.pdf p.10 page_text chunk_895bf8c81d74ac37,1.0,mitra.pdf p.10 page_text chunk_895bf8c81d74ac37,,,
Equation:eq3_likelihood,Paper:mitra,REPORTED_IN:90bdd8a3d08aee99,REPORTED_IN,reported in this paper,mitra.pdf p.10 page_text chunk_895bf8c81d74ac37,1.0,mitra.pdf p.10 page_text chunk_895bf8c81d74ac37,,,
Equation:eq3_likelihood,Concept:likelihood_l,REPORTED_IN:7f3fbc4c80e5de21,REPORTED_IN,Equation (3) reports the mathematical form of the likelihood function L.,"the likelihood function L: Θn →R was considered, which is given by ... (3)",0.9,mitra.pdf p.10 page_text chunk_895bf8c81d74ac37,chunk_895bf8c81d74ac37,10,mitra.pdf
Equation:eq4_argmax,Chunk:chunk_895bf8c81d74ac37,EVIDENCED_BY:730361c5f7d4abdd,EVIDENCED_BY,supported by chunk,mitra.pdf p.10 page_text chunk_895bf8c81d74ac37,1.0,mitra.pdf p.10 page_text chunk_895bf8c81d74ac37,,,
Equation:eq4_argmax,Paper:mitra,REPORTED_IN:d04cd8a1e6bfaa69,REPORTED_IN,reported in this paper,mitra.pdf p.10 page_text chunk_895bf8c81d74ac37,1.0,mitra.pdf p.10 page_text chunk_895bf8c81d74ac37,,,
Equation:eq4_argmax,Method:mle,REPORTED_IN:e28d597c12641cdf,REPORTED_IN,Equation (4) reports the argmax criterion used in maximum likelihood estimation.,"(θ∗,...,θ∗) = argmax L(θ,...,θ ). (4)",0.9,mitra.pdf p.10 page_text chunk_895bf8c81d74ac37,chunk_895bf8c81d74ac37,10,mitra.pdf
Finding:parametric_family_selection,Chunk:chunk_895bf8c81d74ac37,EVIDENCED_BY:9afbe78dcaf1a7e9,EVIDENCED_BY,supported by chunk,mitra.pdf p.10 page_text chunk_895bf8c81d74ac37,1.0,mitra.pdf p.10 page_text chunk_895bf8c81d74ac37,,,
Finding:parametric_family_selection,Paper:mitra,REPORTED_IN:86954fda128cd5dd,REPORTED_IN,reported in this paper,mitra.pdf p.10 page_text chunk_895bf8c81d74ac37,1.0,mitra.pdf p.10 page_text chunk_895bf8c81d74ac37,,,
Finding:parametric_family_selection,Concept:likelihood_l,DERIVED_FROM:0950246d5e50cf2c,DERIVED_FROM,Selecting the best-fitting parametric family is based on comparing maximized likelihood values.,the family leading to the best fit can be identified by choosing the family that yields the largest likelihood value,0.88,mitra.pdf p.10 page_text chunk_895bf8c81d74ac37,chunk_895bf8c81d74ac37,10,mitra.pdf
Concept:prob_density_f,Chunk:chunk_895bf8c81d74ac37,EVIDENCED_BY:382a14fa2aa3be43,EVIDENCED_BY,supported by chunk,mitra.pdf p.10 page_text chunk_895bf8c81d74ac37,1.0,mitra.pdf p.10 page_text chunk_895bf8c81d74ac37,,,
Concept:prob_density_f,Paper:mitra,REPORTED_IN:9d371db3d2bdac62,REPORTED_IN,reported in this paper,mitra.pdf p.10 page_text chunk_895bf8c81d74ac37,1.0,mitra.pdf p.10 page_text chunk_895bf8c81d74ac37,,,
Concept:prob_density_f,Descriptor:descriptor_under_consideration,APPLIES_TO:2432a1265bbc4954,APPLIES_TO,The probability density being modeled is for the descriptor under consideration.,predict the probability density of the descriptor under consideration,0.82,mitra.pdf p.10 page_text chunk_895bf8c81d74ac37,chunk_895bf8c81d74ac37,10,mitra.pdf
Descriptor:descriptor_under_consideration,Chunk:chunk_895bf8c81d74ac37,EVIDENCED_BY:8f57792baaeaccdd,EVIDENCED_BY,supported by chunk,mitra.pdf p.10 page_text chunk_895bf8c81d74ac37,1.0,mitra.pdf p.10 page_text chunk_895bf8c81d74ac37,,,
Descriptor:descriptor_under_consideration,Paper:mitra,REPORTED_IN:efb8cfa8630104e8,REPORTED_IN,reported in this paper,mitra.pdf p.10 page_text chunk_895bf8c81d74ac37,1.0,mitra.pdf p.10 page_text chunk_895bf8c81d74ac37,,,
Variable:process_parameter_z,Chunk:chunk_895bf8c81d74ac37,EVIDENCED_BY:9b459ccd18d6f8b1,EVIDENCED_BY,supported by chunk,mitra.pdf p.10 page_text chunk_895bf8c81d74ac37,1.0,mitra.pdf p.10 page_text chunk_895bf8c81d74ac37,,,
Variable:process_parameter_z,Paper:mitra,REPORTED_IN:d8d7792aead3771d,REPORTED_IN,reported in this paper,mitra.pdf p.15 page_text chunk_07eaf63ef31d9e7c,1.0,mitra.pdf p.15 page_text chunk_07eaf63ef31d9e7c,,,
Variable:process_parameter_z,Chunk:chunk_07eaf63ef31d9e7c,EVIDENCED_BY:fa0b1d3158b1813a,EVIDENCED_BY,supported by chunk,mitra.pdf p.15 page_text chunk_07eaf63ef31d9e7c,1.0,mitra.pdf p.15 page_text chunk_07eaf63ef31d9e7c,,,
Variable:process_parameter_z,Variable:feed_rate,HAS_DESCRIPTOR:0ee94f1967fca6fb,HAS_DESCRIPTOR,"In the F series, the process parameter z corresponds to feed rate.",the process parameters z (the feedrate in the F series,0.88,mitra.pdf p.15 page_text chunk_07eaf63ef31d9e7c,chunk_07eaf63ef31d9e7c,15,mitra.pdf
Variable:process_parameter_z,Variable:binder_concentration,HAS_DESCRIPTOR:b95b693c9a97183e,HAS_DESCRIPTOR,"In the B series, the process parameter z corresponds to binder concentration.",and the binder concentration in the B series),0.88,mitra.pdf p.15 page_text chunk_07eaf63ef31d9e7c,chunk_07eaf63ef31d9e7c,15,mitra.pdf
Method:regression_g,Chunk:chunk_895bf8c81d74ac37,EVIDENCED_BY:960fb347d450b53b,EVIDENCED_BY,supported by chunk,mitra.pdf p.10 page_text chunk_895bf8c81d74ac37,1.0,mitra.pdf p.10 page_text chunk_895bf8c81d74ac37,,,
Method:regression_g,Paper:mitra,REPORTED_IN:31d2467522e720a7,REPORTED_IN,reported in this paper,mitra.pdf p.10 page_text chunk_895bf8c81d74ac37,1.0,mitra.pdf p.10 page_text chunk_895bf8c81d74ac37,,,
Method:regression_g,Variable:process_parameter_z,USES:6d4a73b86e845b99,USES,The regression function g uses the process parameter z as input to predict model parameters.,"a parametric regression function, g: R → Θ... maps the process parameter z ∈ R to a model parameter",0.9,mitra.pdf p.10 page_text chunk_895bf8c81d74ac37,chunk_895bf8c81d74ac37,10,mitra.pdf
Method:regression_g,Variable:theta,MEASURES:0d91011ff9ebce56,MEASURES,The regression function g outputs the model parameter θ for the desired probability density.,θ = g(z) ∈ Θ,0.85,mitra.pdf p.10 page_text chunk_895bf8c81d74ac37,chunk_895bf8c81d74ac37,10,mitra.pdf
Variable:theta,Chunk:chunk_895bf8c81d74ac37,EVIDENCED_BY:ffb22e69e642376c,EVIDENCED_BY,supported by chunk,mitra.pdf p.10 page_text chunk_895bf8c81d74ac37,1.0,mitra.pdf p.10 page_text chunk_895bf8c81d74ac37,,,
Variable:theta,Paper:mitra,REPORTED_IN:18d3d0893d4bffbd,REPORTED_IN,reported in this paper,mitra.pdf p.10 page_text chunk_895bf8c81d74ac37,1.0,mitra.pdf p.10 page_text chunk_895bf8c81d74ac37,,,
Variable:theta,Concept:prob_density_f,HAS_PROPERTY:1138053f3219a506,HAS_PROPERTY,θ is a parameter of the desired probability density f.,"a model parameter, θ = g(z) ∈ Θ, of the desired probability density, f",0.85,mitra.pdf p.10 page_text chunk_895bf8c81d74ac37,chunk_895bf8c81d74ac37,10,mitra.pdf
Method:linear_regression,Chunk:chunk_895bf8c81d74ac37,EVIDENCED_BY:b65ffad4d835a25f,EVIDENCED_BY,supported by chunk,mitra.pdf p.10 page_text chunk_895bf8c81d74ac37,1.0,mitra.pdf p.10 page_text chunk_895bf8c81d74ac37,,,
Method:linear_regression,Paper:mitra,REPORTED_IN:0ee24c524bef8532,REPORTED_IN,reported in this paper,mitra.pdf p.10 page_text chunk_895bf8c81d74ac37,1.0,mitra.pdf p.10 page_text chunk_895bf8c81d74ac37,,,
Method:linear_regression,Method:regression_g,PART_OF:7d1f4ac85c1f338d,PART_OF,"In the paper, g is taken to be a linear regression function.","In the present paper, a linear regression function, g, is considered",0.86,mitra.pdf p.10 page_text chunk_895bf8c81d74ac37,chunk_895bf8c81d74ac37,10,mitra.pdf
Method:linear_regression,Variable:a_param,USES:3509aabc64b5359a,USES,The linear regression function includes parameter a that must be fitted to data.,"where a,b ∈ Rm are parameters that have to be fitted to data",0.9,mitra.pdf p.10 page_text chunk_895bf8c81d74ac37,chunk_895bf8c81d74ac37,10,mitra.pdf
Method:linear_regression,Variable:b_param,USES:5612760c6c14d23e,USES,The linear regression function includes parameter b that must be fitted to data.,"where a,b ∈ Rm are parameters that have to be fitted to data",0.9,mitra.pdf p.10 page_text chunk_895bf8c81d74ac37,chunk_895bf8c81d74ac37,10,mitra.pdf
Equation:eq5_linear_g,Chunk:chunk_895bf8c81d74ac37,EVIDENCED_BY:7e0220051dcce9bd,EVIDENCED_BY,supported by chunk,mitra.pdf p.10 page_text chunk_895bf8c81d74ac37,1.0,mitra.pdf p.10 page_text chunk_895bf8c81d74ac37,,,
Equation:eq5_linear_g,Paper:mitra,REPORTED_IN:326dd0d6d0e1b834,REPORTED_IN,reported in this paper,mitra.pdf p.10 page_text chunk_895bf8c81d74ac37,1.0,mitra.pdf p.10 page_text chunk_895bf8c81d74ac37,,,
Equation:eq5_linear_g,Method:linear_regression,REPORTED_IN:27ea07e46282b6fd,REPORTED_IN,Equation (5) reports the linear form of the regression function g.,"given by g(z) = a·z+b, (5)",0.92,mitra.pdf p.10 page_text chunk_895bf8c81d74ac37,chunk_895bf8c81d74ac37,10,mitra.pdf
Variable:a_param,Chunk:chunk_895bf8c81d74ac37,EVIDENCED_BY:fb6701ae698eee89,EVIDENCED_BY,supported by chunk,mitra.pdf p.10 page_text chunk_895bf8c81d74ac37,1.0,mitra.pdf p.10 page_text chunk_895bf8c81d74ac37,,,
Variable:a_param,Paper:mitra,REPORTED_IN:aac550dca65684de,REPORTED_IN,reported in this paper,mitra.pdf p.10 page_text chunk_895bf8c81d74ac37,1.0,mitra.pdf p.10 page_text chunk_895bf8c81d74ac37,,,
Variable:b_param,Chunk:chunk_895bf8c81d74ac37,EVIDENCED_BY:65d93c17fca0504e,EVIDENCED_BY,supported by chunk,mitra.pdf p.10 page_text chunk_895bf8c81d74ac37,1.0,mitra.pdf p.10 page_text chunk_895bf8c81d74ac37,,,
Variable:b_param,Paper:mitra,REPORTED_IN:8607434a602422c9,REPORTED_IN,reported in this paper,mitra.pdf p.10 page_text chunk_895bf8c81d74ac37,1.0,mitra.pdf p.10 page_text chunk_895bf8c81d74ac37,,,
Method:mse_regression,Chunk:chunk_895bf8c81d74ac37,EVIDENCED_BY:0d179277c604dcd7,EVIDENCED_BY,supported by chunk,mitra.pdf p.10 page_text chunk_895bf8c81d74ac37,1.0,mitra.pdf p.10 page_text chunk_895bf8c81d74ac37,,,
Method:mse_regression,Paper:mitra,REPORTED_IN:bdba03c3808d1c27,REPORTED_IN,reported in this paper,mitra.pdf p.10 equation_candidate chunk_295840f7d0018374,1.0,mitra.pdf p.10 equation_candidate chunk_295840f7d0018374,,,
Method:mse_regression,Method:linear_regression,USES:0f59e22f19cecbd9,USES,Mean-squared-error-based regression is used to fit the linear regression parameters.,"optimal parameter values, a∗, b∗... are determined by means of a mean-squared error-based regression",0.9,mitra.pdf p.10 page_text chunk_895bf8c81d74ac37,chunk_895bf8c81d74ac37,10,mitra.pdf
Method:mse_regression,Chunk:chunk_295840f7d0018374,EVIDENCED_BY:cb8bf58d80c4dddc,EVIDENCED_BY,supported by chunk,mitra.pdf p.10 equation_candidate chunk_295840f7d0018374,1.0,mitra.pdf p.10 equation_candidate chunk_295840f7d0018374,,,
Method:mse_regression,Equation:eq6_argmin_mse,EVIDENCED_BY:6eb626ed1d4147ad,EVIDENCED_BY,The mean-squared error-based regression is expressed by Equation (6).,"determined by means of a mean-squared error- based regression ... i.e., ( a ∗ , b ∗ ) = argmin",0.85,mitra.pdf p.10 equation_candidate chunk_295840f7d0018374,chunk_295840f7d0018374,10,mitra.pdf
Method:mse_regression,Variable:param_a,USES:33c86308af4332a8,USES,The regression fits parameter a in R^m.,"where a , b ∈ R m are parameters that have to be fitted to data",0.85,mitra.pdf p.10 equation_candidate chunk_295840f7d0018374,chunk_295840f7d0018374,10,mitra.pdf
Method:mse_regression,Variable:param_b,USES:6ab0527404ca7ab8,USES,The regression fits parameter b in R^m.,"where a , b ∈ R m are parameters that have to be fitted to data",0.85,mitra.pdf p.10 equation_candidate chunk_295840f7d0018374,chunk_295840f7d0018374,10,mitra.pdf
Equation:eq6_mse,Chunk:chunk_895bf8c81d74ac37,EVIDENCED_BY:43903ce47fad1825,EVIDENCED_BY,supported by chunk,mitra.pdf p.10 page_text chunk_895bf8c81d74ac37,1.0,mitra.pdf p.10 page_text chunk_895bf8c81d74ac37,,,
Equation:eq6_mse,Paper:mitra,REPORTED_IN:272d0d89e61fd5e3,REPORTED_IN,reported in this paper,mitra.pdf p.10 page_text chunk_895bf8c81d74ac37,1.0,mitra.pdf p.10 page_text chunk_895bf8c81d74ac37,,,
Equation:eq6_mse,Method:mse_regression,REPORTED_IN:3796e5c948718392,REPORTED_IN,Equation (6) reports the objective minimized in the MSE-based regression for a and b.,"(a∗,b∗) = argmin ... ∑ (g(zi)−θi∗)2. (6)",0.92,mitra.pdf p.10 page_text chunk_895bf8c81d74ac37,chunk_895bf8c81d74ac37,10,mitra.pdf
Descriptor:droplet_size_distribution,Chunk:chunk_895bf8c81d74ac37,EVIDENCED_BY:37314857e3abc028,EVIDENCED_BY,supported by chunk,mitra.pdf p.10 page_text chunk_895bf8c81d74ac37,1.0,mitra.pdf p.10 page_text chunk_895bf8c81d74ac37,,,
Descriptor:droplet_size_distribution,Paper:mitra,REPORTED_IN:51c0e4cd9cfe5e56,REPORTED_IN,reported in this paper,mitra.pdf p.10 page_text chunk_895bf8c81d74ac37,1.0,mitra.pdf p.10 page_text chunk_895bf8c81d74ac37,,,
Descriptor:droplet_size_distribution,Concept:atomization_process,EVIDENCED_BY:10c0333e81082530,EVIDENCED_BY,Droplet size distributions are analyzed to understand the atomization process under different process parameters.,the size... distributions of the droplets... under different values of the concerned process parameters were analyzed,0.8,mitra.pdf p.10 page_text chunk_895bf8c81d74ac37,chunk_895bf8c81d74ac37,10,mitra.pdf
Descriptor:droplet_velocity_distribution,Chunk:chunk_895bf8c81d74ac37,EVIDENCED_BY:4f951dd5c06e13ad,EVIDENCED_BY,supported by chunk,mitra.pdf p.10 page_text chunk_895bf8c81d74ac37,1.0,mitra.pdf p.10 page_text chunk_895bf8c81d74ac37,,,
Descriptor:droplet_velocity_distribution,Paper:mitra,REPORTED_IN:72dde661e9b059a2,REPORTED_IN,reported in this paper,mitra.pdf p.10 page_text chunk_895bf8c81d74ac37,1.0,mitra.pdf p.10 page_text chunk_895bf8c81d74ac37,,,
Descriptor:droplet_velocity_distribution,Concept:atomization_process,EVIDENCED_BY:bfa06c4fa693b382,EVIDENCED_BY,Droplet velocity distributions are analyzed to understand the atomization process under different process parameters.,the size and velocity distributions of the droplets... under different values of the concerned process parameters were analyzed,0.8,mitra.pdf p.10 page_text chunk_895bf8c81d74ac37,chunk_895bf8c81d74ac37,10,mitra.pdf
Concept:atomization_process,Chunk:chunk_895bf8c81d74ac37,EVIDENCED_BY:67db6a49f23a2af1,EVIDENCED_BY,supported by chunk,mitra.pdf p.10 page_text chunk_895bf8c81d74ac37,1.0,mitra.pdf p.10 page_text chunk_895bf8c81d74ac37,,,
Concept:atomization_process,Paper:mitra,REPORTED_IN:79c7d734f601ec62,REPORTED_IN,reported in this paper,mitra.pdf p.10 page_text chunk_895bf8c81d74ac37,1.0,mitra.pdf p.10 page_text chunk_895bf8c81d74ac37,,,
Instrument:two_fluid_nozzle,Chunk:chunk_895bf8c81d74ac37,EVIDENCED_BY:26f416f6ddf96b1d,EVIDENCED_BY,supported by chunk,mitra.pdf p.10 page_text chunk_895bf8c81d74ac37,1.0,mitra.pdf p.10 page_text chunk_895bf8c81d74ac37,,,
Instrument:two_fluid_nozzle,Paper:mitra,REPORTED_IN:bdac5073048827f7,REPORTED_IN,reported in this paper,mitra.pdf p.10 page_text chunk_895bf8c81d74ac37,1.0,mitra.pdf p.10 page_text chunk_895bf8c81d74ac37,,,
Instrument:two_fluid_nozzle,Concept:atomization_process,PART_OF:c895935d96990bb5,PART_OF,Droplets are produced via the two-fluid nozzle as part of the atomization process studied.,droplets produced via the two-fluid nozzle,0.8,mitra.pdf p.10 page_text chunk_895bf8c81d74ac37,chunk_895bf8c81d74ac37,10,mitra.pdf
Instrument:hiwatch_s_ptv,Chunk:chunk_895bf8c81d74ac37,EVIDENCED_BY:fd3133b5c8e10a44,EVIDENCED_BY,supported by chunk,mitra.pdf p.10 page_text chunk_895bf8c81d74ac37,1.0,mitra.pdf p.10 page_text chunk_895bf8c81d74ac37,,,
Instrument:hiwatch_s_ptv,Paper:mitra,REPORTED_IN:6ab0085188e9d73c,REPORTED_IN,reported in this paper,mitra.pdf p.10 page_text chunk_895bf8c81d74ac37,1.0,mitra.pdf p.10 page_text chunk_895bf8c81d74ac37,,,
Instrument:hiwatch_s_ptv,Dataset:droplet_dataset_cases,USES:2246e0281b3a8899,USES,The HiWatchS-PTV system is used to obtain droplet data for selected representative experimental cases.,Using the HiWatchS-PTV system... droplet data for selected representative experimental cases were obtained,0.9,mitra.pdf p.10 page_text chunk_895bf8c81d74ac37,chunk_895bf8c81d74ac37,10,mitra.pdf
Dataset:droplet_dataset_cases,Chunk:chunk_895bf8c81d74ac37,EVIDENCED_BY:291a6035bcc833c2,EVIDENCED_BY,supported by chunk,mitra.pdf p.10 page_text chunk_895bf8c81d74ac37,1.0,mitra.pdf p.10 page_text chunk_895bf8c81d74ac37,,,
Dataset:droplet_dataset_cases,Paper:mitra,REPORTED_IN:12131fb98d8756a1,REPORTED_IN,reported in this paper,mitra.pdf p.10 page_text chunk_895bf8c81d74ac37,1.0,mitra.pdf p.10 page_text chunk_895bf8c81d74ac37,,,
Dataset:droplet_dataset_cases,Dataset:case_f1b1,PART_OF:06af75baa9cef288,PART_OF,F1B1 is one of the representative experimental cases in the droplet dataset.,a low feedrate with a low binder (F1B1),0.88,mitra.pdf p.10 page_text chunk_895bf8c81d74ac37,chunk_895bf8c81d74ac37,10,mitra.pdf
Dataset:droplet_dataset_cases,Dataset:case_f1b2,PART_OF:a9c4224a3339a545,PART_OF,F1B2 is one of the representative experimental cases in the droplet dataset.,a low feed rate with a high binder (F1B2),0.88,mitra.pdf p.10 page_text chunk_895bf8c81d74ac37,chunk_895bf8c81d74ac37,10,mitra.pdf
Dataset:droplet_dataset_cases,Dataset:case_f2b2,PART_OF:668495e513e60cbe,PART_OF,F2B2 is one of the representative experimental cases in the droplet dataset.,a high feedrate with a high binder (F2B2),0.88,mitra.pdf p.10 page_text chunk_895bf8c81d74ac37,chunk_895bf8c81d74ac37,10,mitra.pdf
Dataset:case_f1b1,Chunk:chunk_895bf8c81d74ac37,EVIDENCED_BY:9e7e7a7e4119478e,EVIDENCED_BY,supported by chunk,mitra.pdf p.10 page_text chunk_895bf8c81d74ac37,1.0,mitra.pdf p.10 page_text chunk_895bf8c81d74ac37,,,
Dataset:case_f1b1,Paper:mitra,REPORTED_IN:4eb072750daad720,REPORTED_IN,reported in this paper,mitra.pdf p.10 page_text chunk_895bf8c81d74ac37,1.0,mitra.pdf p.10 page_text chunk_895bf8c81d74ac37,,,
Dataset:case_f1b2,Chunk:chunk_895bf8c81d74ac37,EVIDENCED_BY:4c9704ffeb6fc7ad,EVIDENCED_BY,supported by chunk,mitra.pdf p.10 page_text chunk_895bf8c81d74ac37,1.0,mitra.pdf p.10 page_text chunk_895bf8c81d74ac37,,,
Dataset:case_f1b2,Paper:mitra,REPORTED_IN:9e439806095ef86c,REPORTED_IN,reported in this paper,mitra.pdf p.10 page_text chunk_895bf8c81d74ac37,1.0,mitra.pdf p.10 page_text chunk_895bf8c81d74ac37,,,
Dataset:case_f2b2,Chunk:chunk_895bf8c81d74ac37,EVIDENCED_BY:e48e8014068b560a,EVIDENCED_BY,supported by chunk,mitra.pdf p.10 page_text chunk_895bf8c81d74ac37,1.0,mitra.pdf p.10 page_text chunk_895bf8c81d74ac37,,,
Dataset:case_f2b2,Paper:mitra,REPORTED_IN:d2cc613e3783a72c,REPORTED_IN,reported in this paper,mitra.pdf p.10 page_text chunk_895bf8c81d74ac37,1.0,mitra.pdf p.10 page_text chunk_895bf8c81d74ac37,,,
Chunk:chunk_07eaf63ef31d9e7c,Paper:mitra,PART_OF:chunk_07eaf63ef31d9e7c,PART_OF,chunk belongs to paper,mitra.pdf p.15 page_text chunk_07eaf63ef31d9e7c,1.0,mitra.pdf p.15 page_text chunk_07eaf63ef31d9e7c,,,
Document:mitra_p15_chunk_07eaf63ef31d9e7c,Chunk:chunk_07eaf63ef31d9e7c,EVIDENCED_BY:0f0d6cc49c13033b,EVIDENCED_BY,supported by chunk,mitra.pdf p.15 page_text chunk_07eaf63ef31d9e7c,1.0,mitra.pdf p.15 page_text chunk_07eaf63ef31d9e7c,,,
Document:mitra_p15_chunk_07eaf63ef31d9e7c,Paper:mitra,REPORTED_IN:2b09479e26024767,REPORTED_IN,reported in this paper,mitra.pdf p.15 page_text chunk_07eaf63ef31d9e7c,1.0,mitra.pdf p.15 page_text chunk_07eaf63ef31d9e7c,,,
Document:mitra_p15_chunk_07eaf63ef31d9e7c,Method:regression_procedure_sec2_7,MENTIONS:a901001e63199ed8,MENTIONS,The document chunk mentions applying a regression procedure to predict descriptor distributions.,By applying the regression procedure described in Section 2.7,0.9,mitra.pdf p.15 page_text chunk_07eaf63ef31d9e7c,chunk_07eaf63ef31d9e7c,15,mitra.pdf
Method:regression_procedure_sec2_7,Chunk:chunk_07eaf63ef31d9e7c,EVIDENCED_BY:61b2f233df8cd1e4,EVIDENCED_BY,supported by chunk,mitra.pdf p.15 page_text chunk_07eaf63ef31d9e7c,1.0,mitra.pdf p.15 page_text chunk_07eaf63ef31d9e7c,,,
Method:regression_procedure_sec2_7,Paper:mitra,REPORTED_IN:386b91bcf2cc1abf,REPORTED_IN,reported in this paper,mitra.pdf p.15 page_text chunk_07eaf63ef31d9e7c,1.0,mitra.pdf p.15 page_text chunk_07eaf63ef31d9e7c,,,
Method:regression_procedure_sec2_7,Dataset:f_series,USES:f8ee7fe77a1c3661,USES,The regression procedure is applied to the F series.,By applying the regression procedure described in Section 2.7 to the F series,0.86,mitra.pdf p.15 page_text chunk_07eaf63ef31d9e7c,chunk_07eaf63ef31d9e7c,15,mitra.pdf
Method:regression_procedure_sec2_7,Dataset:b_series,USES:c60fd81afe5f8555,USES,The regression procedure is applied to the B series.,and B series,0.8,mitra.pdf p.15 page_text chunk_07eaf63ef31d9e7c,chunk_07eaf63ef31d9e7c,15,mitra.pdf
Method:regression_procedure_sec2_7,Limitation:unmeasured_process_parameters,APPLIES_TO:699020aec48fbad1,APPLIES_TO,The regression procedure is used to predict descriptor probability densities for process parameters without prior measurements.,"for process parameters can be predicted, for which no measurements have been conducted yet",0.83,mitra.pdf p.15 page_text chunk_07eaf63ef31d9e7c,chunk_07eaf63ef31d9e7c,15,mitra.pdf
Dataset:f_series,Chunk:chunk_07eaf63ef31d9e7c,EVIDENCED_BY:1008c5f0f39398e5,EVIDENCED_BY,supported by chunk,mitra.pdf p.15 page_text chunk_07eaf63ef31d9e7c,1.0,mitra.pdf p.15 page_text chunk_07eaf63ef31d9e7c,,,
Dataset:f_series,Paper:mitra,REPORTED_IN:c555c32bfb1831de,REPORTED_IN,reported in this paper,mitra.pdf p.15 page_text chunk_07eaf63ef31d9e7c,1.0,mitra.pdf p.15 page_text chunk_07eaf63ef31d9e7c,,,
Dataset:f_series,Variable:feed_rate,HAS_DESCRIPTOR:661cfd0c7838af2f,HAS_DESCRIPTOR,The F series is characterized by varying feed rate.,F series (varying feedrate),0.85,mitra.pdf p.15 page_text chunk_07eaf63ef31d9e7c,chunk_07eaf63ef31d9e7c,15,mitra.pdf
Dataset:b_series,Chunk:chunk_07eaf63ef31d9e7c,EVIDENCED_BY:d0fd79ea398fc7f9,EVIDENCED_BY,supported by chunk,mitra.pdf p.15 page_text chunk_07eaf63ef31d9e7c,1.0,mitra.pdf p.15 page_text chunk_07eaf63ef31d9e7c,,,
Dataset:b_series,Paper:mitra,REPORTED_IN:b00536ca692c5d5d,REPORTED_IN,reported in this paper,mitra.pdf p.15 page_text chunk_07eaf63ef31d9e7c,1.0,mitra.pdf p.15 page_text chunk_07eaf63ef31d9e7c,,,
Dataset:b_series,Variable:binder_concentration,HAS_DESCRIPTOR:dd857f25136cbf92,HAS_DESCRIPTOR,The B series is characterized by varying binder concentration.,B series (varying binder concentration),0.85,mitra.pdf p.15 page_text chunk_07eaf63ef31d9e7c,chunk_07eaf63ef31d9e7c,15,mitra.pdf
Variable:descriptor_d_fmax,Chunk:chunk_07eaf63ef31d9e7c,EVIDENCED_BY:5544a9b03e7f8ac0,EVIDENCED_BY,supported by chunk,mitra.pdf p.15 page_text chunk_07eaf63ef31d9e7c,1.0,mitra.pdf p.15 page_text chunk_07eaf63ef31d9e7c,,,
Variable:descriptor_d_fmax,Paper:mitra,REPORTED_IN:e44a419904e5f284,REPORTED_IN,reported in this paper,mitra.pdf p.15 page_text chunk_07eaf63ef31d9e7c,1.0,mitra.pdf p.15 page_text chunk_07eaf63ef31d9e7c,,,
Variable:descriptor_psi_a,Chunk:chunk_07eaf63ef31d9e7c,EVIDENCED_BY:740c44f8169511a8,EVIDENCED_BY,supported by chunk,mitra.pdf p.15 page_text chunk_07eaf63ef31d9e7c,1.0,mitra.pdf p.15 page_text chunk_07eaf63ef31d9e7c,,,
Variable:descriptor_psi_a,Paper:mitra,REPORTED_IN:c05cf907bff34e02,REPORTED_IN,reported in this paper,mitra.pdf p.15 page_text chunk_07eaf63ef31d9e7c,1.0,mitra.pdf p.15 page_text chunk_07eaf63ef31d9e7c,,,
Variable:model_parameters_theta,Chunk:chunk_07eaf63ef31d9e7c,EVIDENCED_BY:d57d9f8002878416,EVIDENCED_BY,supported by chunk,mitra.pdf p.15 page_text chunk_07eaf63ef31d9e7c,1.0,mitra.pdf p.15 page_text chunk_07eaf63ef31d9e7c,,,
Variable:model_parameters_theta,Paper:mitra,REPORTED_IN:b09273956b380d30,REPORTED_IN,reported in this paper,mitra.pdf p.9 page_text chunk_292a513b17ac9374,1.0,mitra.pdf p.9 page_text chunk_292a513b17ac9374,,,
Variable:model_parameters_theta,Dataset:f_series,DERIVED_FROM:e3b642b9ef2187b0,DERIVED_FROM,Model parameters θ correspond to probability densities from conducted experiments in the F series.,of the corresponding probability densities of the conducted experiments,0.74,mitra.pdf p.15 page_text chunk_07eaf63ef31d9e7c,chunk_07eaf63ef31d9e7c,15,mitra.pdf
Variable:model_parameters_theta,Dataset:b_series,DERIVED_FROM:aa79fcaa71d73420,DERIVED_FROM,Model parameters θ correspond to probability densities from conducted experiments in the B series.,of the corresponding probability densities of the conducted experiments,0.74,mitra.pdf p.15 page_text chunk_07eaf63ef31d9e7c,chunk_07eaf63ef31d9e7c,15,mitra.pdf
Variable:model_parameters_theta,Chunk:chunk_292a513b17ac9374,EVIDENCED_BY:fb1fdd25c8cb358b,EVIDENCED_BY,supported by chunk,mitra.pdf p.9 page_text chunk_292a513b17ac9374,1.0,mitra.pdf p.9 page_text chunk_292a513b17ac9374,,,
Method:regression_function_g,Chunk:chunk_07eaf63ef31d9e7c,EVIDENCED_BY:0e62d89f042c16e1,EVIDENCED_BY,supported by chunk,mitra.pdf p.15 page_text chunk_07eaf63ef31d9e7c,1.0,mitra.pdf p.15 page_text chunk_07eaf63ef31d9e7c,,,
Method:regression_function_g,Paper:mitra,REPORTED_IN:7142d298b7b40061,REPORTED_IN,reported in this paper,mitra.pdf p.15 page_text chunk_07eaf63ef31d9e7c,1.0,mitra.pdf p.15 page_text chunk_07eaf63ef31d9e7c,,,
Method:regression_function_g,Equation:equation_5,DERIVED_FROM:71df2a7a3ade514f,DERIVED_FROM,Regression function g is referenced as being given by Equation (5).,function g (see Equations (5) and (6)),0.72,mitra.pdf p.15 page_text chunk_07eaf63ef31d9e7c,chunk_07eaf63ef31d9e7c,15,mitra.pdf
Method:regression_function_g,Equation:equation_6,DERIVED_FROM:16636ff0d2eaa275,DERIVED_FROM,Regression function g is referenced as being given by Equation (6).,function g (see Equations (5) and (6)),0.72,mitra.pdf p.15 page_text chunk_07eaf63ef31d9e7c,chunk_07eaf63ef31d9e7c,15,mitra.pdf
Method:regression_function_g,Variable:process_parameter_z,USES:53cf35cecf6ea5da,USES,The regression function uses process parameter z as input to capture relationships.,capture the relationship between the process parameters z,0.84,mitra.pdf p.15 page_text chunk_07eaf63ef31d9e7c,chunk_07eaf63ef31d9e7c,15,mitra.pdf
Method:regression_function_g,Variable:model_parameters_theta,AFFECTS:9044dfe3884ef963,AFFECTS,The regression function is fitted to model how z relates to model parameters θ of the probability densities.,capture the relationship between the process parameters z ... and the model parameters θ,0.83,mitra.pdf p.15 page_text chunk_07eaf63ef31d9e7c,chunk_07eaf63ef31d9e7c,15,mitra.pdf
Method:regression_function_g,Descriptor:feed_rate_range_11_20,APPLIES_TO:2b6d61ed4f965c25,APPLIES_TO,"The F-series regression function is stated to predict distributions for arbitrary feed rate values in z ∈ [11,20].","an arbitrary feedrate in z ∈ [11,20]",0.78,mitra.pdf p.15 page_text chunk_07eaf63ef31d9e7c,chunk_07eaf63ef31d9e7c,15,mitra.pdf
Method:regression_function_g,Descriptor:binder_concentration_fixed_0_8wtpct,APPLIES_TO:9fbfbf22ab0d96ec,APPLIES_TO,The F-series regression prediction is stated for a fixed binder concentration of 0.8 wt%.,a fixed binder concentration of 0.8 wt%,0.78,mitra.pdf p.15 page_text chunk_07eaf63ef31d9e7c,chunk_07eaf63ef31d9e7c,15,mitra.pdf
Equation:equation_5,Chunk:chunk_07eaf63ef31d9e7c,EVIDENCED_BY:3d2a4978e715ce03,EVIDENCED_BY,supported by chunk,mitra.pdf p.15 page_text chunk_07eaf63ef31d9e7c,1.0,mitra.pdf p.15 page_text chunk_07eaf63ef31d9e7c,,,
Equation:equation_5,Paper:mitra,REPORTED_IN:bbed26892a3ebc2f,REPORTED_IN,reported in this paper,mitra.pdf p.15 page_text chunk_07eaf63ef31d9e7c,1.0,mitra.pdf p.15 page_text chunk_07eaf63ef31d9e7c,,,
Equation:equation_6,Chunk:chunk_07eaf63ef31d9e7c,EVIDENCED_BY:d6930babea96cef0,EVIDENCED_BY,supported by chunk,mitra.pdf p.15 page_text chunk_07eaf63ef31d9e7c,1.0,mitra.pdf p.15 page_text chunk_07eaf63ef31d9e7c,,,
Equation:equation_6,Paper:mitra,REPORTED_IN:5c7186ccb638bbae,REPORTED_IN,reported in this paper,mitra.pdf p.15 page_text chunk_07eaf63ef31d9e7c,1.0,mitra.pdf p.15 page_text chunk_07eaf63ef31d9e7c,,,
Concept:lognormal_distribution,Chunk:chunk_07eaf63ef31d9e7c,EVIDENCED_BY:ca8c9cce1b06d312,EVIDENCED_BY,supported by chunk,mitra.pdf p.15 page_text chunk_07eaf63ef31d9e7c,1.0,mitra.pdf p.15 page_text chunk_07eaf63ef31d9e7c,,,
Concept:lognormal_distribution,Paper:mitra,REPORTED_IN:4e219ba3e4ede150,REPORTED_IN,reported in this paper,mitra.pdf p.15 page_text chunk_07eaf63ef31d9e7c,1.0,mitra.pdf p.15 page_text chunk_07eaf63ef31d9e7c,,,
Concept:lognormal_distribution,Variable:descriptor_d_fmax,APPLIES_TO:02f5e27ea38cfc2c,APPLIES_TO,The lognormal distribution is used for the descriptor d_Fmax.,lognormal distribution for d_Fmax,0.86,mitra.pdf p.15 page_text chunk_07eaf63ef31d9e7c,chunk_07eaf63ef31d9e7c,15,mitra.pdf
Concept:normal_distribution,Chunk:chunk_07eaf63ef31d9e7c,EVIDENCED_BY:d96030dfed9f2da0,EVIDENCED_BY,supported by chunk,mitra.pdf p.15 page_text chunk_07eaf63ef31d9e7c,1.0,mitra.pdf p.15 page_text chunk_07eaf63ef31d9e7c,,,
Concept:normal_distribution,Paper:mitra,REPORTED_IN:4db0bb60ca784a83,REPORTED_IN,reported in this paper,mitra.pdf p.15 page_text chunk_07eaf63ef31d9e7c,1.0,mitra.pdf p.15 page_text chunk_07eaf63ef31d9e7c,,,
Concept:normal_distribution,Variable:descriptor_psi_a,APPLIES_TO:6acbf87c3cb94ef8,APPLIES_TO,The normal distribution is used for the descriptor Ψ_A.,normal distribution for Ψ_A,0.86,mitra.pdf p.15 page_text chunk_07eaf63ef31d9e7c,chunk_07eaf63ef31d9e7c,15,mitra.pdf
Finding:high_degree_of_agreement,Chunk:chunk_07eaf63ef31d9e7c,EVIDENCED_BY:e46e029d10d08155,EVIDENCED_BY,supported by chunk,mitra.pdf p.15 page_text chunk_07eaf63ef31d9e7c,1.0,mitra.pdf p.15 page_text chunk_07eaf63ef31d9e7c,,,
Finding:high_degree_of_agreement,Paper:mitra,REPORTED_IN:e11200e986647c68,REPORTED_IN,reported in this paper,mitra.pdf p.15 page_text chunk_07eaf63ef31d9e7c,1.0,mitra.pdf p.15 page_text chunk_07eaf63ef31d9e7c,,,
Finding:high_degree_of_agreement,Method:regression_function_g,EVIDENCED_BY:a38555c207674e00,EVIDENCED_BY,Agreement is evidenced between fitted regression lines and model parameters resulting from the regression fits.,A high degree of agreement between the fitted regression lines and the model parameters can be observed.,0.83,mitra.pdf p.15 page_text chunk_07eaf63ef31d9e7c,chunk_07eaf63ef31d9e7c,15,mitra.pdf
Application:prediction_intermediate_conditions,Chunk:chunk_07eaf63ef31d9e7c,EVIDENCED_BY:cd5503e61f08c8cf,EVIDENCED_BY,supported by chunk,mitra.pdf p.15 page_text chunk_07eaf63ef31d9e7c,1.0,mitra.pdf p.15 page_text chunk_07eaf63ef31d9e7c,,,
Application:prediction_intermediate_conditions,Paper:mitra,REPORTED_IN:2d43cfc73ab9844a,REPORTED_IN,reported in this paper,mitra.pdf p.15 page_text chunk_07eaf63ef31d9e7c,1.0,mitra.pdf p.15 page_text chunk_07eaf63ef31d9e7c,,,
Application:prediction_intermediate_conditions,Method:regression_function_g,USES:b387635ceb2d63b6,USES,Predictions for intermediate conditions are made using the fitted regression functions.,"With the fitted regression functions, the distribution of d_Fmax and Ψ_A for intermediate feed rates or binder concentrations can be predicted",0.86,mitra.pdf p.15 page_text chunk_07eaf63ef31d9e7c,chunk_07eaf63ef31d9e7c,15,mitra.pdf
Application:prediction_intermediate_conditions,Variable:descriptor_d_fmax,MEASURES:970b05ccce3a18b2,MEASURES,The prediction concerns the distribution of d_Fmax at intermediate conditions.,the distribution of d_Fmax,0.8,mitra.pdf p.15 page_text chunk_07eaf63ef31d9e7c,chunk_07eaf63ef31d9e7c,15,mitra.pdf
Application:prediction_intermediate_conditions,Variable:descriptor_psi_a,MEASURES:beb7ebdd4f2531b3,MEASURES,The prediction concerns the distribution of Ψ_A at intermediate conditions.,and Ψ_A,0.8,mitra.pdf p.15 page_text chunk_07eaf63ef31d9e7c,chunk_07eaf63ef31d9e7c,15,mitra.pdf
Application:prediction_intermediate_conditions,Limitation:unmeasured_process_parameters,LIMITED_BY:ea78bd9672fb5685,LIMITED_BY,Predicted intermediate-condition distributions are explicitly not experimentally measured.,and they are not experimentally measured,0.82,mitra.pdf p.15 page_text chunk_07eaf63ef31d9e7c,chunk_07eaf63ef31d9e7c,15,mitra.pdf
Limitation:unmeasured_process_parameters,Chunk:chunk_07eaf63ef31d9e7c,EVIDENCED_BY:cc69c4136914aaf9,EVIDENCED_BY,supported by chunk,mitra.pdf p.15 page_text chunk_07eaf63ef31d9e7c,1.0,mitra.pdf p.15 page_text chunk_07eaf63ef31d9e7c,,,
Limitation:unmeasured_process_parameters,Paper:mitra,REPORTED_IN:e38b8cf1267d6a31,REPORTED_IN,reported in this paper,mitra.pdf p.15 page_text chunk_07eaf63ef31d9e7c,1.0,mitra.pdf p.15 page_text chunk_07eaf63ef31d9e7c,,,
Descriptor:feed_rate_range_11_20,Chunk:chunk_07eaf63ef31d9e7c,EVIDENCED_BY:a015df40356f534a,EVIDENCED_BY,supported by chunk,mitra.pdf p.15 page_text chunk_07eaf63ef31d9e7c,1.0,mitra.pdf p.15 page_text chunk_07eaf63ef31d9e7c,,,
Descriptor:feed_rate_range_11_20,Paper:mitra,REPORTED_IN:7911bdb465acfe4a,REPORTED_IN,reported in this paper,mitra.pdf p.15 page_text chunk_07eaf63ef31d9e7c,1.0,mitra.pdf p.15 page_text chunk_07eaf63ef31d9e7c,,,
Descriptor:binder_concentration_fixed_0_8wtpct,Chunk:chunk_07eaf63ef31d9e7c,EVIDENCED_BY:12d973e1eda2c213,EVIDENCED_BY,supported by chunk,mitra.pdf p.15 page_text chunk_07eaf63ef31d9e7c,1.0,mitra.pdf p.15 page_text chunk_07eaf63ef31d9e7c,,,
Descriptor:binder_concentration_fixed_0_8wtpct,Paper:mitra,REPORTED_IN:9419ee61e82fc6a2,REPORTED_IN,reported in this paper,mitra.pdf p.15 page_text chunk_07eaf63ef31d9e7c,1.0,mitra.pdf p.15 page_text chunk_07eaf63ef31d9e7c,,,
Chunk:chunk_292a513b17ac9374,Paper:mitra,PART_OF:chunk_292a513b17ac9374,PART_OF,chunk belongs to paper,mitra.pdf p.9 page_text chunk_292a513b17ac9374,1.0,mitra.pdf p.9 page_text chunk_292a513b17ac9374,,,
Document:mitra_p9_chunk_292a,Chunk:chunk_292a513b17ac9374,EVIDENCED_BY:fb6e87b66666a304,EVIDENCED_BY,supported by chunk,mitra.pdf p.9 page_text chunk_292a513b17ac9374,1.0,mitra.pdf p.9 page_text chunk_292a513b17ac9374,,,
Document:mitra_p9_chunk_292a,Paper:mitra,REPORTED_IN:1b3b1e67afd0f6bc,REPORTED_IN,reported in this paper,mitra.pdf p.9 page_text chunk_292a513b17ac9374,1.0,mitra.pdf p.9 page_text chunk_292a513b17ac9374,,,
Document:mitra_p9_chunk_292a,Equation:eq2_aspect_ratio,MENTIONS:4069120b183b44a8,MENTIONS,The document chunk includes Equation (2) for aspect ratio.,Ψ = Fmin. (2),0.9,mitra.pdf p.9 page_text chunk_292a513b17ac9374,chunk_292a513b17ac9374,9,mitra.pdf
Document:mitra_p9_chunk_292a,Method:parametric_modeling,MENTIONS:9fa2aa4aa0e0df7c,MENTIONS,The document chunk introduces parametric modeling and prediction of descriptor distributions.,2.7. ParametricModelingandPredictionofDescriptorDistributions,0.95,mitra.pdf p.9 page_text chunk_292a513b17ac9374,chunk_292a513b17ac9374,9,mitra.pdf
Concept:granule_morphology,Chunk:chunk_292a513b17ac9374,EVIDENCED_BY:15f37e76976a4780,EVIDENCED_BY,supported by chunk,mitra.pdf p.9 page_text chunk_292a513b17ac9374,1.0,mitra.pdf p.9 page_text chunk_292a513b17ac9374,,,
Concept:granule_morphology,Paper:mitra,REPORTED_IN:002b507ceeb2d010,REPORTED_IN,reported in this paper,mitra.pdf p.9 page_text chunk_292a513b17ac9374,1.0,mitra.pdf p.9 page_text chunk_292a513b17ac9374,,,
Variable:feret_min,Chunk:chunk_292a513b17ac9374,EVIDENCED_BY:72c042f7d2a31538,EVIDENCED_BY,supported by chunk,mitra.pdf p.9 page_text chunk_292a513b17ac9374,1.0,mitra.pdf p.9 page_text chunk_292a513b17ac9374,,,
Variable:feret_min,Paper:mitra,REPORTED_IN:8fe07af816ea7f85,REPORTED_IN,reported in this paper,mitra.pdf p.9 page_text chunk_292a513b17ac9374,1.0,mitra.pdf p.9 page_text chunk_292a513b17ac9374,,,
Variable:feret_min,Descriptor:robust_orientation_independent,SUPPORTS:917796a067b55d72,SUPPORTS,Using the real minimum Feret diameter is stated to ensure robustness and orientation-independent calculations.,usedinsteadoftheFeretdiameterperpendiculartod toensurerobustnessandorientation-independentcalculations,0.85,mitra.pdf p.9 page_text chunk_292a513b17ac9374,chunk_292a513b17ac9374,9,mitra.pdf
Variable:feret_max,Chunk:chunk_292a513b17ac9374,EVIDENCED_BY:bf94a76dba2b95b1,EVIDENCED_BY,supported by chunk,mitra.pdf p.9 page_text chunk_292a513b17ac9374,1.0,mitra.pdf p.9 page_text chunk_292a513b17ac9374,,,
Variable:feret_max,Paper:mitra,REPORTED_IN:f6821d2fa060a5ad,REPORTED_IN,reported in this paper,mitra.pdf p.9 page_text chunk_292a513b17ac9374,1.0,mitra.pdf p.9 page_text chunk_292a513b17ac9374,,,
Variable:diameter_d,Chunk:chunk_292a513b17ac9374,EVIDENCED_BY:9e3ae69fdcc9be0c,EVIDENCED_BY,supported by chunk,mitra.pdf p.9 page_text chunk_292a513b17ac9374,1.0,mitra.pdf p.9 page_text chunk_292a513b17ac9374,,,
Variable:diameter_d,Paper:mitra,REPORTED_IN:a0ec24b91f6efcbe,REPORTED_IN,reported in this paper,mitra.pdf p.9 page_text chunk_292a513b17ac9374,1.0,mitra.pdf p.9 page_text chunk_292a513b17ac9374,,,
Variable:diameter_d,Concept:granule_morphology,APPLIES_TO:74275de6ec056ade,APPLIES_TO,Diameter descriptor d is used together with aspect ratio for morphology characterization.,Thesetwodescriptors(d andΨ )togetherprovideasimplebuteffectivecharacterizationofthegranule’smorphology.,0.85,mitra.pdf p.9 page_text chunk_292a513b17ac9374,chunk_292a513b17ac9374,9,mitra.pdf
Variable:aspect_ratio_psi,Chunk:chunk_292a513b17ac9374,EVIDENCED_BY:7e5ce3aa95615354,EVIDENCED_BY,supported by chunk,mitra.pdf p.9 page_text chunk_292a513b17ac9374,1.0,mitra.pdf p.9 page_text chunk_292a513b17ac9374,,,
Variable:aspect_ratio_psi,Paper:mitra,REPORTED_IN:a231c5bdd6a43716,REPORTED_IN,reported in this paper,mitra.pdf p.9 page_text chunk_292a513b17ac9374,1.0,mitra.pdf p.9 page_text chunk_292a513b17ac9374,,,
Variable:aspect_ratio_psi,Concept:shape_compactness_elongation,MEASURES:d7b17f2974a52a8c,MEASURES,Aspect ratio indicates compactness or elongation of a 2D silhouette.,indicatesthecompactnessorelongation,0.9,mitra.pdf p.9 page_text chunk_292a513b17ac9374,chunk_292a513b17ac9374,9,mitra.pdf
Variable:aspect_ratio_psi,Concept:shape_compactness_elongation,HAS_DESCRIPTOR:c23eee294d092880,HAS_DESCRIPTOR,Aspect ratio values map to compact (1) versus elongated (significantly less than 1) shapes.,Anaspectratioof1indicatesacompactshape...whereasvaluessignificantlylessthan1indicateanelongated2Dsilhouette.,0.9,mitra.pdf p.9 page_text chunk_292a513b17ac9374,chunk_292a513b17ac9374,9,mitra.pdf
Variable:aspect_ratio_psi,Concept:granule_morphology,APPLIES_TO:7401191aeef17fd7,APPLIES_TO,Aspect ratio is used as a granule morphology descriptor.,provideasimplebuteffectivecharacterizationofthegranule’smorphology,0.75,mitra.pdf p.9 page_text chunk_292a513b17ac9374,chunk_292a513b17ac9374,9,mitra.pdf
Equation:eq2_aspect_ratio,Chunk:chunk_292a513b17ac9374,EVIDENCED_BY:a37c7772667770c2,EVIDENCED_BY,supported by chunk,mitra.pdf p.9 page_text chunk_292a513b17ac9374,1.0,mitra.pdf p.9 page_text chunk_292a513b17ac9374,,,
Equation:eq2_aspect_ratio,Paper:mitra,REPORTED_IN:0c28f5dc0cba6991,REPORTED_IN,reported in this paper,mitra.pdf p.9 page_text chunk_292a513b17ac9374,1.0,mitra.pdf p.9 page_text chunk_292a513b17ac9374,,,
Equation:eq2_aspect_ratio,Variable:aspect_ratio_psi,MENTIONS:60aaa9739d196676,MENTIONS,Equation (2) provides the definition of the aspect ratio variable Ψ.,"Then,theaspectratio,Ψ ,isgivenby",0.9,mitra.pdf p.9 page_text chunk_292a513b17ac9374,chunk_292a513b17ac9374,9,mitra.pdf
Equation:eq2_aspect_ratio,Variable:feret_min,DERIVED_FROM:ba0b625130c0cf44,DERIVED_FROM,Aspect ratio is computed using the minimum Feret diameter in the numerator.,Ψ = Fmin.,0.7,mitra.pdf p.9 page_text chunk_292a513b17ac9374,chunk_292a513b17ac9374,9,mitra.pdf
Equation:eq2_aspect_ratio,Variable:feret_max,DERIVED_FROM:ebeaf967c71ea6f9,DERIVED_FROM,Aspect ratio is computed using the maximum Feret diameter in the denominator.,Fmax,0.6,mitra.pdf p.9 page_text chunk_292a513b17ac9374,chunk_292a513b17ac9374,9,mitra.pdf
Descriptor:robust_orientation_independent,Chunk:chunk_292a513b17ac9374,EVIDENCED_BY:93603b66274bcb49,EVIDENCED_BY,supported by chunk,mitra.pdf p.9 page_text chunk_292a513b17ac9374,1.0,mitra.pdf p.9 page_text chunk_292a513b17ac9374,,,
Descriptor:robust_orientation_independent,Paper:mitra,REPORTED_IN:e87860cc485c121b,REPORTED_IN,reported in this paper,mitra.pdf p.9 page_text chunk_292a513b17ac9374,1.0,mitra.pdf p.9 page_text chunk_292a513b17ac9374,,,
Concept:shape_compactness_elongation,Chunk:chunk_292a513b17ac9374,EVIDENCED_BY:96c7e25fdfd20a56,EVIDENCED_BY,supported by chunk,mitra.pdf p.9 page_text chunk_292a513b17ac9374,1.0,mitra.pdf p.9 page_text chunk_292a513b17ac9374,,,
Concept:shape_compactness_elongation,Paper:mitra,REPORTED_IN:4153af9d1f4f9f70,REPORTED_IN,reported in this paper,mitra.pdf p.9 page_text chunk_292a513b17ac9374,1.0,mitra.pdf p.9 page_text chunk_292a513b17ac9374,,,
Concept:size_distribution,Chunk:chunk_292a513b17ac9374,EVIDENCED_BY:09f1af6fcfcd94f5,EVIDENCED_BY,supported by chunk,mitra.pdf p.9 page_text chunk_292a513b17ac9374,1.0,mitra.pdf p.9 page_text chunk_292a513b17ac9374,,,
Concept:size_distribution,Paper:mitra,REPORTED_IN:232b23d1c84b9162,REPORTED_IN,reported in this paper,mitra.pdf p.9 page_text chunk_292a513b17ac9374,1.0,mitra.pdf p.9 page_text chunk_292a513b17ac9374,,,
Concept:shape_uniformity,Chunk:chunk_292a513b17ac9374,EVIDENCED_BY:66a09c69ea16629d,EVIDENCED_BY,supported by chunk,mitra.pdf p.9 page_text chunk_292a513b17ac9374,1.0,mitra.pdf p.9 page_text chunk_292a513b17ac9374,,,
Concept:shape_uniformity,Paper:mitra,REPORTED_IN:dd438932b4363b09,REPORTED_IN,reported in this paper,mitra.pdf p.9 page_text chunk_292a513b17ac9374,1.0,mitra.pdf p.9 page_text chunk_292a513b17ac9374,,,
Method:parametric_modeling,Chunk:chunk_292a513b17ac9374,EVIDENCED_BY:d8812834c14e183c,EVIDENCED_BY,supported by chunk,mitra.pdf p.9 page_text chunk_292a513b17ac9374,1.0,mitra.pdf p.9 page_text chunk_292a513b17ac9374,,,
Method:parametric_modeling,Paper:mitra,REPORTED_IN:fa68e9a686839e4a,REPORTED_IN,reported in this paper,mitra.pdf p.9 equation_candidate chunk_073a8613a554e6ae,1.0,mitra.pdf p.9 equation_candidate chunk_073a8613a554e6ae,,,
Method:parametric_modeling,Dataset:descriptor_datasets_a,USES:830b7612a7182aa7,USES,Parametric modeling is applied to measured datasets of granule descriptors.,datasetsofgranuledescriptorsmeasured,0.85,mitra.pdf p.9 page_text chunk_292a513b17ac9374,chunk_292a513b17ac9374,9,mitra.pdf
Method:parametric_modeling,Concept:parametric_density_family_f,USES:9d19753aea6a3250,USES,"Parametric modeling considers a parametric family of probability densities {fθ, θ∈Θ}.","Byconsideringaparametricfamilyofprob-ability densities, {f ,θ ∈ Θ}",0.85,mitra.pdf p.9 page_text chunk_292a513b17ac9374,chunk_292a513b17ac9374,9,mitra.pdf
Method:parametric_modeling,Variable:model_parameters_theta,DERIVED_FROM:ad582c2f00f06e95,DERIVED_FROM,Fitting densities to datasets yields a low-dimensional representation in terms of model parameters θ.,"alow-dimensionalrepresentationofthedatasetsintermsofthemodelparameters,θ",0.85,mitra.pdf p.9 page_text chunk_292a513b17ac9374,chunk_292a513b17ac9374,9,mitra.pdf
Method:parametric_modeling,Method:kde,COMPARES_WITH:23f235a409f23160,COMPARES_WITH,Parametric modeling is contrasted with non-parametric techniques such as KDEs.,"advantagesovernon-parametrictechniques,suchasKDEs",0.85,mitra.pdf p.9 page_text chunk_292a513b17ac9374,chunk_292a513b17ac9374,9,mitra.pdf
Method:parametric_modeling,Finding:advantages_parametric,SUPPORTS:96c43a42496dc791,SUPPORTS,The text lists key advantages of parametric modeling.,"suchasinterpretability,dimensionalityreduction,andcomputationalefficiency",0.85,mitra.pdf p.9 page_text chunk_292a513b17ac9374,chunk_292a513b17ac9374,9,mitra.pdf
Method:parametric_modeling,Chunk:chunk_073a8613a554e6ae,EVIDENCED_BY:5c4115a7f32530f3,EVIDENCED_BY,supported by chunk,mitra.pdf p.9 equation_candidate chunk_073a8613a554e6ae,1.0,mitra.pdf p.9 equation_candidate chunk_073a8613a554e6ae,,,
Method:parametric_modeling,Dataset:measured_data_sets,USES:0fdc14a86f3dcf24,USES,Parametric fitting/modeling is applied to measured data sets.,By data considering sets,0.4,mitra.pdf p.9 equation_candidate chunk_073a8613a554e6ae,chunk_073a8613a554e6ae,9,mitra.pdf
Method:parametric_modeling,Equation:parametric_family_f_theta,USES:556abbff4260390a,USES,Parametric modeling uses a parametric family f_θ of densities.,"parametric R  descriptors [ 0,  family )",0.38,mitra.pdf p.9 equation_candidate chunk_073a8613a554e6ae,chunk_073a8613a554e6ae,9,mitra.pdf
Method:parametric_modeling,Method:nonparametric_techniques,COMPARES_WITH:d81cc3b748396d14,COMPARES_WITH,Parametric modeling is compared with non-parametric techniques such as KDEs.,"advantages over non-parametric techniques, such as KDEs",0.9,mitra.pdf p.9 equation_candidate chunk_073a8613a554e6ae,chunk_073a8613a554e6ae,9,mitra.pdf
Method:parametric_modeling,Descriptor:interpretability,HAS_DESCRIPTOR:d29fb586d2d82d99,HAS_DESCRIPTOR,Parametric modeling is stated to provide interpretability.,such as interpretability,0.86,mitra.pdf p.9 equation_candidate chunk_073a8613a554e6ae,chunk_073a8613a554e6ae,9,mitra.pdf
Method:parametric_modeling,Descriptor:dimensionality_reduction,HAS_DESCRIPTOR:731baa007291dba1,HAS_DESCRIPTOR,Parametric modeling is stated to provide dimensionality reduction.,dimensionality reduction,0.86,mitra.pdf p.9 equation_candidate chunk_073a8613a554e6ae,chunk_073a8613a554e6ae,9,mitra.pdf
Method:parametric_modeling,Descriptor:computational_efficiency,HAS_DESCRIPTOR:d760c7d9d51485f2,HAS_DESCRIPTOR,Parametric modeling is stated to provide computational efficiency.,computational efficiency,0.86,mitra.pdf p.9 equation_candidate chunk_073a8613a554e6ae,chunk_073a8613a554e6ae,9,mitra.pdf
Dataset:descriptor_datasets_a,Chunk:chunk_292a513b17ac9374,EVIDENCED_BY:2f580443973f6357,EVIDENCED_BY,supported by chunk,mitra.pdf p.9 page_text chunk_292a513b17ac9374,1.0,mitra.pdf p.9 page_text chunk_292a513b17ac9374,,,
Dataset:descriptor_datasets_a,Paper:mitra,REPORTED_IN:0e1134239cace212,REPORTED_IN,reported in this paper,mitra.pdf p.9 page_text chunk_292a513b17ac9374,1.0,mitra.pdf p.9 page_text chunk_292a513b17ac9374,,,
Variable:process_parameters_z,Chunk:chunk_292a513b17ac9374,EVIDENCED_BY:8c64b92e1d5f65d0,EVIDENCED_BY,supported by chunk,mitra.pdf p.9 page_text chunk_292a513b17ac9374,1.0,mitra.pdf p.9 page_text chunk_292a513b17ac9374,,,
Variable:process_parameters_z,Paper:mitra,REPORTED_IN:5aadcb40a1d3e2a4,REPORTED_IN,reported in this paper,mitra.pdf p.9 page_text chunk_292a513b17ac9374,1.0,mitra.pdf p.9 page_text chunk_292a513b17ac9374,,,
Concept:parametric_density_family_f,Chunk:chunk_292a513b17ac9374,EVIDENCED_BY:2bf81e06510bd9e2,EVIDENCED_BY,supported by chunk,mitra.pdf p.9 page_text chunk_292a513b17ac9374,1.0,mitra.pdf p.9 page_text chunk_292a513b17ac9374,,,
Concept:parametric_density_family_f,Paper:mitra,REPORTED_IN:e97d9efbd31bd729,REPORTED_IN,reported in this paper,mitra.pdf p.9 page_text chunk_292a513b17ac9374,1.0,mitra.pdf p.9 page_text chunk_292a513b17ac9374,,,
Method:kde,Chunk:chunk_292a513b17ac9374,EVIDENCED_BY:73f6843a5a6108c5,EVIDENCED_BY,supported by chunk,mitra.pdf p.9 page_text chunk_292a513b17ac9374,1.0,mitra.pdf p.9 page_text chunk_292a513b17ac9374,,,
Method:kde,Paper:mitra,REPORTED_IN:2e3a4c7ce38991e4,REPORTED_IN,reported in this paper,mitra.pdf p.9 equation_candidate chunk_073a8613a554e6ae,1.0,mitra.pdf p.9 equation_candidate chunk_073a8613a554e6ae,,,
Method:kde,Chunk:chunk_073a8613a554e6ae,EVIDENCED_BY:235397dd726e80d3,EVIDENCED_BY,supported by chunk,mitra.pdf p.9 equation_candidate chunk_073a8613a554e6ae,1.0,mitra.pdf p.9 equation_candidate chunk_073a8613a554e6ae,,,
Method:regression,Chunk:chunk_292a513b17ac9374,EVIDENCED_BY:28c64e954f2084d2,EVIDENCED_BY,supported by chunk,mitra.pdf p.9 page_text chunk_292a513b17ac9374,1.0,mitra.pdf p.9 page_text chunk_292a513b17ac9374,,,
Method:regression,Paper:mitra,REPORTED_IN:df57adbfb5463afe,REPORTED_IN,reported in this paper,mitra.pdf p.9 page_text chunk_292a513b17ac9374,1.0,mitra.pdf p.9 page_text chunk_292a513b17ac9374,,,
Method:regression,Variable:process_parameters_z,USES:765a877ca316b8c3,USES,Regression is used with process parameters z to determine a functional relationship to model parameters.,"determiningafunctionalrelationshipbetweentheprocessparameters,z",0.85,mitra.pdf p.9 page_text chunk_292a513b17ac9374,chunk_292a513b17ac9374,9,mitra.pdf
Method:regression,Variable:model_parameters_theta,MEASURES:670dceabf73b477d,MEASURES,Regression is used to obtain model parameters θ as outputs linked to process parameters.,"andthemodelparameters,θ",0.75,mitra.pdf p.9 page_text chunk_292a513b17ac9374,chunk_292a513b17ac9374,9,mitra.pdf
Method:regression,Finding:prediction_not_yet_conducted,SUPPORTS:dfe90b0ddb28e3bb,SUPPORTS,Regression enables prediction of descriptor distributions for experiments not yet conducted.,descriptordistributionscanbepredictedfornot-yet-conductedexperiments,0.9,mitra.pdf p.9 page_text chunk_292a513b17ac9374,chunk_292a513b17ac9374,9,mitra.pdf
Application:inline_process_monitoring,Chunk:chunk_292a513b17ac9374,EVIDENCED_BY:7c93e10d5332c66b,EVIDENCED_BY,supported by chunk,mitra.pdf p.9 page_text chunk_292a513b17ac9374,1.0,mitra.pdf p.9 page_text chunk_292a513b17ac9374,,,
Application:inline_process_monitoring,Paper:mitra,REPORTED_IN:898b1a3d31c42440,REPORTED_IN,reported in this paper,mitra.pdf p.9 page_text chunk_292a513b17ac9374,1.0,mitra.pdf p.9 page_text chunk_292a513b17ac9374,,,
Finding:advantages_parametric,Chunk:chunk_292a513b17ac9374,EVIDENCED_BY:c3348d8e102e4d0a,EVIDENCED_BY,supported by chunk,mitra.pdf p.9 page_text chunk_292a513b17ac9374,1.0,mitra.pdf p.9 page_text chunk_292a513b17ac9374,,,
Finding:advantages_parametric,Paper:mitra,REPORTED_IN:981b8944dd71a8bb,REPORTED_IN,reported in this paper,mitra.pdf p.9 page_text chunk_292a513b17ac9374,1.0,mitra.pdf p.9 page_text chunk_292a513b17ac9374,,,
Finding:advantages_parametric,Application:inline_process_monitoring,APPLIES_TO:2478e035dcc92504,APPLIES_TO,Benefits of parametric modeling are stated as especially important for inline process monitoring.,especiallyimportantinapplica-tionslikeinlineprocessmonitoring,0.8,mitra.pdf p.9 page_text chunk_292a513b17ac9374,chunk_292a513b17ac9374,9,mitra.pdf
Finding:prediction_not_yet_conducted,Chunk:chunk_292a513b17ac9374,EVIDENCED_BY:f8e066e5262805b5,EVIDENCED_BY,supported by chunk,mitra.pdf p.9 page_text chunk_292a513b17ac9374,1.0,mitra.pdf p.9 page_text chunk_292a513b17ac9374,,,
Finding:prediction_not_yet_conducted,Paper:mitra,REPORTED_IN:f8c40486906a389c,REPORTED_IN,reported in this paper,mitra.pdf p.9 page_text chunk_292a513b17ac9374,1.0,mitra.pdf p.9 page_text chunk_292a513b17ac9374,,,
Chunk:chunk_073a8613a554e6ae,Paper:mitra,PART_OF:chunk_073a8613a554e6ae,PART_OF,chunk belongs to paper,mitra.pdf p.9 equation_candidate chunk_073a8613a554e6ae,1.0,mitra.pdf p.9 equation_candidate chunk_073a8613a554e6ae,,,
Document:mitra_p9,Chunk:chunk_073a8613a554e6ae,EVIDENCED_BY:9527f8554f47f9a3,EVIDENCED_BY,supported by chunk,mitra.pdf p.9 equation_candidate chunk_073a8613a554e6ae,1.0,mitra.pdf p.9 equation_candidate chunk_073a8613a554e6ae,,,
Document:mitra_p9,Paper:mitra,REPORTED_IN:2cc60b86f8574cc8,REPORTED_IN,reported in this paper,mitra.pdf p.9 equation_candidate chunk_073a8613a554e6ae,1.0,mitra.pdf p.9 equation_candidate chunk_073a8613a554e6ae,,,
Document:mitra_p9,Concept:granule_descriptor_distributions,MENTIONS:08ca4df6360d3c30,MENTIONS,The document page mentions granule descriptor distributions measured for different experimental cases.,granule descriptor distributions measured for different experimental cases,0.78,mitra.pdf p.9 equation_candidate chunk_073a8613a554e6ae,chunk_073a8613a554e6ae,9,mitra.pdf
Document:mitra_p9,Concept:feret_diameters,MENTIONS:23e5f5fe60b9322c,MENTIONS,The document page includes a caption about minimum and maximum Feret diameters.,Schematic representation of the minimum and maximum Feret diameters,0.82,mitra.pdf p.9 equation_candidate chunk_073a8613a554e6ae,chunk_073a8613a554e6ae,9,mitra.pdf
Concept:granule_descriptor_distributions,Chunk:chunk_073a8613a554e6ae,EVIDENCED_BY:9928b2492a3f9d21,EVIDENCED_BY,supported by chunk,mitra.pdf p.9 equation_candidate chunk_073a8613a554e6ae,1.0,mitra.pdf p.9 equation_candidate chunk_073a8613a554e6ae,,,
Concept:granule_descriptor_distributions,Paper:mitra,REPORTED_IN:1b045e88be1db02f,REPORTED_IN,reported in this paper,mitra.pdf p.9 equation_candidate chunk_073a8613a554e6ae,1.0,mitra.pdf p.9 equation_candidate chunk_073a8613a554e6ae,,,
Concept:granule_descriptor_distributions,Concept:experimental_cases,APPLIES_TO:5716655b01b00813,APPLIES_TO,Descriptor distributions are measured for different experimental cases.,measured for different experimental cases,0.74,mitra.pdf p.9 equation_candidate chunk_073a8613a554e6ae,chunk_073a8613a554e6ae,9,mitra.pdf
Concept:experimental_cases,Chunk:chunk_073a8613a554e6ae,EVIDENCED_BY:ae83448adae3c786,EVIDENCED_BY,supported by chunk,mitra.pdf p.9 equation_candidate chunk_073a8613a554e6ae,1.0,mitra.pdf p.9 equation_candidate chunk_073a8613a554e6ae,,,
Concept:experimental_cases,Paper:mitra,REPORTED_IN:5f05b213f9344451,REPORTED_IN,reported in this paper,mitra.pdf p.9 equation_candidate chunk_073a8613a554e6ae,1.0,mitra.pdf p.9 equation_candidate chunk_073a8613a554e6ae,,,
Dataset:measured_data_sets,Chunk:chunk_073a8613a554e6ae,EVIDENCED_BY:4d9d384de8080695,EVIDENCED_BY,supported by chunk,mitra.pdf p.9 equation_candidate chunk_073a8613a554e6ae,1.0,mitra.pdf p.9 equation_candidate chunk_073a8613a554e6ae,,,
Dataset:measured_data_sets,Paper:mitra,REPORTED_IN:8a5a112b7f4d606b,REPORTED_IN,reported in this paper,mitra.pdf p.9 equation_candidate chunk_073a8613a554e6ae,1.0,mitra.pdf p.9 equation_candidate chunk_073a8613a554e6ae,,,
Equation:parametric_family_f_theta,Chunk:chunk_073a8613a554e6ae,EVIDENCED_BY:6ead01b436f84aa3,EVIDENCED_BY,supported by chunk,mitra.pdf p.9 equation_candidate chunk_073a8613a554e6ae,1.0,mitra.pdf p.9 equation_candidate chunk_073a8613a554e6ae,,,
Equation:parametric_family_f_theta,Paper:mitra,REPORTED_IN:0fe52158a958b6e5,REPORTED_IN,reported in this paper,mitra.pdf p.9 equation_candidate chunk_073a8613a554e6ae,1.0,mitra.pdf p.9 equation_candidate chunk_073a8613a554e6ae,,,
Equation:parametric_family_f_theta,Dataset:measured_data_sets,APPLIES_TO:0dca8e463c69132e,APPLIES_TO,The parametric family is fit to measured data sets.,to these measured of prob- data,0.42,mitra.pdf p.9 equation_candidate chunk_073a8613a554e6ae,chunk_073a8613a554e6ae,9,mitra.pdf
Variable:model_parameters,Chunk:chunk_073a8613a554e6ae,EVIDENCED_BY:089d1c91fd183a9d,EVIDENCED_BY,supported by chunk,mitra.pdf p.9 equation_candidate chunk_073a8613a554e6ae,1.0,mitra.pdf p.9 equation_candidate chunk_073a8613a554e6ae,,,
Variable:model_parameters,Paper:mitra,REPORTED_IN:db01669991324bfb,REPORTED_IN,reported in this paper,mitra.pdf p.9 equation_candidate chunk_073a8613a554e6ae,1.0,mitra.pdf p.9 equation_candidate chunk_073a8613a554e6ae,,,
Variable:model_parameters,Variable:parameter_space_theta,HAS_PROPERTY:2c5129593ba691d2,HAS_PROPERTY,The parameters are elements of Θ.," 1 , . . . ,  n  
",0.68,mitra.pdf p.9 equation_candidate chunk_073a8613a554e6ae,chunk_073a8613a554e6ae,9,mitra.pdf
Variable:parameter_space_theta,Chunk:chunk_073a8613a554e6ae,EVIDENCED_BY:664069e49a0de16a,EVIDENCED_BY,supported by chunk,mitra.pdf p.9 equation_candidate chunk_073a8613a554e6ae,1.0,mitra.pdf p.9 equation_candidate chunk_073a8613a554e6ae,,,
Variable:parameter_space_theta,Paper:mitra,REPORTED_IN:4ff359cec68e0a5b,REPORTED_IN,reported in this paper,mitra.pdf p.9 equation_candidate chunk_073a8613a554e6ae,1.0,mitra.pdf p.9 equation_candidate chunk_073a8613a554e6ae,,,
Variable:parameter_space_theta,Variable:dimension_m,HAS_PROPERTY:d5592a45becdcb1e,HAS_PROPERTY,"The parameter space Θ is a subset of R^m, linking it to dimension m.","
  R m",0.62,mitra.pdf p.9 equation_candidate chunk_073a8613a554e6ae,chunk_073a8613a554e6ae,9,mitra.pdf
Variable:dimension_m,Chunk:chunk_073a8613a554e6ae,EVIDENCED_BY:22fb1f2bb1cb8231,EVIDENCED_BY,supported by chunk,mitra.pdf p.9 equation_candidate chunk_073a8613a554e6ae,1.0,mitra.pdf p.9 equation_candidate chunk_073a8613a554e6ae,,,
Variable:dimension_m,Paper:mitra,REPORTED_IN:dcc92f55e1c76766,REPORTED_IN,reported in this paper,mitra.pdf p.9 equation_candidate chunk_073a8613a554e6ae,1.0,mitra.pdf p.9 equation_candidate chunk_073a8613a554e6ae,,,
Equation:eq_theta_in_theta,Chunk:chunk_073a8613a554e6ae,EVIDENCED_BY:79bff41716b9fafd,EVIDENCED_BY,supported by chunk,mitra.pdf p.9 equation_candidate chunk_073a8613a554e6ae,1.0,mitra.pdf p.9 equation_candidate chunk_073a8613a554e6ae,,,
Equation:eq_theta_in_theta,Paper:mitra,REPORTED_IN:36962ca70bc8e44f,REPORTED_IN,reported in this paper,mitra.pdf p.9 equation_candidate chunk_073a8613a554e6ae,1.0,mitra.pdf p.9 equation_candidate chunk_073a8613a554e6ae,,,
Equation:eq_theta_in_theta,Variable:model_parameters,MENTIONS:54373a225cf9d6bf,MENTIONS,"The equation mentions parameters θ1,...,θn."," 1 , . . . ,  n",0.86,mitra.pdf p.9 equation_candidate chunk_073a8613a554e6ae,chunk_073a8613a554e6ae,9,mitra.pdf
Equation:eq_theta_in_theta,Variable:parameter_space_theta,MENTIONS:17b9773645f0c80f,MENTIONS,The equation mentions the parameter space Θ.,"
",0.6,mitra.pdf p.9 equation_candidate chunk_073a8613a554e6ae,chunk_073a8613a554e6ae,9,mitra.pdf
Equation:eq_theta_in_theta,Variable:dimension_m,MENTIONS:cb6e0a4c09854f14,MENTIONS,The equation states the existence of an integer m ≥ 1.,"for some integer, m  1",0.87,mitra.pdf p.9 equation_candidate chunk_073a8613a554e6ae,chunk_073a8613a554e6ae,9,mitra.pdf
Concept:low_dim_representation,Chunk:chunk_073a8613a554e6ae,EVIDENCED_BY:71de5c31cc43c458,EVIDENCED_BY,supported by chunk,mitra.pdf p.9 equation_candidate chunk_073a8613a554e6ae,1.0,mitra.pdf p.9 equation_candidate chunk_073a8613a554e6ae,,,
Concept:low_dim_representation,Paper:mitra,REPORTED_IN:2dba906fac6d322b,REPORTED_IN,reported in this paper,mitra.pdf p.9 equation_candidate chunk_073a8613a554e6ae,1.0,mitra.pdf p.9 equation_candidate chunk_073a8613a554e6ae,,,
Concept:low_dim_representation,Variable:model_parameters,DERIVED_FROM:38bd1fc443c2cd9b,DERIVED_FROM,The low-dimensional representation is in terms of model parameters.,in terms of the model parameters,0.84,mitra.pdf p.9 equation_candidate chunk_073a8613a554e6ae,chunk_073a8613a554e6ae,9,mitra.pdf
Method:nonparametric_techniques,Chunk:chunk_073a8613a554e6ae,EVIDENCED_BY:c2192b564d97c24b,EVIDENCED_BY,supported by chunk,mitra.pdf p.9 equation_candidate chunk_073a8613a554e6ae,1.0,mitra.pdf p.9 equation_candidate chunk_073a8613a554e6ae,,,
Method:nonparametric_techniques,Paper:mitra,REPORTED_IN:c683de38dd0366c3,REPORTED_IN,reported in this paper,mitra.pdf p.9 equation_candidate chunk_073a8613a554e6ae,1.0,mitra.pdf p.9 equation_candidate chunk_073a8613a554e6ae,,,
Method:nonparametric_techniques,Method:kde,PART_OF:42206a63d86b78f6,PART_OF,KDEs are given as an example of non-parametric techniques.,such as KDEs,0.9,mitra.pdf p.9 equation_candidate chunk_073a8613a554e6ae,chunk_073a8613a554e6ae,9,mitra.pdf
Descriptor:interpretability,Chunk:chunk_073a8613a554e6ae,EVIDENCED_BY:09eae4fb2c0ef070,EVIDENCED_BY,supported by chunk,mitra.pdf p.9 equation_candidate chunk_073a8613a554e6ae,1.0,mitra.pdf p.9 equation_candidate chunk_073a8613a554e6ae,,,
Descriptor:interpretability,Paper:mitra,REPORTED_IN:755f90d724dd0735,REPORTED_IN,reported in this paper,mitra.pdf p.9 equation_candidate chunk_073a8613a554e6ae,1.0,mitra.pdf p.9 equation_candidate chunk_073a8613a554e6ae,,,
Descriptor:dimensionality_reduction,Chunk:chunk_073a8613a554e6ae,EVIDENCED_BY:4bbeca832a367ca1,EVIDENCED_BY,supported by chunk,mitra.pdf p.9 equation_candidate chunk_073a8613a554e6ae,1.0,mitra.pdf p.9 equation_candidate chunk_073a8613a554e6ae,,,
Descriptor:dimensionality_reduction,Paper:mitra,REPORTED_IN:c06d95d34687aa5c,REPORTED_IN,reported in this paper,mitra.pdf p.9 equation_candidate chunk_073a8613a554e6ae,1.0,mitra.pdf p.9 equation_candidate chunk_073a8613a554e6ae,,,
Descriptor:computational_efficiency,Chunk:chunk_073a8613a554e6ae,EVIDENCED_BY:a9e82c0b2a3d9610,EVIDENCED_BY,supported by chunk,mitra.pdf p.9 equation_candidate chunk_073a8613a554e6ae,1.0,mitra.pdf p.9 equation_candidate chunk_073a8613a554e6ae,,,
Descriptor:computational_efficiency,Paper:mitra,REPORTED_IN:d5189aa1534e54b9,REPORTED_IN,reported in this paper,mitra.pdf p.9 equation_candidate chunk_073a8613a554e6ae,1.0,mitra.pdf p.9 equation_candidate chunk_073a8613a554e6ae,,,
Concept:feret_diameters,Chunk:chunk_073a8613a554e6ae,EVIDENCED_BY:39d2c02b48d1a5b7,EVIDENCED_BY,supported by chunk,mitra.pdf p.9 equation_candidate chunk_073a8613a554e6ae,1.0,mitra.pdf p.9 equation_candidate chunk_073a8613a554e6ae,,,
Concept:feret_diameters,Paper:mitra,REPORTED_IN:88dc533b504c93bc,REPORTED_IN,reported in this paper,mitra.pdf p.9 equation_candidate chunk_073a8613a554e6ae,1.0,mitra.pdf p.9 equation_candidate chunk_073a8613a554e6ae,,,
Finding:finding_low_parametric_achieved,Chunk:chunk_073a8613a554e6ae,EVIDENCED_BY:effc10c947c866db,EVIDENCED_BY,supported by chunk,mitra.pdf p.9 equation_candidate chunk_073a8613a554e6ae,1.0,mitra.pdf p.9 equation_candidate chunk_073a8613a554e6ae,,,
Finding:finding_low_parametric_achieved,Paper:mitra,REPORTED_IN:6639f25550d32a98,REPORTED_IN,reported in this paper,mitra.pdf p.9 equation_candidate chunk_073a8613a554e6ae,1.0,mitra.pdf p.9 equation_candidate chunk_073a8613a554e6ae,,,
Finding:finding_low_parametric_achieved,Concept:low_dim_representation,SUPPORTS:4535e448389aff3c,SUPPORTS,The finding asserts that a low-dimensional representation was achieved.,a low-dimensional representation of the data sets,0.76,mitra.pdf p.9 equation_candidate chunk_073a8613a554e6ae,chunk_073a8613a554e6ae,9,mitra.pdf
Finding:finding_low_parametric_achieved,Variable:model_parameters,EVIDENCED_BY:094216e2aa01d0eb,EVIDENCED_BY,"The achievement is described via the parameters θ1,...,θn lying in Θ ⊂ R^m."," 1 , . . . ,  n  
  R m",0.45,mitra.pdf p.9 equation_candidate chunk_073a8613a554e6ae,chunk_073a8613a554e6ae,9,mitra.pdf
Finding:finding_parametric_advantages,Chunk:chunk_073a8613a554e6ae,EVIDENCED_BY:1f152f9fd704f0a6,EVIDENCED_BY,supported by chunk,mitra.pdf p.9 equation_candidate chunk_073a8613a554e6ae,1.0,mitra.pdf p.9 equation_candidate chunk_073a8613a554e6ae,,,
Finding:finding_parametric_advantages,Paper:mitra,REPORTED_IN:7fa564e1d3d3e935,REPORTED_IN,reported in this paper,mitra.pdf p.9 equation_candidate chunk_073a8613a554e6ae,1.0,mitra.pdf p.9 equation_candidate chunk_073a8613a554e6ae,,,
Finding:finding_parametric_advantages,Method:parametric_modeling,REPORTED_IN:c4dc44a442b8444c,REPORTED_IN,The document reports claimed advantages of parametric modeling.,"However, para- metric modeling provides",0.72,mitra.pdf p.9 equation_candidate chunk_073a8613a554e6ae,chunk_073a8613a554e6ae,9,mitra.pdf
Chunk:chunk_295840f7d0018374,Paper:mitra,PART_OF:chunk_295840f7d0018374,PART_OF,chunk belongs to paper,mitra.pdf p.10 equation_candidate chunk_295840f7d0018374,1.0,mitra.pdf p.10 equation_candidate chunk_295840f7d0018374,,,
Document:mitra_p10_chunk295840f7d0018374,Chunk:chunk_295840f7d0018374,EVIDENCED_BY:c792de5ea1811767,EVIDENCED_BY,supported by chunk,mitra.pdf p.10 equation_candidate chunk_295840f7d0018374,1.0,mitra.pdf p.10 equation_candidate chunk_295840f7d0018374,,,
Document:mitra_p10_chunk295840f7d0018374,Paper:mitra,REPORTED_IN:6bc0ffb9cdb88a5c,REPORTED_IN,reported in this paper,mitra.pdf p.10 equation_candidate chunk_295840f7d0018374,1.0,mitra.pdf p.10 equation_candidate chunk_295840f7d0018374,,,
Equation:eq6_argmin_mse,Chunk:chunk_295840f7d0018374,EVIDENCED_BY:e871bc8645c41006,EVIDENCED_BY,supported by chunk,mitra.pdf p.10 equation_candidate chunk_295840f7d0018374,1.0,mitra.pdf p.10 equation_candidate chunk_295840f7d0018374,,,
Equation:eq6_argmin_mse,Paper:mitra,REPORTED_IN:6101d2f0bb68cb3f,REPORTED_IN,reported in this paper,mitra.pdf p.10 equation_candidate chunk_295840f7d0018374,1.0,mitra.pdf p.10 equation_candidate chunk_295840f7d0018374,,,
Equation:eq6_argmin_mse,Document:mitra_p10_chunk295840f7d0018374,REPORTED_IN:6fe9a4d5339a40b9,REPORTED_IN,Equation (6) is reported in the provided mitra.pdf page 10 chunk.,PDF: mitra.pdf | page: 10,0.95,mitra.pdf p.10 equation_candidate chunk_295840f7d0018374,chunk_295840f7d0018374,10,mitra.pdf
Equation:eq6_argmin_mse,Variable:param_a_star,MENTIONS:fb2e0e2f61dbcbcd,MENTIONS,Equation (6) explicitly defines a* as part of the argmin solution.,"( a ∗ , b ∗ ) = argmin",0.9,mitra.pdf p.10 equation_candidate chunk_295840f7d0018374,chunk_295840f7d0018374,10,mitra.pdf
Equation:eq6_argmin_mse,Variable:param_b_star,MENTIONS:4cd7d389e2d51f6c,MENTIONS,Equation (6) explicitly defines b* as part of the argmin solution.,"( a ∗ , b ∗ ) = argmin",0.9,mitra.pdf p.10 equation_candidate chunk_295840f7d0018374,chunk_295840f7d0018374,10,mitra.pdf
Equation:eq6_argmin_mse,Variable:z_i,MENTIONS:61da6aceaeb1e3ab,MENTIONS,Equation (6) includes the input samples z_i inside g(z_i).,( g ( z i ) − θ i ∗ ) 2,0.9,mitra.pdf p.10 equation_candidate chunk_295840f7d0018374,chunk_295840f7d0018374,10,mitra.pdf
Equation:eq6_argmin_mse,Variable:theta_i_star,MENTIONS:d14fb1a03607c480,MENTIONS,Equation (6) includes the target values theta_i* in the squared error term.,( g ( z i ) − θ i ∗ ) 2,0.9,mitra.pdf p.10 equation_candidate chunk_295840f7d0018374,chunk_295840f7d0018374,10,mitra.pdf
Equation:eq6_argmin_mse,Concept:g_of_z,MENTIONS:320b4f6a4f4b15dc,MENTIONS,Equation (6) uses a function g evaluated at z_i.,g ( z i ),0.85,mitra.pdf p.10 equation_candidate chunk_295840f7d0018374,chunk_295840f7d0018374,10,mitra.pdf
Equation:eq6_argmin_mse,Variable:n_samples,MENTIONS:686914c043866e93,MENTIONS,Equation (6) averages squared errors using the factor 1/n and summation to n.,n 1 i ∑ = n 1,0.7,mitra.pdf p.10 equation_candidate chunk_295840f7d0018374,chunk_295840f7d0018374,10,mitra.pdf
Variable:param_a,Chunk:chunk_295840f7d0018374,EVIDENCED_BY:f9bc344694e9f79a,EVIDENCED_BY,supported by chunk,mitra.pdf p.10 equation_candidate chunk_295840f7d0018374,1.0,mitra.pdf p.10 equation_candidate chunk_295840f7d0018374,,,
Variable:param_a,Paper:mitra,REPORTED_IN:708b47757407edcf,REPORTED_IN,reported in this paper,mitra.pdf p.10 equation_candidate chunk_295840f7d0018374,1.0,mitra.pdf p.10 equation_candidate chunk_295840f7d0018374,,,
Variable:param_b,Chunk:chunk_295840f7d0018374,EVIDENCED_BY:977abcb82cc45661,EVIDENCED_BY,supported by chunk,mitra.pdf p.10 equation_candidate chunk_295840f7d0018374,1.0,mitra.pdf p.10 equation_candidate chunk_295840f7d0018374,,,
Variable:param_b,Paper:mitra,REPORTED_IN:8cef2adf47cb18b3,REPORTED_IN,reported in this paper,mitra.pdf p.10 equation_candidate chunk_295840f7d0018374,1.0,mitra.pdf p.10 equation_candidate chunk_295840f7d0018374,,,
Variable:param_a_star,Chunk:chunk_295840f7d0018374,EVIDENCED_BY:17c5dd1125f7e306,EVIDENCED_BY,supported by chunk,mitra.pdf p.10 equation_candidate chunk_295840f7d0018374,1.0,mitra.pdf p.10 equation_candidate chunk_295840f7d0018374,,,
Variable:param_a_star,Paper:mitra,REPORTED_IN:a1e7f01a20a9b411,REPORTED_IN,reported in this paper,mitra.pdf p.10 equation_candidate chunk_295840f7d0018374,1.0,mitra.pdf p.10 equation_candidate chunk_295840f7d0018374,,,
Variable:param_a_star,Variable:param_a,DERIVED_FROM:4769ebb286acde0c,DERIVED_FROM,The optimal a* is obtained by optimizing over a in the argmin problem.,"argmin a , b ∈ R m",0.85,mitra.pdf p.10 equation_candidate chunk_295840f7d0018374,chunk_295840f7d0018374,10,mitra.pdf
Variable:param_b_star,Chunk:chunk_295840f7d0018374,EVIDENCED_BY:e72a00e21e7e409a,EVIDENCED_BY,supported by chunk,mitra.pdf p.10 equation_candidate chunk_295840f7d0018374,1.0,mitra.pdf p.10 equation_candidate chunk_295840f7d0018374,,,
Variable:param_b_star,Paper:mitra,REPORTED_IN:9ff0876c568b40b1,REPORTED_IN,reported in this paper,mitra.pdf p.10 equation_candidate chunk_295840f7d0018374,1.0,mitra.pdf p.10 equation_candidate chunk_295840f7d0018374,,,
Variable:param_b_star,Variable:param_b,DERIVED_FROM:a9969f8be8f272fa,DERIVED_FROM,The optimal b* is obtained by optimizing over b in the argmin problem.,"argmin a , b ∈ R m",0.85,mitra.pdf p.10 equation_candidate chunk_295840f7d0018374,chunk_295840f7d0018374,10,mitra.pdf
Variable:z_i,Chunk:chunk_295840f7d0018374,EVIDENCED_BY:242154b4842a0fe6,EVIDENCED_BY,supported by chunk,mitra.pdf p.10 equation_candidate chunk_295840f7d0018374,1.0,mitra.pdf p.10 equation_candidate chunk_295840f7d0018374,,,
Variable:z_i,Paper:mitra,REPORTED_IN:3e0e51fbde7dbb47,REPORTED_IN,reported in this paper,mitra.pdf p.10 equation_candidate chunk_295840f7d0018374,1.0,mitra.pdf p.10 equation_candidate chunk_295840f7d0018374,,,
Variable:theta_i_star,Chunk:chunk_295840f7d0018374,EVIDENCED_BY:9d61c30627203255,EVIDENCED_BY,supported by chunk,mitra.pdf p.10 equation_candidate chunk_295840f7d0018374,1.0,mitra.pdf p.10 equation_candidate chunk_295840f7d0018374,,,
Variable:theta_i_star,Paper:mitra,REPORTED_IN:b45b2c5b1b2f58c8,REPORTED_IN,reported in this paper,mitra.pdf p.10 equation_candidate chunk_295840f7d0018374,1.0,mitra.pdf p.10 equation_candidate chunk_295840f7d0018374,,,
Concept:g_of_z,Chunk:chunk_295840f7d0018374,EVIDENCED_BY:6b0a535023ed3165,EVIDENCED_BY,supported by chunk,mitra.pdf p.10 equation_candidate chunk_295840f7d0018374,1.0,mitra.pdf p.10 equation_candidate chunk_295840f7d0018374,,,
Concept:g_of_z,Paper:mitra,REPORTED_IN:ce09503d903defe4,REPORTED_IN,reported in this paper,mitra.pdf p.10 equation_candidate chunk_295840f7d0018374,1.0,mitra.pdf p.10 equation_candidate chunk_295840f7d0018374,,,
Variable:n_samples,Chunk:chunk_295840f7d0018374,EVIDENCED_BY:adf31bb628b14698,EVIDENCED_BY,supported by chunk,mitra.pdf p.10 equation_candidate chunk_295840f7d0018374,1.0,mitra.pdf p.10 equation_candidate chunk_295840f7d0018374,,,
Variable:n_samples,Paper:mitra,REPORTED_IN:652114ad87161e2a,REPORTED_IN,reported in this paper,mitra.pdf p.10 equation_candidate chunk_295840f7d0018374,1.0,mitra.pdf p.10 equation_candidate chunk_295840f7d0018374,,,
Limitation:unverified_equation_flag,Chunk:chunk_295840f7d0018374,EVIDENCED_BY:be441538894e326f,EVIDENCED_BY,supported by chunk,mitra.pdf p.10 equation_candidate chunk_295840f7d0018374,1.0,mitra.pdf p.10 equation_candidate chunk_295840f7d0018374,,,
Limitation:unverified_equation_flag,Paper:mitra,REPORTED_IN:a88789d471928b43,REPORTED_IN,reported in this paper,mitra.pdf p.10 equation_candidate chunk_295840f7d0018374,1.0,mitra.pdf p.10 equation_candidate chunk_295840f7d0018374,,,
Limitation:unverified_equation_flag,Equation:eq6_argmin_mse,LIMITED_BY:e9abb054fef52438,LIMITED_BY,The extracted equation is flagged as unverified and should be reviewed before being treated as a paper fact.,UNVERIFIED EQUATION CANDIDATE - REVIEW BEFORE USING AS A PAPER FACT,0.95,mitra.pdf p.10 equation_candidate chunk_295840f7d0018374,chunk_295840f7d0018374,10,mitra.pdf
Chunk:chunk_1c86e251de2cb8bc,Paper:mitra,PART_OF:chunk_1c86e251de2cb8bc,PART_OF,chunk belongs to paper,mitra.pdf p.16 equation_candidate chunk_1c86e251de2cb8bc,1.0,mitra.pdf p.16 equation_candidate chunk_1c86e251de2cb8bc,,,
Document:mitra.pdf_p16_chunk_1c86e251de2cb8bc,Chunk:chunk_1c86e251de2cb8bc,EVIDENCED_BY:136508234ef09c6f,EVIDENCED_BY,supported by chunk,mitra.pdf p.16 equation_candidate chunk_1c86e251de2cb8bc,1.0,mitra.pdf p.16 equation_candidate chunk_1c86e251de2cb8bc,,,
Document:mitra.pdf_p16_chunk_1c86e251de2cb8bc,Paper:mitra,REPORTED_IN:69d41fd72a2c4bd0,REPORTED_IN,reported in this paper,mitra.pdf p.16 equation_candidate chunk_1c86e251de2cb8bc,1.0,mitra.pdf p.16 equation_candidate chunk_1c86e251de2cb8bc,,,
Document:mitra.pdf_p16_chunk_1c86e251de2cb8bc,Dataset:experiments_f1b2_to_f1b4,MENTIONS:186ccfae2405fcd5,MENTIONS,The chunk lists several experiments by identifier.,"For the experiments F1B2, F2B2, F3B2, F1B1, F1B3, and F1B4",0.9,mitra.pdf p.16 equation_candidate chunk_1c86e251de2cb8bc,chunk_1c86e251de2cb8bc,16,mitra.pdf
Method:epcc,Chunk:chunk_1c86e251de2cb8bc,EVIDENCED_BY:3abc180ed45bd398,EVIDENCED_BY,supported by chunk,mitra.pdf p.16 equation_candidate chunk_1c86e251de2cb8bc,1.0,mitra.pdf p.16 equation_candidate chunk_1c86e251de2cb8bc,,,
Method:epcc,Paper:mitra,REPORTED_IN:96d96519cabc4e96,REPORTED_IN,reported in this paper,mitra.pdf p.16 equation_candidate chunk_1c86e251de2cb8bc,1.0,mitra.pdf p.16 equation_candidate chunk_1c86e251de2cb8bc,,,
Method:epcc,Concept:linear_correlation,MEASURES:70983796c2e02f67,MEASURES,EPCC is used to quantify linear correlation.,"To quantify this, the empirical Pearson correlation coefficients (EPCC) were considered",0.85,mitra.pdf p.16 equation_candidate chunk_1c86e251de2cb8bc,chunk_1c86e251de2cb8bc,16,mitra.pdf
Method:epcc,Descriptor:dfmax_descriptor,APPLIES_TO:1d26f78bbf79d32f,APPLIES_TO,EPCC is applied in examining correlation involving the granule descriptor d_F_max.,the linear correlation between the granule descriptors d F max and Ψ A was examined,0.8,mitra.pdf p.16 equation_candidate chunk_1c86e251de2cb8bc,chunk_1c86e251de2cb8bc,16,mitra.pdf
Method:epcc,Descriptor:psia_descriptor,APPLIES_TO:760ab7c9dd0faaf8,APPLIES_TO,EPCC is applied in examining correlation involving the granule descriptor Ψ_A.,the linear correlation between the granule descriptors d F max and Ψ A was examined,0.8,mitra.pdf p.16 equation_candidate chunk_1c86e251de2cb8bc,chunk_1c86e251de2cb8bc,16,mitra.pdf
Equation:eq9_epcc_definition,Chunk:chunk_1c86e251de2cb8bc,EVIDENCED_BY:569cf891c0c4593b,EVIDENCED_BY,supported by chunk,mitra.pdf p.16 equation_candidate chunk_1c86e251de2cb8bc,1.0,mitra.pdf p.16 equation_candidate chunk_1c86e251de2cb8bc,,,
Equation:eq9_epcc_definition,Paper:mitra,REPORTED_IN:d340cc84ba06564d,REPORTED_IN,reported in this paper,mitra.pdf p.16 equation_candidate chunk_1c86e251de2cb8bc,1.0,mitra.pdf p.16 equation_candidate chunk_1c86e251de2cb8bc,,,
Equation:eq9_epcc_definition,Method:epcc,EVIDENCED_BY:0702a6beb06eb161,EVIDENCED_BY,Equation (9) provides the mathematical form used for EPCC.,"EPCC ( x , y ) = ... , (9)",0.7,mitra.pdf p.16 equation_candidate chunk_1c86e251de2cb8bc,chunk_1c86e251de2cb8bc,16,mitra.pdf
Equation:eq9_epcc_definition,Document:mitra.pdf_p16_chunk_1c86e251de2cb8bc,REPORTED_IN:f392b5fff240aa86,REPORTED_IN,Equation (9) for EPCC is reported in this document chunk.,PDF: mitra.pdf | page: 16,0.9,mitra.pdf p.16 equation_candidate chunk_1c86e251de2cb8bc,chunk_1c86e251de2cb8bc,16,mitra.pdf
Equation:eq9_epcc_definition,Limitation:unverified_equation_candidate_notice,LIMITED_BY:c794f115ff957cce,LIMITED_BY,The extracted equation is explicitly marked as unverified and requiring review.,UNVERIFIED EQUATION CANDIDATE - REVIEW BEFORE USING AS A PAPER FACT,0.95,mitra.pdf p.16 equation_candidate chunk_1c86e251de2cb8bc,chunk_1c86e251de2cb8bc,16,mitra.pdf
Concept:linear_correlation,Chunk:chunk_1c86e251de2cb8bc,EVIDENCED_BY:8c6c3ffbeac8a83d,EVIDENCED_BY,supported by chunk,mitra.pdf p.16 equation_candidate chunk_1c86e251de2cb8bc,1.0,mitra.pdf p.16 equation_candidate chunk_1c86e251de2cb8bc,,,
Concept:linear_correlation,Paper:mitra,REPORTED_IN:d3f044d4428a18bd,REPORTED_IN,reported in this paper,mitra.pdf p.16 equation_candidate chunk_1c86e251de2cb8bc,1.0,mitra.pdf p.16 equation_candidate chunk_1c86e251de2cb8bc,,,
Descriptor:dfmax_descriptor,Chunk:chunk_1c86e251de2cb8bc,EVIDENCED_BY:21c137e57f6535b9,EVIDENCED_BY,supported by chunk,mitra.pdf p.16 equation_candidate chunk_1c86e251de2cb8bc,1.0,mitra.pdf p.16 equation_candidate chunk_1c86e251de2cb8bc,,,
Descriptor:dfmax_descriptor,Paper:mitra,REPORTED_IN:e3659f5439f34147,REPORTED_IN,reported in this paper,mitra.pdf p.16 equation_candidate chunk_1c86e251de2cb8bc,1.0,mitra.pdf p.16 equation_candidate chunk_1c86e251de2cb8bc,,,
Descriptor:psia_descriptor,Chunk:chunk_1c86e251de2cb8bc,EVIDENCED_BY:51297786b7165597,EVIDENCED_BY,supported by chunk,mitra.pdf p.16 equation_candidate chunk_1c86e251de2cb8bc,1.0,mitra.pdf p.16 equation_candidate chunk_1c86e251de2cb8bc,,,
Descriptor:psia_descriptor,Paper:mitra,REPORTED_IN:313629a839c3c640,REPORTED_IN,reported in this paper,mitra.pdf p.16 equation_candidate chunk_1c86e251de2cb8bc,1.0,mitra.pdf p.16 equation_candidate chunk_1c86e251de2cb8bc,,,
Variable:xi,Chunk:chunk_1c86e251de2cb8bc,EVIDENCED_BY:6ff0411953ce1225,EVIDENCED_BY,supported by chunk,mitra.pdf p.16 equation_candidate chunk_1c86e251de2cb8bc,1.0,mitra.pdf p.16 equation_candidate chunk_1c86e251de2cb8bc,,,
Variable:xi,Paper:mitra,REPORTED_IN:5126d79984e9059a,REPORTED_IN,reported in this paper,mitra.pdf p.16 equation_candidate chunk_1c86e251de2cb8bc,1.0,mitra.pdf p.16 equation_candidate chunk_1c86e251de2cb8bc,,,
Variable:xi,Descriptor:dfmax_descriptor,MEASURES:58952ec9db574b32,MEASURES,x_i values correspond to the maximum Feret diameter descriptor.,x i and y i represent the maximum Feret diameter and aspect ratio,0.85,mitra.pdf p.16 equation_candidate chunk_1c86e251de2cb8bc,chunk_1c86e251de2cb8bc,16,mitra.pdf
Variable:xi,Dataset:sopat_images,DERIVED_FROM:4f065f1184895c6d,DERIVED_FROM,x_i (maximum Feret diameter) is taken from SOPAT images.,from the SOPAT images,0.75,mitra.pdf p.16 equation_candidate chunk_1c86e251de2cb8bc,chunk_1c86e251de2cb8bc,16,mitra.pdf
Variable:yi,Chunk:chunk_1c86e251de2cb8bc,EVIDENCED_BY:e201259a810c0c53,EVIDENCED_BY,supported by chunk,mitra.pdf p.16 equation_candidate chunk_1c86e251de2cb8bc,1.0,mitra.pdf p.16 equation_candidate chunk_1c86e251de2cb8bc,,,
Variable:yi,Paper:mitra,REPORTED_IN:d15b0658165e713d,REPORTED_IN,reported in this paper,mitra.pdf p.16 equation_candidate chunk_1c86e251de2cb8bc,1.0,mitra.pdf p.16 equation_candidate chunk_1c86e251de2cb8bc,,,
Variable:yi,Descriptor:psia_descriptor,MEASURES:ce3dea7da1528652,MEASURES,y_i values correspond to the aspect ratio descriptor.,x i and y i represent the maximum Feret diameter and aspect ratio,0.85,mitra.pdf p.16 equation_candidate chunk_1c86e251de2cb8bc,chunk_1c86e251de2cb8bc,16,mitra.pdf
Variable:yi,Dataset:sopat_images,DERIVED_FROM:4271b586c0f5384b,DERIVED_FROM,y_i (aspect ratio) is taken from SOPAT images.,from the SOPAT images,0.75,mitra.pdf p.16 equation_candidate chunk_1c86e251de2cb8bc,chunk_1c86e251de2cb8bc,16,mitra.pdf
Dataset:sopat_images,Chunk:chunk_1c86e251de2cb8bc,EVIDENCED_BY:63e39b5a11a8ce20,EVIDENCED_BY,supported by chunk,mitra.pdf p.16 equation_candidate chunk_1c86e251de2cb8bc,1.0,mitra.pdf p.16 equation_candidate chunk_1c86e251de2cb8bc,,,
Dataset:sopat_images,Paper:mitra,REPORTED_IN:df96a856dbc1cd96,REPORTED_IN,reported in this paper,mitra.pdf p.16 equation_candidate chunk_1c86e251de2cb8bc,1.0,mitra.pdf p.16 equation_candidate chunk_1c86e251de2cb8bc,,,
Dataset:experiments_f1b2_to_f1b4,Chunk:chunk_1c86e251de2cb8bc,EVIDENCED_BY:c7e5106fd97637bc,EVIDENCED_BY,supported by chunk,mitra.pdf p.16 equation_candidate chunk_1c86e251de2cb8bc,1.0,mitra.pdf p.16 equation_candidate chunk_1c86e251de2cb8bc,,,
Dataset:experiments_f1b2_to_f1b4,Paper:mitra,REPORTED_IN:570e91bfa5225d06,REPORTED_IN,reported in this paper,mitra.pdf p.16 equation_candidate chunk_1c86e251de2cb8bc,1.0,mitra.pdf p.16 equation_candidate chunk_1c86e251de2cb8bc,,,
Limitation:unverified_equation_candidate_notice,Chunk:chunk_1c86e251de2cb8bc,EVIDENCED_BY:eef58b9be4b815fb,EVIDENCED_BY,supported by chunk,mitra.pdf p.16 equation_candidate chunk_1c86e251de2cb8bc,1.0,mitra.pdf p.16 equation_candidate chunk_1c86e251de2cb8bc,,,
Limitation:unverified_equation_candidate_notice,Paper:mitra,REPORTED_IN:fed1eadeceb11b53,REPORTED_IN,reported in this paper,mitra.pdf p.16 equation_candidate chunk_1c86e251de2cb8bc,1.0,mitra.pdf p.16 equation_candidate chunk_1c86e251de2cb8bc,,,
Chunk:chunk_9082cc6cb7d7ca45,Paper:mitra,PART_OF:chunk_9082cc6cb7d7ca45,PART_OF,chunk belongs to paper,mitra.pdf p.8 page_text chunk_9082cc6cb7d7ca45,1.0,mitra.pdf p.8 page_text chunk_9082cc6cb7d7ca45,,,
Document:mitra_p8_chunk_9082cc6cb7d7ca45,Chunk:chunk_9082cc6cb7d7ca45,EVIDENCED_BY:84a10db0d4a173ca,EVIDENCED_BY,supported by chunk,mitra.pdf p.8 page_text chunk_9082cc6cb7d7ca45,1.0,mitra.pdf p.8 page_text chunk_9082cc6cb7d7ca45,,,
Document:mitra_p8_chunk_9082cc6cb7d7ca45,Paper:mitra,REPORTED_IN:60fa89422f88dff8,REPORTED_IN,reported in this paper,mitra.pdf p.8 page_text chunk_9082cc6cb7d7ca45,1.0,mitra.pdf p.8 page_text chunk_9082cc6cb7d7ca45,,,
Document:mitra_p8_chunk_9082cc6cb7d7ca45,Dataset:imaging_parameters_table2,MENTIONS:3b6e0af29c08eda9,MENTIONS,The chunk contains Table 2 imaging specifications.,Table 2. Imaging specifications.,0.95,mitra.pdf p.8 page_text chunk_9082cc6cb7d7ca45,chunk_9082cc6cb7d7ca45,8,mitra.pdf
Instrument:sopat_inline_granule_imaging_probe,Chunk:chunk_9082cc6cb7d7ca45,EVIDENCED_BY:5c92fea1b655c0a7,EVIDENCED_BY,supported by chunk,mitra.pdf p.8 page_text chunk_9082cc6cb7d7ca45,1.0,mitra.pdf p.8 page_text chunk_9082cc6cb7d7ca45,,,
Instrument:sopat_inline_granule_imaging_probe,Paper:mitra,REPORTED_IN:4cda0195ea6e9b6d,REPORTED_IN,reported in this paper,mitra.pdf p.8 page_text chunk_9082cc6cb7d7ca45,1.0,mitra.pdf p.8 page_text chunk_9082cc6cb7d7ca45,,,
Material:rhodium_reflector,Chunk:chunk_9082cc6cb7d7ca45,EVIDENCED_BY:df61cb9a68da2134,EVIDENCED_BY,supported by chunk,mitra.pdf p.8 page_text chunk_9082cc6cb7d7ca45,1.0,mitra.pdf p.8 page_text chunk_9082cc6cb7d7ca45,,,
Material:rhodium_reflector,Paper:mitra,REPORTED_IN:41c6454adb416fe9,REPORTED_IN,reported in this paper,mitra.pdf p.8 page_text chunk_9082cc6cb7d7ca45,1.0,mitra.pdf p.8 page_text chunk_9082cc6cb7d7ca45,,,
Material:rhodium_reflector,Instrument:sopat_inline_granule_imaging_probe,PART_OF:e50d438bd8d18339,PART_OF,The rhodium reflector is used as part of the probe setup.,The probe is equipped with,0.55,mitra.pdf p.8 page_text chunk_9082cc6cb7d7ca45,chunk_9082cc6cb7d7ca45,8,mitra.pdf
Material:rhodium_reflector,Instrument:integrated_strobe_light,USES:b9cb317b624d894b,USES,The reflector is used together with the integrated strobe light.,used in conjunction with the integrated strobe light,0.85,mitra.pdf p.8 page_text chunk_9082cc6cb7d7ca45,chunk_9082cc6cb7d7ca45,8,mitra.pdf
Material:rhodium_reflector,Concept:uniform_controlled_illumination,SUPPORTS:95a2ef8f941ae2a8,SUPPORTS,Reflector and strobe light provide uniform and controlled illumination.,provide uniform and controlled illumination,0.8,mitra.pdf p.8 page_text chunk_9082cc6cb7d7ca45,chunk_9082cc6cb7d7ca45,8,mitra.pdf
Instrument:integrated_strobe_light,Chunk:chunk_9082cc6cb7d7ca45,EVIDENCED_BY:7c0defc9cf7f13a5,EVIDENCED_BY,supported by chunk,mitra.pdf p.8 page_text chunk_9082cc6cb7d7ca45,1.0,mitra.pdf p.8 page_text chunk_9082cc6cb7d7ca45,,,
Instrument:integrated_strobe_light,Paper:mitra,REPORTED_IN:e7b2ef67865b2886,REPORTED_IN,reported in this paper,mitra.pdf p.8 page_text chunk_9082cc6cb7d7ca45,1.0,mitra.pdf p.8 page_text chunk_9082cc6cb7d7ca45,,,
Concept:uniform_controlled_illumination,Chunk:chunk_9082cc6cb7d7ca45,EVIDENCED_BY:ddbf37145df54440,EVIDENCED_BY,supported by chunk,mitra.pdf p.8 page_text chunk_9082cc6cb7d7ca45,1.0,mitra.pdf p.8 page_text chunk_9082cc6cb7d7ca45,,,
Concept:uniform_controlled_illumination,Paper:mitra,REPORTED_IN:ebacfe83534c3b3d,REPORTED_IN,reported in this paper,mitra.pdf p.8 page_text chunk_9082cc6cb7d7ca45,1.0,mitra.pdf p.8 page_text chunk_9082cc6cb7d7ca45,,,
Variable:reflector_lens_distance,Chunk:chunk_9082cc6cb7d7ca45,EVIDENCED_BY:a15f64f36c442024,EVIDENCED_BY,supported by chunk,mitra.pdf p.8 page_text chunk_9082cc6cb7d7ca45,1.0,mitra.pdf p.8 page_text chunk_9082cc6cb7d7ca45,,,
Variable:reflector_lens_distance,Paper:mitra,REPORTED_IN:e2add93b9e62d924,REPORTED_IN,reported in this paper,mitra.pdf p.8 page_text chunk_9082cc6cb7d7ca45,1.0,mitra.pdf p.8 page_text chunk_9082cc6cb7d7ca45,,,
Variable:reflector_lens_distance,Concept:image_quality,AFFECTS:ce356a81aa6a3fa6,AFFECTS,Reflector placement relative to the lens influences image quality.,Optimal image quality was obtained with the reflector placed in close proximity to the lens,0.78,mitra.pdf p.8 page_text chunk_9082cc6cb7d7ca45,chunk_9082cc6cb7d7ca45,8,mitra.pdf
Variable:reflector_lens_distance,Limitation:occlusion_from_granules,AFFECTS:2c9dfd2087cadb02,AFFECTS,Increasing reflector–lens distance can reduce occlusion for certain material systems.,a larger reflector–lens distance is necessary to reduce occlusion from granules,0.82,mitra.pdf p.8 page_text chunk_9082cc6cb7d7ca45,chunk_9082cc6cb7d7ca45,8,mitra.pdf
Variable:reflector_lens_distance,Material:rhodium_reflector,MEASURES:c3490b980f3049b2,MEASURES,Reflector distance parameter specifies the reflector position relative to the lens.,Reflectordistance[µm] 1000,0.7,mitra.pdf p.8 page_text chunk_9082cc6cb7d7ca45,chunk_9082cc6cb7d7ca45,8,mitra.pdf
Concept:image_quality,Chunk:chunk_9082cc6cb7d7ca45,EVIDENCED_BY:4685eadcb0de9baa,EVIDENCED_BY,supported by chunk,mitra.pdf p.8 page_text chunk_9082cc6cb7d7ca45,1.0,mitra.pdf p.8 page_text chunk_9082cc6cb7d7ca45,,,
Concept:image_quality,Paper:mitra,REPORTED_IN:bcd66e9eecd9e87e,REPORTED_IN,reported in this paper,mitra.pdf p.8 page_text chunk_9082cc6cb7d7ca45,1.0,mitra.pdf p.8 page_text chunk_9082cc6cb7d7ca45,,,
Limitation:occlusion_from_granules,Chunk:chunk_9082cc6cb7d7ca45,EVIDENCED_BY:0907d055485af472,EVIDENCED_BY,supported by chunk,mitra.pdf p.8 page_text chunk_9082cc6cb7d7ca45,1.0,mitra.pdf p.8 page_text chunk_9082cc6cb7d7ca45,,,
Limitation:occlusion_from_granules,Paper:mitra,REPORTED_IN:1a01155b68152eff,REPORTED_IN,reported in this paper,mitra.pdf p.8 page_text chunk_9082cc6cb7d7ca45,1.0,mitra.pdf p.8 page_text chunk_9082cc6cb7d7ca45,,,
Instrument:microscopic_optical_system,Chunk:chunk_9082cc6cb7d7ca45,EVIDENCED_BY:f367de5cfc133f7b,EVIDENCED_BY,supported by chunk,mitra.pdf p.8 page_text chunk_9082cc6cb7d7ca45,1.0,mitra.pdf p.8 page_text chunk_9082cc6cb7d7ca45,,,
Instrument:microscopic_optical_system,Paper:mitra,REPORTED_IN:74317e13585af446,REPORTED_IN,reported in this paper,mitra.pdf p.8 page_text chunk_9082cc6cb7d7ca45,1.0,mitra.pdf p.8 page_text chunk_9082cc6cb7d7ca45,,,
Instrument:microscopic_optical_system,Instrument:sopat_inline_granule_imaging_probe,PART_OF:0aafa324f274a77d,PART_OF,The probe includes a microscopic optical system.,The probe is equipped with a microscopic optical system,0.9,mitra.pdf p.8 page_text chunk_9082cc6cb7d7ca45,chunk_9082cc6cb7d7ca45,8,mitra.pdf
Variable:diagonal_field_of_view,Chunk:chunk_9082cc6cb7d7ca45,EVIDENCED_BY:cd051ea3b4cf0285,EVIDENCED_BY,supported by chunk,mitra.pdf p.8 page_text chunk_9082cc6cb7d7ca45,1.0,mitra.pdf p.8 page_text chunk_9082cc6cb7d7ca45,,,
Variable:diagonal_field_of_view,Paper:mitra,REPORTED_IN:8fa66253807f9636,REPORTED_IN,reported in this paper,mitra.pdf p.8 page_text chunk_9082cc6cb7d7ca45,1.0,mitra.pdf p.8 page_text chunk_9082cc6cb7d7ca45,,,
Variable:diagonal_field_of_view,Instrument:microscopic_optical_system,HAS_PROPERTY:d39aa8e238c0a5c4,HAS_PROPERTY,The microscopic optical system offers a diagonal field of view of 800 µm.,offers a diagonal field of view of 800µm,0.88,mitra.pdf p.8 page_text chunk_9082cc6cb7d7ca45,chunk_9082cc6cb7d7ca45,8,mitra.pdf
Variable:diagonal_field_of_view,Descriptor:granule_size_range_2_300_um,SUPPORTS:0f0d02cc012c5c63,SUPPORTS,The field of view enables resolving granules in the specified size range.,enabling the resolution of granules in the approximate size range of 2µm to 300µm,0.86,mitra.pdf p.8 page_text chunk_9082cc6cb7d7ca45,chunk_9082cc6cb7d7ca45,8,mitra.pdf
Descriptor:granule_size_range_2_300_um,Chunk:chunk_9082cc6cb7d7ca45,EVIDENCED_BY:8b10c1212e689bf5,EVIDENCED_BY,supported by chunk,mitra.pdf p.8 page_text chunk_9082cc6cb7d7ca45,1.0,mitra.pdf p.8 page_text chunk_9082cc6cb7d7ca45,,,
Descriptor:granule_size_range_2_300_um,Paper:mitra,REPORTED_IN:16ab1b9c56038b69,REPORTED_IN,reported in this paper,mitra.pdf p.8 page_text chunk_9082cc6cb7d7ca45,1.0,mitra.pdf p.8 page_text chunk_9082cc6cb7d7ca45,,,
Instrument:sopat_camera,Chunk:chunk_9082cc6cb7d7ca45,EVIDENCED_BY:bac0ccfb697adfad,EVIDENCED_BY,supported by chunk,mitra.pdf p.8 page_text chunk_9082cc6cb7d7ca45,1.0,mitra.pdf p.8 page_text chunk_9082cc6cb7d7ca45,,,
Instrument:sopat_camera,Paper:mitra,REPORTED_IN:ea61feeacafea58d,REPORTED_IN,reported in this paper,mitra.pdf p.8 page_text chunk_9082cc6cb7d7ca45,1.0,mitra.pdf p.8 page_text chunk_9082cc6cb7d7ca45,,,
Instrument:sopat_camera,Material:dried_agglomerated_granules,MEASURES:2a3603a7632358ae,MEASURES,The SOPAT camera primarily captures dried agglomerated granules.,the SOPAT camera primarily captures dried agglomerated granules,0.85,mitra.pdf p.8 page_text chunk_9082cc6cb7d7ca45,chunk_9082cc6cb7d7ca45,8,mitra.pdf
Instrument:sopat_camera,Descriptor:image_format_8bit_monochrome,HAS_DESCRIPTOR:88d302c013250778,HAS_DESCRIPTOR,The camera recorded 8-bit monochrome images.,recorded 8-bit monochrome images,0.9,mitra.pdf p.8 page_text chunk_9082cc6cb7d7ca45,chunk_9082cc6cb7d7ca45,8,mitra.pdf
Instrument:sopat_camera,Variable:image_dimensions_2464x2056,HAS_PROPERTY:73f0ebc053b4a435,HAS_PROPERTY,The camera images have resolution 2464×2056 pixels.,resolution of 2464×2056 pixels,0.92,mitra.pdf p.8 page_text chunk_9082cc6cb7d7ca45,chunk_9082cc6cb7d7ca45,8,mitra.pdf
Material:dried_agglomerated_granules,Chunk:chunk_9082cc6cb7d7ca45,EVIDENCED_BY:6ad7d5465a311740,EVIDENCED_BY,supported by chunk,mitra.pdf p.8 page_text chunk_9082cc6cb7d7ca45,1.0,mitra.pdf p.8 page_text chunk_9082cc6cb7d7ca45,,,
Material:dried_agglomerated_granules,Paper:mitra,REPORTED_IN:2d9b9c5bac88b71f,REPORTED_IN,reported in this paper,mitra.pdf p.8 page_text chunk_9082cc6cb7d7ca45,1.0,mitra.pdf p.8 page_text chunk_9082cc6cb7d7ca45,,,
Material:primary_alumina_nanoparticles,Chunk:chunk_9082cc6cb7d7ca45,EVIDENCED_BY:55b2e45a212e7279,EVIDENCED_BY,supported by chunk,mitra.pdf p.8 page_text chunk_9082cc6cb7d7ca45,1.0,mitra.pdf p.8 page_text chunk_9082cc6cb7d7ca45,,,
Material:primary_alumina_nanoparticles,Paper:mitra,REPORTED_IN:af2b96d911b18e0c,REPORTED_IN,reported in this paper,mitra.pdf p.8 page_text chunk_9082cc6cb7d7ca45,1.0,mitra.pdf p.8 page_text chunk_9082cc6cb7d7ca45,,,
Limitation:resolution_limit,Chunk:chunk_9082cc6cb7d7ca45,EVIDENCED_BY:aa3e9d1b377df11e,EVIDENCED_BY,supported by chunk,mitra.pdf p.8 page_text chunk_9082cc6cb7d7ca45,1.0,mitra.pdf p.8 page_text chunk_9082cc6cb7d7ca45,,,
Limitation:resolution_limit,Paper:mitra,REPORTED_IN:25c22fbb1eb14c6d,REPORTED_IN,reported in this paper,mitra.pdf p.8 page_text chunk_9082cc6cb7d7ca45,1.0,mitra.pdf p.8 page_text chunk_9082cc6cb7d7ca45,,,
Limitation:resolution_limit,Material:primary_alumina_nanoparticles,LIMITED_BY:5289004a2f475731,LIMITED_BY,Primary alumina nanoparticles are not resolved because they fall below the resolution limit.,the individual primary alumina nanoparticles fall below the resolution limit,0.9,mitra.pdf p.8 page_text chunk_9082cc6cb7d7ca45,chunk_9082cc6cb7d7ca45,8,mitra.pdf
Dataset:imaging_parameters_table2,Chunk:chunk_9082cc6cb7d7ca45,EVIDENCED_BY:adea3b80eb1e65bc,EVIDENCED_BY,supported by chunk,mitra.pdf p.8 page_text chunk_9082cc6cb7d7ca45,1.0,mitra.pdf p.8 page_text chunk_9082cc6cb7d7ca45,,,
Dataset:imaging_parameters_table2,Paper:mitra,REPORTED_IN:9e9fb9533d947974,REPORTED_IN,reported in this paper,mitra.pdf p.8 page_text chunk_9082cc6cb7d7ca45,1.0,mitra.pdf p.8 page_text chunk_9082cc6cb7d7ca45,,,
Dataset:imaging_parameters_table2,Instrument:sopat_inline_granule_imaging_probe,REPORTED_IN:2f506fddedd5fda0,REPORTED_IN,Imaging specifications are reported for the SOPAT inline granule imaging probe.,Table 2. Imaging specifications. Image capture specifications for the SOPAT inline granule imaging probe.,0.9,mitra.pdf p.8 page_text chunk_9082cc6cb7d7ca45,chunk_9082cc6cb7d7ca45,8,mitra.pdf
Descriptor:image_format_8bit_monochrome,Chunk:chunk_9082cc6cb7d7ca45,EVIDENCED_BY:e773a4e958dd3005,EVIDENCED_BY,supported by chunk,mitra.pdf p.8 page_text chunk_9082cc6cb7d7ca45,1.0,mitra.pdf p.8 page_text chunk_9082cc6cb7d7ca45,,,
Descriptor:image_format_8bit_monochrome,Paper:mitra,REPORTED_IN:ee973e3924b8a993,REPORTED_IN,reported in this paper,mitra.pdf p.8 page_text chunk_9082cc6cb7d7ca45,1.0,mitra.pdf p.8 page_text chunk_9082cc6cb7d7ca45,,,
Variable:image_dimensions_2464x2056,Chunk:chunk_9082cc6cb7d7ca45,EVIDENCED_BY:aea8bf63f6348a52,EVIDENCED_BY,supported by chunk,mitra.pdf p.8 page_text chunk_9082cc6cb7d7ca45,1.0,mitra.pdf p.8 page_text chunk_9082cc6cb7d7ca45,,,
Variable:image_dimensions_2464x2056,Paper:mitra,REPORTED_IN:ae9912334e7db96e,REPORTED_IN,reported in this paper,mitra.pdf p.8 page_text chunk_9082cc6cb7d7ca45,1.0,mitra.pdf p.8 page_text chunk_9082cc6cb7d7ca45,,,
Variable:conversion_factor,Chunk:chunk_9082cc6cb7d7ca45,EVIDENCED_BY:8f74670639c4516e,EVIDENCED_BY,supported by chunk,mitra.pdf p.8 page_text chunk_9082cc6cb7d7ca45,1.0,mitra.pdf p.8 page_text chunk_9082cc6cb7d7ca45,,,
Variable:conversion_factor,Paper:mitra,REPORTED_IN:f7f3d19f7278a5da,REPORTED_IN,reported in this paper,mitra.pdf p.8 page_text chunk_9082cc6cb7d7ca45,1.0,mitra.pdf p.8 page_text chunk_9082cc6cb7d7ca45,,,
Variable:conversion_factor,Instrument:sopat_camera,APPLIES_TO:4d87f6ea822a3e9f,APPLIES_TO,A spatial conversion factor is applied to the camera images to obtain physical measurements.,was applied to convert pixel dimensions into real physical measurements,0.87,mitra.pdf p.8 page_text chunk_9082cc6cb7d7ca45,chunk_9082cc6cb7d7ca45,8,mitra.pdf
Variable:frame_rate,Chunk:chunk_9082cc6cb7d7ca45,EVIDENCED_BY:7738a87db061e33e,EVIDENCED_BY,supported by chunk,mitra.pdf p.8 page_text chunk_9082cc6cb7d7ca45,1.0,mitra.pdf p.8 page_text chunk_9082cc6cb7d7ca45,,,
Variable:frame_rate,Paper:mitra,REPORTED_IN:419c72fb70d929aa,REPORTED_IN,reported in this paper,mitra.pdf p.8 page_text chunk_9082cc6cb7d7ca45,1.0,mitra.pdf p.8 page_text chunk_9082cc6cb7d7ca45,,,
Variable:frame_rate,Dataset:sopat_image_series,HAS_PROPERTY:fed4d263746e3260,HAS_PROPERTY,Images were acquired at a fixed frame rate of 20 Hz.,at a fixed frame rate of 20Hz,0.9,mitra.pdf p.8 page_text chunk_9082cc6cb7d7ca45,chunk_9082cc6cb7d7ca45,8,mitra.pdf
Variable:frame_rate,Limitation:biased_statistical_evaluations,INFLUENCES:bfcd5e5acc8a712f,INFLUENCES,Frame rate selection aims to reduce repeated captures that could bias statistics.,could otherwise lead to biased statistical evaluations,0.83,mitra.pdf p.8 page_text chunk_9082cc6cb7d7ca45,chunk_9082cc6cb7d7ca45,8,mitra.pdf
Concept:statistical_significance_granule_size_distribution,Chunk:chunk_9082cc6cb7d7ca45,EVIDENCED_BY:8cf9d130c35d5e49,EVIDENCED_BY,supported by chunk,mitra.pdf p.8 page_text chunk_9082cc6cb7d7ca45,1.0,mitra.pdf p.8 page_text chunk_9082cc6cb7d7ca45,,,
Concept:statistical_significance_granule_size_distribution,Paper:mitra,REPORTED_IN:a97193700a2a0ec9,REPORTED_IN,reported in this paper,mitra.pdf p.8 page_text chunk_9082cc6cb7d7ca45,1.0,mitra.pdf p.8 page_text chunk_9082cc6cb7d7ca45,,,
Limitation:biased_statistical_evaluations,Chunk:chunk_9082cc6cb7d7ca45,EVIDENCED_BY:1f633f8467999a2a,EVIDENCED_BY,supported by chunk,mitra.pdf p.8 page_text chunk_9082cc6cb7d7ca45,1.0,mitra.pdf p.8 page_text chunk_9082cc6cb7d7ca45,,,
Limitation:biased_statistical_evaluations,Paper:mitra,REPORTED_IN:66f42d005db4946d,REPORTED_IN,reported in this paper,mitra.pdf p.8 page_text chunk_9082cc6cb7d7ca45,1.0,mitra.pdf p.8 page_text chunk_9082cc6cb7d7ca45,,,
Variable:focus_position,Chunk:chunk_9082cc6cb7d7ca45,EVIDENCED_BY:2b57ca5d6d8190fe,EVIDENCED_BY,supported by chunk,mitra.pdf p.8 page_text chunk_9082cc6cb7d7ca45,1.0,mitra.pdf p.8 page_text chunk_9082cc6cb7d7ca45,,,
Variable:focus_position,Paper:mitra,REPORTED_IN:7304656ddc58bc0d,REPORTED_IN,reported in this paper,mitra.pdf p.8 page_text chunk_9082cc6cb7d7ca45,1.0,mitra.pdf p.8 page_text chunk_9082cc6cb7d7ca45,,,
Variable:focus_position,Concept:image_quality,AFFECTS:4fd4521f2ca6feda,AFFECTS,Focus was adjusted to optimize image clarity for granules passing through the focal plane.,to optimize image clarity for granules,0.8,mitra.pdf p.8 page_text chunk_9082cc6cb7d7ca45,chunk_9082cc6cb7d7ca45,8,mitra.pdf
Variable:strobe_intensity,Chunk:chunk_9082cc6cb7d7ca45,EVIDENCED_BY:456d4cad4c08e5c8,EVIDENCED_BY,supported by chunk,mitra.pdf p.8 page_text chunk_9082cc6cb7d7ca45,1.0,mitra.pdf p.8 page_text chunk_9082cc6cb7d7ca45,,,
Variable:strobe_intensity,Paper:mitra,REPORTED_IN:7ba5558b7d9dcc60,REPORTED_IN,reported in this paper,mitra.pdf p.8 page_text chunk_9082cc6cb7d7ca45,1.0,mitra.pdf p.8 page_text chunk_9082cc6cb7d7ca45,,,
Variable:exposure_time,Chunk:chunk_9082cc6cb7d7ca45,EVIDENCED_BY:fe35b717016aa809,EVIDENCED_BY,supported by chunk,mitra.pdf p.8 page_text chunk_9082cc6cb7d7ca45,1.0,mitra.pdf p.8 page_text chunk_9082cc6cb7d7ca45,,,
Variable:exposure_time,Paper:mitra,REPORTED_IN:78f466d1ad3b22aa,REPORTED_IN,reported in this paper,mitra.pdf p.8 page_text chunk_9082cc6cb7d7ca45,1.0,mitra.pdf p.8 page_text chunk_9082cc6cb7d7ca45,,,
Dataset:sopat_image_series,Chunk:chunk_9082cc6cb7d7ca45,EVIDENCED_BY:d3ecbef9341216b2,EVIDENCED_BY,supported by chunk,mitra.pdf p.8 page_text chunk_9082cc6cb7d7ca45,1.0,mitra.pdf p.8 page_text chunk_9082cc6cb7d7ca45,,,
Dataset:sopat_image_series,Paper:mitra,REPORTED_IN:579c8b9a11e9be00,REPORTED_IN,reported in this paper,mitra.pdf p.8 page_text chunk_9082cc6cb7d7ca45,1.0,mitra.pdf p.8 page_text chunk_9082cc6cb7d7ca45,,,
Dataset:sopat_image_series,Concept:statistical_significance_granule_size_distribution,SUPPORTS:9cd069b6993113c4,SUPPORTS,Acquiring 100 images per condition supports statistical significance of size distributions.,"To ensure statistical significance in the granule size distribution at each time point, 100 images were acquired",0.84,mitra.pdf p.8 page_text chunk_9082cc6cb7d7ca45,chunk_9082cc6cb7d7ca45,8,mitra.pdf
Dataset:sopat_image_series,Method:image_processing_method,USES:47f3e4ae020d60cd,USES,The collected image series was processed to extract size and shape descriptor distributions.,was subsequently processed to extract granule size and shape descriptor distributions,0.9,mitra.pdf p.8 page_text chunk_9082cc6cb7d7ca45,chunk_9082cc6cb7d7ca45,8,mitra.pdf
Method:image_processing_method,Chunk:chunk_9082cc6cb7d7ca45,EVIDENCED_BY:d192c68c8d28bffe,EVIDENCED_BY,supported by chunk,mitra.pdf p.8 page_text chunk_9082cc6cb7d7ca45,1.0,mitra.pdf p.8 page_text chunk_9082cc6cb7d7ca45,,,
Method:image_processing_method,Paper:mitra,REPORTED_IN:adbe8f6627174490,REPORTED_IN,reported in this paper,mitra.pdf p.8 page_text chunk_9082cc6cb7d7ca45,1.0,mitra.pdf p.8 page_text chunk_9082cc6cb7d7ca45,,,
Method:two_dimensional_image_analysis,Chunk:chunk_9082cc6cb7d7ca45,EVIDENCED_BY:418071483b0de729,EVIDENCED_BY,supported by chunk,mitra.pdf p.8 page_text chunk_9082cc6cb7d7ca45,1.0,mitra.pdf p.8 page_text chunk_9082cc6cb7d7ca45,,,
Method:two_dimensional_image_analysis,Paper:mitra,REPORTED_IN:0d3f302e833f1721,REPORTED_IN,reported in this paper,mitra.pdf p.8 page_text chunk_9082cc6cb7d7ca45,1.0,mitra.pdf p.8 page_text chunk_9082cc6cb7d7ca45,,,
Method:two_dimensional_image_analysis,Dataset:sopat_image_series,DERIVED_FROM:1c85c55828162ac6,DERIVED_FROM,2D image analysis is performed on SOPAT images.,derived from two-dimensional (2D) image analysis of SOPAT images,0.88,mitra.pdf p.8 page_text chunk_9082cc6cb7d7ca45,chunk_9082cc6cb7d7ca45,8,mitra.pdf
Descriptor:maximum_feret_diameter,Chunk:chunk_9082cc6cb7d7ca45,EVIDENCED_BY:375063bd985f87d5,EVIDENCED_BY,supported by chunk,mitra.pdf p.8 page_text chunk_9082cc6cb7d7ca45,1.0,mitra.pdf p.8 page_text chunk_9082cc6cb7d7ca45,,,
Descriptor:maximum_feret_diameter,Paper:mitra,REPORTED_IN:4c9260405ebb5bd2,REPORTED_IN,reported in this paper,mitra.pdf p.8 page_text chunk_9082cc6cb7d7ca45,1.0,mitra.pdf p.8 page_text chunk_9082cc6cb7d7ca45,,,
Descriptor:maximum_feret_diameter,Method:two_dimensional_image_analysis,DERIVED_FROM:db46d51b444e31db,DERIVED_FROM,Maximum Feret diameter is derived from 2D image analysis.,two key size and shape descriptors derived from two-dimensional (2D) image analysis,0.82,mitra.pdf p.8 page_text chunk_9082cc6cb7d7ca45,chunk_9082cc6cb7d7ca45,8,mitra.pdf
Descriptor:maximum_feret_diameter,Variable:d_fmax,MENTIONS:3c7493a34d278f23,MENTIONS,Maximum Feret diameter is denoted by d_Fmax.,Maximum Feret diameter (d )—,0.75,mitra.pdf p.8 page_text chunk_9082cc6cb7d7ca45,chunk_9082cc6cb7d7ca45,8,mitra.pdf
