source,target,key,type,description,evidence,confidence,citations,chunk_id,page,file_name
Paper:mitra,Paper:regolith,COMPARES_WITH:9d4534d5bf61fb5e,COMPARES_WITH,Embedding/profile similarity=0.519; shared topics: ,mitra.pdf || regolith.pdf,0.519,mitra.pdf || regolith.pdf,,,
Document:doc_mitra_p16,Paper:mitra,REPORTED_IN:618bb6aae5dbcebe,REPORTED_IN,reported in this paper,mitra.pdf p.16 page_text chunk_bb79271b66b555df,1.0,mitra.pdf p.16 page_text chunk_bb79271b66b555df,,,
Variable:d_fmax,Paper:mitra,REPORTED_IN:bbc10e05e71d7235,REPORTED_IN,reported in this paper,mitra.pdf p.8 page_text chunk_9082cc6cb7d7ca45,1.0,mitra.pdf p.8 page_text chunk_9082cc6cb7d7ca45,,,
Variable:psi_a,Paper:mitra,REPORTED_IN:c1dce45936dd04fc,REPORTED_IN,reported in this paper,mitra.pdf p.16 page_text chunk_bb79271b66b555df,1.0,mitra.pdf p.16 page_text chunk_bb79271b66b555df,,,
Instrument:sopat,Paper:mitra,REPORTED_IN:0dc6e877bd385ada,REPORTED_IN,reported in this paper,mitra.pdf p.16 page_text chunk_bb79271b66b555df,1.0,mitra.pdf p.16 page_text chunk_bb79271b66b555df,,,
Method:sopat_image_measurement,Paper:mitra,REPORTED_IN:94bc3a90e13d5b8d,REPORTED_IN,reported in this paper,mitra.pdf p.16 page_text chunk_bb79271b66b555df,1.0,mitra.pdf p.16 page_text chunk_bb79271b66b555df,,,
Method:sopat_image_measurement,Instrument:sopat,USES:06cee52185602a36,USES,The per-granule descriptor values are obtained from SOPAT images.,from the SOPAT images,0.8,mitra.pdf p.16 page_text chunk_bb79271b66b555df,chunk_bb79271b66b555df,16,mitra.pdf
Method:sopat_image_measurement,Variable:d_fmax,MEASURES:3dbffd6d6cd91581,MEASURES,The SOPAT-image-based measurement yields maximum Feret diameter values.,represent the maximum Feret diameter ... from the SOPAT images,0.8,mitra.pdf p.16 page_text chunk_bb79271b66b555df,chunk_bb79271b66b555df,16,mitra.pdf
Method:sopat_image_measurement,Variable:psi_a,MEASURES:1cb2e785c9465fbd,MEASURES,The SOPAT-image-based measurement yields aspect ratio values.,and aspect ratio ... from the SOPAT images,0.8,mitra.pdf p.16 page_text chunk_bb79271b66b555df,chunk_bb79271b66b555df,16,mitra.pdf
Concept:epcc,Paper:mitra,REPORTED_IN:285b16c3e8b969a3,REPORTED_IN,reported in this paper,mitra.pdf p.16 page_text chunk_bb79271b66b555df,1.0,mitra.pdf p.16 page_text chunk_bb79271b66b555df,,,
Concept:epcc,Document:doc_mitra_p16,REPORTED_IN:0cc95b53bf91a9ee,REPORTED_IN,The chunk introduces EPCC as the metric used to quantify linear correlation.,the empirical Pearson correlation coefficients (EPCC) were considered,0.9,mitra.pdf p.16 page_text chunk_bb79271b66b555df,chunk_bb79271b66b555df,16,mitra.pdf
Concept:epcc,Equation:eq_epcc_9,DERIVED_FROM:87c344636bcfb582,DERIVED_FROM,EPCC is defined by Equation (9).,"EPCC(x,y) = ... , (9)",0.9,mitra.pdf p.16 page_text chunk_bb79271b66b555df,chunk_bb79271b66b555df,16,mitra.pdf
Equation:eq_epcc_9,Paper:mitra,REPORTED_IN:3ad0b6d5cf827f7c,REPORTED_IN,reported in this paper,mitra.pdf p.16 page_text chunk_bb79271b66b555df,1.0,mitra.pdf p.16 page_text chunk_bb79271b66b555df,,,
Equation:eq_epcc_9,Variable:x_mean,MENTIONS:6b4daa66beb705b6,MENTIONS,Equation (9) specifies x as the mean of x values.,where x and y are the means of the x and y values,0.85,mitra.pdf p.16 page_text chunk_bb79271b66b555df,chunk_bb79271b66b555df,16,mitra.pdf
Equation:eq_epcc_9,Variable:y_mean,MENTIONS:9b42261fe4c28390,MENTIONS,Equation (9) specifies y as the mean of y values.,where x and y are the means of the x and y values,0.85,mitra.pdf p.16 page_text chunk_bb79271b66b555df,chunk_bb79271b66b555df,16,mitra.pdf
Equation:eq_epcc_9,Variable:x_i,MENTIONS:0d78fbb4477facce,MENTIONS,Equation (9) uses per-sample x_i values.,∑n i=1 (x_i − x),0.8,mitra.pdf p.16 page_text chunk_bb79271b66b555df,chunk_bb79271b66b555df,16,mitra.pdf
Equation:eq_epcc_9,Variable:y_i,MENTIONS:43c3c6620a5a83d0,MENTIONS,Equation (9) uses per-sample y_i values.,∑n i=1 (y_i − y),0.8,mitra.pdf p.16 page_text chunk_bb79271b66b555df,chunk_bb79271b66b555df,16,mitra.pdf
Variable:x_i,Paper:mitra,REPORTED_IN:b2948bb0144f5e3a,REPORTED_IN,reported in this paper,mitra.pdf p.16 page_text chunk_bb79271b66b555df,1.0,mitra.pdf p.16 page_text chunk_bb79271b66b555df,,,
Variable:x_i,Variable:d_fmax,HAS_DESCRIPTOR:fb3d8b8dc36158e6,HAS_DESCRIPTOR,x_i corresponds to the maximum Feret diameter descriptor for the i-th granule.,x_i represent the maximum Feret diameter,0.85,mitra.pdf p.16 page_text chunk_bb79271b66b555df,chunk_bb79271b66b555df,16,mitra.pdf
Variable:y_i,Paper:mitra,REPORTED_IN:a1032f0d460120a3,REPORTED_IN,reported in this paper,mitra.pdf p.16 page_text chunk_bb79271b66b555df,1.0,mitra.pdf p.16 page_text chunk_bb79271b66b555df,,,
Variable:y_i,Variable:psi_a,HAS_DESCRIPTOR:d8b8c76a67c0f91e,HAS_DESCRIPTOR,y_i corresponds to the aspect ratio descriptor for the i-th granule.,and aspect ratio of the i-th granule,0.85,mitra.pdf p.16 page_text chunk_bb79271b66b555df,chunk_bb79271b66b555df,16,mitra.pdf
Variable:x_mean,Paper:mitra,REPORTED_IN:7403f6b3b3ccf771,REPORTED_IN,reported in this paper,mitra.pdf p.16 equation_candidate chunk_1c86e251de2cb8bc,1.0,mitra.pdf p.16 equation_candidate chunk_1c86e251de2cb8bc,,,
Variable:x_mean,Variable:xi,DERIVED_FROM:343e00ea8454f443,DERIVED_FROM,The mean x is defined as the mean of the x_i values.,"x and y are the means of the x i and y i values, respectively",0.85,mitra.pdf p.16 equation_candidate chunk_1c86e251de2cb8bc,chunk_1c86e251de2cb8bc,16,mitra.pdf
Variable:y_mean,Paper:mitra,REPORTED_IN:3b5a34c68e4bc0d9,REPORTED_IN,reported in this paper,mitra.pdf p.16 equation_candidate chunk_1c86e251de2cb8bc,1.0,mitra.pdf p.16 equation_candidate chunk_1c86e251de2cb8bc,,,
Variable:y_mean,Variable:yi,DERIVED_FROM:c376887d3c38f21c,DERIVED_FROM,The mean y is defined as the mean of the y_i values.,"x and y are the means of the x i and y i values, respectively",0.85,mitra.pdf p.16 equation_candidate chunk_1c86e251de2cb8bc,chunk_1c86e251de2cb8bc,16,mitra.pdf
Dataset:experiments_f_set,Paper:mitra,REPORTED_IN:43a183151cc28219,REPORTED_IN,reported in this paper,mitra.pdf p.16 page_text chunk_bb79271b66b555df,1.0,mitra.pdf p.16 page_text chunk_bb79271b66b555df,,,
Finding:finding_no_linear_corr,Paper:mitra,REPORTED_IN:f9f4c1ee6e8e2f58,REPORTED_IN,reported in this paper,mitra.pdf p.16 page_text chunk_bb79271b66b555df,1.0,mitra.pdf p.16 page_text chunk_bb79271b66b555df,,,
Finding:finding_no_linear_corr,Dataset:experiments_f_set,APPLIES_TO:ae65e31d65a1269a,APPLIES_TO,The near-zero EPCC result is reported for the listed experiments.,"For the experiments F1B2, F2B2, F3B2, F1B1, F1B3, and F1B4",0.85,mitra.pdf p.16 page_text chunk_bb79271b66b555df,chunk_bb79271b66b555df,16,mitra.pdf
Finding:finding_no_linear_corr,Concept:epcc,EVIDENCED_BY:1a07a3b686f3312b,EVIDENCED_BY,Little to no linear correlation is supported by EPCC values close to 0 and below 0.02.,"EPCC had values close to 0 (EPCC < 0.02), indicating little to no linear correlation",0.9,mitra.pdf p.16 page_text chunk_bb79271b66b555df,chunk_bb79271b66b555df,16,mitra.pdf
Finding:finding_no_linear_corr,Variable:d_fmax,MENTIONS:08514a25965ee60b,MENTIONS,The finding concerns maximum Feret diameter as one of the two descriptors.,the granule descriptors d_Fmax and Ψ_A,0.8,mitra.pdf p.16 page_text chunk_bb79271b66b555df,chunk_bb79271b66b555df,16,mitra.pdf
Finding:finding_no_linear_corr,Variable:psi_a,MENTIONS:1b1e57b5746cdfd2,MENTIONS,The finding concerns aspect ratio as one of the two descriptors.,the granule descriptors d_Fmax and Ψ_A,0.8,mitra.pdf p.16 page_text chunk_bb79271b66b555df,chunk_bb79271b66b555df,16,mitra.pdf
Finding:finding_no_linear_corr,Limitation:lim_independence_assumption,SUPPORTS:2cd87cfb9e80da31,SUPPORTS,Near-zero EPCC values are used to justify treating the descriptors as independent (and neglecting dependency modeling).,"observed near-zero EPCC values suggest ... thus, for simplicity, any modeling of their dependency will be neglected",0.85,mitra.pdf p.16 page_text chunk_bb79271b66b555df,chunk_bb79271b66b555df,16,mitra.pdf
Limitation:lim_independence_assumption,Paper:mitra,REPORTED_IN:d161b6ed19efa557,REPORTED_IN,reported in this paper,mitra.pdf p.16 page_text chunk_bb79271b66b555df,1.0,mitra.pdf p.16 page_text chunk_bb79271b66b555df,,,
Limitation:lim_independence_assumption,Variable:d_fmax,APPLIES_TO:cf9ea506e4c96b44,APPLIES_TO,Independence assumption applies to maximum Feret diameter in the joint modeling.,"maximum Feret diameter and aspect ratio, which are assumed to be independent random variables",0.85,mitra.pdf p.16 page_text chunk_bb79271b66b555df,chunk_bb79271b66b555df,16,mitra.pdf
Limitation:lim_independence_assumption,Variable:psi_a,APPLIES_TO:8f967db590b60eda,APPLIES_TO,Independence assumption applies to aspect ratio in the joint modeling.,"maximum Feret diameter and aspect ratio, which are assumed to be independent random variables",0.85,mitra.pdf p.16 page_text chunk_bb79271b66b555df,chunk_bb79271b66b555df,16,mitra.pdf
Finding:finding_neglect_dependency,Paper:mitra,REPORTED_IN:463ff20864cb211e,REPORTED_IN,reported in this paper,mitra.pdf p.16 page_text chunk_bb79271b66b555df,1.0,mitra.pdf p.16 page_text chunk_bb79271b66b555df,,,
Finding:finding_neglect_dependency,Finding:finding_no_linear_corr,DERIVED_FROM:2a063a88743a0881,DERIVED_FROM,The decision to neglect dependency modeling is based on the near-zero correlation observation.,"The observed near-zero EPCC values suggest ... and thus, for simplicity, any modeling of their dependency will be neglected",0.85,mitra.pdf p.16 page_text chunk_bb79271b66b555df,chunk_bb79271b66b555df,16,mitra.pdf
Concept:joint_bivariate_densities,Paper:mitra,REPORTED_IN:8b63397d5b3ac8de,REPORTED_IN,reported in this paper,mitra.pdf p.16 page_text chunk_bb79271b66b555df,1.0,mitra.pdf p.16 page_text chunk_bb79271b66b555df,,,
Concept:joint_bivariate_densities,Limitation:lim_independence_assumption,LIMITED_BY:47f6a331a6a12cdf,LIMITED_BY,The joint predicted probability densities are constructed under an independence assumption.,joint predicted probability densities ... which are assumed to be independent random variables,0.85,mitra.pdf p.16 page_text chunk_bb79271b66b555df,chunk_bb79271b66b555df,16,mitra.pdf
Method:fitted_parametric_densities,Paper:mitra,REPORTED_IN:925a83c6027b02a0,REPORTED_IN,reported in this paper,mitra.pdf p.16 page_text chunk_bb79271b66b555df,1.0,mitra.pdf p.16 page_text chunk_bb79271b66b555df,,,
Method:fitted_parametric_densities,Dataset:experiments_f_set,APPLIES_TO:49f6d82f0f060ca4,APPLIES_TO,Fitted densities are shown for specific experiments in the set.,"the fitted densities for the experiments F1B2, F2B2, F1B3, and F1B4",0.75,mitra.pdf p.16 page_text chunk_bb79271b66b555df,chunk_bb79271b66b555df,16,mitra.pdf
Finding:finding_high_agreement,Paper:mitra,REPORTED_IN:da65b8f456f2aaf6,REPORTED_IN,reported in this paper,mitra.pdf p.16 page_text chunk_bb79271b66b555df,1.0,mitra.pdf p.16 page_text chunk_bb79271b66b555df,,,
Finding:finding_high_agreement,Method:fitted_parametric_densities,SUPPORTS:6069db04d9adacc4,SUPPORTS,The chunk reports that fitted parametric densities agree well with measured descriptors.,high agreement of the fitted parametric probability densities with the displayed measured granule descriptors,0.8,mitra.pdf p.16 page_text chunk_bb79271b66b555df,chunk_bb79271b66b555df,16,mitra.pdf
Variable:feed_rate,Paper:mitra,REPORTED_IN:caa73c09ab7c0259,REPORTED_IN,reported in this paper,mitra.pdf p.9 page_text chunk_292a513b17ac9374,1.0,mitra.pdf p.9 page_text chunk_292a513b17ac9374,,,
Variable:feed_rate,Concept:joint_bivariate_densities,INFLUENCES:7360648eb05314ad,INFLUENCES,The joint probability densities are shown for specified feed rates as process parameters.,these probability densities are shown for a feed rate of 12.5 mL min−1 ... as well as a feed rate of 11 mL min−1,0.7,mitra.pdf p.16 page_text chunk_bb79271b66b555df,chunk_bb79271b66b555df,16,mitra.pdf
Variable:feed_rate,Concept:atomization_process,INFLUENCES:f9923640554474ad,INFLUENCES,Feed rate is investigated for its influence on the atomization process.,influence of feed rate and binder concentration on the atomization process,0.85,mitra.pdf p.10 page_text chunk_895bf8c81d74ac37,chunk_895bf8c81d74ac37,10,mitra.pdf
Variable:feed_rate,Concept:size_distribution,INFLUENCES:8dfa002b054b7d14,INFLUENCES,Feed rate is a process parameter whose effect will be compared on granule size distribution.,comparetheeffectsofdifferentprocessparameters(feedrate andbinderconcentration)onthesizedistribution,0.75,mitra.pdf p.9 page_text chunk_292a513b17ac9374,chunk_292a513b17ac9374,9,mitra.pdf
Variable:feed_rate,Concept:shape_uniformity,INFLUENCES:df8d02844ce07613,INFLUENCES,Feed rate is a process parameter whose effect will be compared on granule shape uniformity.,andshapeuniformityofthegranules,0.65,mitra.pdf p.9 page_text chunk_292a513b17ac9374,chunk_292a513b17ac9374,9,mitra.pdf
Variable:binder_concentration,Paper:mitra,REPORTED_IN:09046a14f72eb283,REPORTED_IN,reported in this paper,mitra.pdf p.9 page_text chunk_292a513b17ac9374,1.0,mitra.pdf p.9 page_text chunk_292a513b17ac9374,,,
Variable:binder_concentration,Concept:joint_bivariate_densities,INFLUENCES:235983665cef9e8f,INFLUENCES,The joint probability densities are shown for specified binder concentrations as process parameters.,a binder concentration of 0.8 wt% ... and a binder concentration of 2.4 wt%,0.7,mitra.pdf p.16 page_text chunk_bb79271b66b555df,chunk_bb79271b66b555df,16,mitra.pdf
Variable:binder_concentration,Concept:atomization_process,INFLUENCES:bab1289cf94185a6,INFLUENCES,Binder concentration is investigated for its influence on the atomization process.,influence of feed rate and binder concentration on the atomization process,0.85,mitra.pdf p.10 page_text chunk_895bf8c81d74ac37,chunk_895bf8c81d74ac37,10,mitra.pdf
Variable:binder_concentration,Concept:size_distribution,INFLUENCES:332cde3954afc27c,INFLUENCES,Binder concentration is a process parameter whose effect will be compared on granule size distribution.,comparetheeffectsofdifferentprocessparameters(feedrate andbinderconcentration)onthesizedistribution,0.75,mitra.pdf p.9 page_text chunk_292a513b17ac9374,chunk_292a513b17ac9374,9,mitra.pdf
Variable:binder_concentration,Concept:shape_uniformity,INFLUENCES:dba805b4e3c87556,INFLUENCES,Binder concentration is a process parameter whose effect will be compared on granule shape uniformity.,andshapeuniformityofthegranules,0.65,mitra.pdf p.9 page_text chunk_292a513b17ac9374,chunk_292a513b17ac9374,9,mitra.pdf
Equation:theta_equals_g_of_z,Paper:mitra,REPORTED_IN:4d61b423e0d74fc7,REPORTED_IN,reported in this paper,mitra.pdf p.16 page_text chunk_bb79271b66b555df,1.0,mitra.pdf p.16 page_text chunk_bb79271b66b555df,,,
Equation:theta_equals_g_of_z,Variable:z_concentration,DERIVED_FROM:86be8cc098fb2aa8,DERIVED_FROM,The model parameters θ are expressed as a function of concentration z.,θ = g(z),0.8,mitra.pdf p.16 page_text chunk_bb79271b66b555df,chunk_bb79271b66b555df,16,mitra.pdf
Variable:z_concentration,Paper:mitra,REPORTED_IN:b8e382aac34a18af,REPORTED_IN,reported in this paper,mitra.pdf p.16 page_text chunk_bb79271b66b555df,1.0,mitra.pdf p.16 page_text chunk_bb79271b66b555df,,,
Variable:z_concentration,Document:doc_mitra_p16,REPORTED_IN:57be72019dfb32e0,REPORTED_IN,The chunk specifies the range of concentrations z considered.,"arbitrary concentrations z ∈ [0.8, 3.2]",0.8,mitra.pdf p.16 page_text chunk_bb79271b66b555df,chunk_bb79271b66b555df,16,mitra.pdf
Equation:eq_7_8_ref,Paper:mitra,REPORTED_IN:1c62e2a27743c943,REPORTED_IN,reported in this paper,mitra.pdf p.16 page_text chunk_bb79271b66b555df,1.0,mitra.pdf p.16 page_text chunk_bb79271b66b555df,,,
Method:prob_density_prediction,Paper:mitra,REPORTED_IN:aa5eb2c428df8acd,REPORTED_IN,reported in this paper,mitra.pdf p.16 page_text chunk_bb79271b66b555df,1.0,mitra.pdf p.16 page_text chunk_bb79271b66b555df,,,
Method:prob_density_prediction,Equation:theta_equals_g_of_z,USES:dba509b795b95e6b,USES,Predicted model parameters θ=g(z) are inserted as part of density prediction.,By inserting the predicted model parameters θ = g(z),0.85,mitra.pdf p.16 page_text chunk_bb79271b66b555df,chunk_bb79271b66b555df,16,mitra.pdf
Method:prob_density_prediction,Equation:eq_7_8_ref,USES:755a519e8e4df30e,USES,Density prediction is performed by inserting predicted parameters into Equations (7) and (8).,"into Equations (7) and (8), predictions for the probability densities",0.85,mitra.pdf p.16 page_text chunk_bb79271b66b555df,chunk_bb79271b66b555df,16,mitra.pdf
Document:doc_mitra_p10,Paper:mitra,REPORTED_IN:24c6f0ea55232bf8,REPORTED_IN,reported in this paper,mitra.pdf p.10 page_text chunk_895bf8c81d74ac37,1.0,mitra.pdf p.10 page_text chunk_895bf8c81d74ac37,,,
Document:doc_mitra_p10,Method:mle,MENTIONS:df5e0a659914ad2d,MENTIONS,The document chunk mentions maximum likelihood estimation for parameter fitting.,by means of maximum likelihood estimation,0.95,mitra.pdf p.10 page_text chunk_895bf8c81d74ac37,chunk_895bf8c81d74ac37,10,mitra.pdf
Document:doc_mitra_p10,Instrument:hiwatch_s_ptv,MENTIONS:46b47cd6a471dbac,MENTIONS,The document chunk mentions the HiWatchS-PTV system for droplet data acquisition.,Using the HiWatchS-PTV system,0.95,mitra.pdf p.10 page_text chunk_895bf8c81d74ac37,chunk_895bf8c81d74ac37,10,mitra.pdf
Method:mle,Paper:mitra,REPORTED_IN:8a211708f0306983,REPORTED_IN,reported in this paper,mitra.pdf p.10 page_text chunk_895bf8c81d74ac37,1.0,mitra.pdf p.10 page_text chunk_895bf8c81d74ac37,,,
Method:mle,Concept:likelihood_l,USES:fb76d03e0398a4fd,USES,Maximum likelihood estimation determines optimal parameter values by maximizing the likelihood function L.,by means of maximum likelihood estimation... the optimal parameter values... can be determined by maximizing the likelihood function,0.9,mitra.pdf p.10 page_text chunk_895bf8c81d74ac37,chunk_895bf8c81d74ac37,10,mitra.pdf
Concept:likelihood_l,Paper:mitra,REPORTED_IN:6321717a72a884e0,REPORTED_IN,reported in this paper,mitra.pdf p.10 page_text chunk_895bf8c81d74ac37,1.0,mitra.pdf p.10 page_text chunk_895bf8c81d74ac37,,,
Equation:eq3_likelihood,Paper:mitra,REPORTED_IN:90bdd8a3d08aee99,REPORTED_IN,reported in this paper,mitra.pdf p.10 page_text chunk_895bf8c81d74ac37,1.0,mitra.pdf p.10 page_text chunk_895bf8c81d74ac37,,,
Equation:eq3_likelihood,Concept:likelihood_l,REPORTED_IN:7f3fbc4c80e5de21,REPORTED_IN,Equation (3) reports the mathematical form of the likelihood function L.,"the likelihood function L: Θn →R was considered, which is given by ... (3)",0.9,mitra.pdf p.10 page_text chunk_895bf8c81d74ac37,chunk_895bf8c81d74ac37,10,mitra.pdf
Equation:eq4_argmax,Paper:mitra,REPORTED_IN:d04cd8a1e6bfaa69,REPORTED_IN,reported in this paper,mitra.pdf p.10 page_text chunk_895bf8c81d74ac37,1.0,mitra.pdf p.10 page_text chunk_895bf8c81d74ac37,,,
Equation:eq4_argmax,Method:mle,REPORTED_IN:e28d597c12641cdf,REPORTED_IN,Equation (4) reports the argmax criterion used in maximum likelihood estimation.,"(θ∗,...,θ∗) = argmax L(θ,...,θ ). (4)",0.9,mitra.pdf p.10 page_text chunk_895bf8c81d74ac37,chunk_895bf8c81d74ac37,10,mitra.pdf
Finding:parametric_family_selection,Paper:mitra,REPORTED_IN:86954fda128cd5dd,REPORTED_IN,reported in this paper,mitra.pdf p.10 page_text chunk_895bf8c81d74ac37,1.0,mitra.pdf p.10 page_text chunk_895bf8c81d74ac37,,,
Finding:parametric_family_selection,Concept:likelihood_l,DERIVED_FROM:0950246d5e50cf2c,DERIVED_FROM,Selecting the best-fitting parametric family is based on comparing maximized likelihood values.,the family leading to the best fit can be identified by choosing the family that yields the largest likelihood value,0.88,mitra.pdf p.10 page_text chunk_895bf8c81d74ac37,chunk_895bf8c81d74ac37,10,mitra.pdf
Concept:prob_density_f,Paper:mitra,REPORTED_IN:9d371db3d2bdac62,REPORTED_IN,reported in this paper,mitra.pdf p.10 page_text chunk_895bf8c81d74ac37,1.0,mitra.pdf p.10 page_text chunk_895bf8c81d74ac37,,,
Concept:prob_density_f,Descriptor:descriptor_under_consideration,APPLIES_TO:2432a1265bbc4954,APPLIES_TO,The probability density being modeled is for the descriptor under consideration.,predict the probability density of the descriptor under consideration,0.82,mitra.pdf p.10 page_text chunk_895bf8c81d74ac37,chunk_895bf8c81d74ac37,10,mitra.pdf
Descriptor:descriptor_under_consideration,Paper:mitra,REPORTED_IN:efb8cfa8630104e8,REPORTED_IN,reported in this paper,mitra.pdf p.10 page_text chunk_895bf8c81d74ac37,1.0,mitra.pdf p.10 page_text chunk_895bf8c81d74ac37,,,
Variable:process_parameter_z,Paper:mitra,REPORTED_IN:d8d7792aead3771d,REPORTED_IN,reported in this paper,mitra.pdf p.15 page_text chunk_07eaf63ef31d9e7c,1.0,mitra.pdf p.15 page_text chunk_07eaf63ef31d9e7c,,,
Variable:process_parameter_z,Variable:feed_rate,HAS_DESCRIPTOR:0ee94f1967fca6fb,HAS_DESCRIPTOR,"In the F series, the process parameter z corresponds to feed rate.",the process parameters z (the feedrate in the F series,0.88,mitra.pdf p.15 page_text chunk_07eaf63ef31d9e7c,chunk_07eaf63ef31d9e7c,15,mitra.pdf
Variable:process_parameter_z,Variable:binder_concentration,HAS_DESCRIPTOR:b95b693c9a97183e,HAS_DESCRIPTOR,"In the B series, the process parameter z corresponds to binder concentration.",and the binder concentration in the B series),0.88,mitra.pdf p.15 page_text chunk_07eaf63ef31d9e7c,chunk_07eaf63ef31d9e7c,15,mitra.pdf
Method:regression_g,Paper:mitra,REPORTED_IN:31d2467522e720a7,REPORTED_IN,reported in this paper,mitra.pdf p.10 page_text chunk_895bf8c81d74ac37,1.0,mitra.pdf p.10 page_text chunk_895bf8c81d74ac37,,,
Method:regression_g,Variable:process_parameter_z,USES:6d4a73b86e845b99,USES,The regression function g uses the process parameter z as input to predict model parameters.,"a parametric regression function, g: R → Θ... maps the process parameter z ∈ R to a model parameter",0.9,mitra.pdf p.10 page_text chunk_895bf8c81d74ac37,chunk_895bf8c81d74ac37,10,mitra.pdf
Method:regression_g,Variable:theta,MEASURES:0d91011ff9ebce56,MEASURES,The regression function g outputs the model parameter θ for the desired probability density.,θ = g(z) ∈ Θ,0.85,mitra.pdf p.10 page_text chunk_895bf8c81d74ac37,chunk_895bf8c81d74ac37,10,mitra.pdf
Variable:theta,Paper:mitra,REPORTED_IN:18d3d0893d4bffbd,REPORTED_IN,reported in this paper,mitra.pdf p.10 page_text chunk_895bf8c81d74ac37,1.0,mitra.pdf p.10 page_text chunk_895bf8c81d74ac37,,,
Variable:theta,Concept:prob_density_f,HAS_PROPERTY:1138053f3219a506,HAS_PROPERTY,θ is a parameter of the desired probability density f.,"a model parameter, θ = g(z) ∈ Θ, of the desired probability density, f",0.85,mitra.pdf p.10 page_text chunk_895bf8c81d74ac37,chunk_895bf8c81d74ac37,10,mitra.pdf
Method:linear_regression,Paper:mitra,REPORTED_IN:0ee24c524bef8532,REPORTED_IN,reported in this paper,mitra.pdf p.10 page_text chunk_895bf8c81d74ac37,1.0,mitra.pdf p.10 page_text chunk_895bf8c81d74ac37,,,
Method:linear_regression,Variable:a_param,USES:3509aabc64b5359a,USES,The linear regression function includes parameter a that must be fitted to data.,"where a,b ∈ Rm are parameters that have to be fitted to data",0.9,mitra.pdf p.10 page_text chunk_895bf8c81d74ac37,chunk_895bf8c81d74ac37,10,mitra.pdf
Method:linear_regression,Variable:b_param,USES:5612760c6c14d23e,USES,The linear regression function includes parameter b that must be fitted to data.,"where a,b ∈ Rm are parameters that have to be fitted to data",0.9,mitra.pdf p.10 page_text chunk_895bf8c81d74ac37,chunk_895bf8c81d74ac37,10,mitra.pdf
Equation:eq5_linear_g,Paper:mitra,REPORTED_IN:326dd0d6d0e1b834,REPORTED_IN,reported in this paper,mitra.pdf p.10 page_text chunk_895bf8c81d74ac37,1.0,mitra.pdf p.10 page_text chunk_895bf8c81d74ac37,,,
Equation:eq5_linear_g,Method:linear_regression,REPORTED_IN:27ea07e46282b6fd,REPORTED_IN,Equation (5) reports the linear form of the regression function g.,"given by g(z) = a·z+b, (5)",0.92,mitra.pdf p.10 page_text chunk_895bf8c81d74ac37,chunk_895bf8c81d74ac37,10,mitra.pdf
Variable:a_param,Paper:mitra,REPORTED_IN:aac550dca65684de,REPORTED_IN,reported in this paper,mitra.pdf p.10 page_text chunk_895bf8c81d74ac37,1.0,mitra.pdf p.10 page_text chunk_895bf8c81d74ac37,,,
Variable:b_param,Paper:mitra,REPORTED_IN:8607434a602422c9,REPORTED_IN,reported in this paper,mitra.pdf p.10 page_text chunk_895bf8c81d74ac37,1.0,mitra.pdf p.10 page_text chunk_895bf8c81d74ac37,,,
Method:mse_regression,Paper:mitra,REPORTED_IN:bdba03c3808d1c27,REPORTED_IN,reported in this paper,mitra.pdf p.10 equation_candidate chunk_295840f7d0018374,1.0,mitra.pdf p.10 equation_candidate chunk_295840f7d0018374,,,
Method:mse_regression,Method:linear_regression,USES:0f59e22f19cecbd9,USES,Mean-squared-error-based regression is used to fit the linear regression parameters.,"optimal parameter values, a∗, b∗... are determined by means of a mean-squared error-based regression",0.9,mitra.pdf p.10 page_text chunk_895bf8c81d74ac37,chunk_895bf8c81d74ac37,10,mitra.pdf
Method:mse_regression,Equation:eq6_argmin_mse,EVIDENCED_BY:6eb626ed1d4147ad,EVIDENCED_BY,The mean-squared error-based regression is expressed by Equation (6).,"determined by means of a mean-squared error- based regression ... i.e., ( a ∗ , b ∗ ) = argmin",0.85,mitra.pdf p.10 equation_candidate chunk_295840f7d0018374,chunk_295840f7d0018374,10,mitra.pdf
Method:mse_regression,Variable:param_a,USES:33c86308af4332a8,USES,The regression fits parameter a in R^m.,"where a , b ∈ R m are parameters that have to be fitted to data",0.85,mitra.pdf p.10 equation_candidate chunk_295840f7d0018374,chunk_295840f7d0018374,10,mitra.pdf
Method:mse_regression,Variable:param_b,USES:6ab0527404ca7ab8,USES,The regression fits parameter b in R^m.,"where a , b ∈ R m are parameters that have to be fitted to data",0.85,mitra.pdf p.10 equation_candidate chunk_295840f7d0018374,chunk_295840f7d0018374,10,mitra.pdf
Equation:eq6_mse,Paper:mitra,REPORTED_IN:272d0d89e61fd5e3,REPORTED_IN,reported in this paper,mitra.pdf p.10 page_text chunk_895bf8c81d74ac37,1.0,mitra.pdf p.10 page_text chunk_895bf8c81d74ac37,,,
Equation:eq6_mse,Method:mse_regression,REPORTED_IN:3796e5c948718392,REPORTED_IN,Equation (6) reports the objective minimized in the MSE-based regression for a and b.,"(a∗,b∗) = argmin ... ∑ (g(zi)−θi∗)2. (6)",0.92,mitra.pdf p.10 page_text chunk_895bf8c81d74ac37,chunk_895bf8c81d74ac37,10,mitra.pdf
Descriptor:droplet_size_distribution,Paper:mitra,REPORTED_IN:51c0e4cd9cfe5e56,REPORTED_IN,reported in this paper,mitra.pdf p.10 page_text chunk_895bf8c81d74ac37,1.0,mitra.pdf p.10 page_text chunk_895bf8c81d74ac37,,,
Descriptor:droplet_size_distribution,Concept:atomization_process,EVIDENCED_BY:10c0333e81082530,EVIDENCED_BY,Droplet size distributions are analyzed to understand the atomization process under different process parameters.,the size... distributions of the droplets... under different values of the concerned process parameters were analyzed,0.8,mitra.pdf p.10 page_text chunk_895bf8c81d74ac37,chunk_895bf8c81d74ac37,10,mitra.pdf
Descriptor:droplet_velocity_distribution,Paper:mitra,REPORTED_IN:72dde661e9b059a2,REPORTED_IN,reported in this paper,mitra.pdf p.10 page_text chunk_895bf8c81d74ac37,1.0,mitra.pdf p.10 page_text chunk_895bf8c81d74ac37,,,
Descriptor:droplet_velocity_distribution,Concept:atomization_process,EVIDENCED_BY:bfa06c4fa693b382,EVIDENCED_BY,Droplet velocity distributions are analyzed to understand the atomization process under different process parameters.,the size and velocity distributions of the droplets... under different values of the concerned process parameters were analyzed,0.8,mitra.pdf p.10 page_text chunk_895bf8c81d74ac37,chunk_895bf8c81d74ac37,10,mitra.pdf
Concept:atomization_process,Paper:mitra,REPORTED_IN:79c7d734f601ec62,REPORTED_IN,reported in this paper,mitra.pdf p.10 page_text chunk_895bf8c81d74ac37,1.0,mitra.pdf p.10 page_text chunk_895bf8c81d74ac37,,,
Instrument:two_fluid_nozzle,Paper:mitra,REPORTED_IN:bdac5073048827f7,REPORTED_IN,reported in this paper,mitra.pdf p.10 page_text chunk_895bf8c81d74ac37,1.0,mitra.pdf p.10 page_text chunk_895bf8c81d74ac37,,,
Instrument:hiwatch_s_ptv,Paper:mitra,REPORTED_IN:6ab0085188e9d73c,REPORTED_IN,reported in this paper,mitra.pdf p.10 page_text chunk_895bf8c81d74ac37,1.0,mitra.pdf p.10 page_text chunk_895bf8c81d74ac37,,,
Instrument:hiwatch_s_ptv,Dataset:droplet_dataset_cases,USES:2246e0281b3a8899,USES,The HiWatchS-PTV system is used to obtain droplet data for selected representative experimental cases.,Using the HiWatchS-PTV system... droplet data for selected representative experimental cases were obtained,0.9,mitra.pdf p.10 page_text chunk_895bf8c81d74ac37,chunk_895bf8c81d74ac37,10,mitra.pdf
Dataset:droplet_dataset_cases,Paper:mitra,REPORTED_IN:12131fb98d8756a1,REPORTED_IN,reported in this paper,mitra.pdf p.10 page_text chunk_895bf8c81d74ac37,1.0,mitra.pdf p.10 page_text chunk_895bf8c81d74ac37,,,
Dataset:case_f1b1,Paper:mitra,REPORTED_IN:4eb072750daad720,REPORTED_IN,reported in this paper,mitra.pdf p.10 page_text chunk_895bf8c81d74ac37,1.0,mitra.pdf p.10 page_text chunk_895bf8c81d74ac37,,,
Dataset:case_f1b2,Paper:mitra,REPORTED_IN:9e439806095ef86c,REPORTED_IN,reported in this paper,mitra.pdf p.10 page_text chunk_895bf8c81d74ac37,1.0,mitra.pdf p.10 page_text chunk_895bf8c81d74ac37,,,
Dataset:case_f2b2,Paper:mitra,REPORTED_IN:d2cc613e3783a72c,REPORTED_IN,reported in this paper,mitra.pdf p.10 page_text chunk_895bf8c81d74ac37,1.0,mitra.pdf p.10 page_text chunk_895bf8c81d74ac37,,,
Document:mitra_p15_chunk_07eaf63ef31d9e7c,Paper:mitra,REPORTED_IN:2b09479e26024767,REPORTED_IN,reported in this paper,mitra.pdf p.15 page_text chunk_07eaf63ef31d9e7c,1.0,mitra.pdf p.15 page_text chunk_07eaf63ef31d9e7c,,,
Document:mitra_p15_chunk_07eaf63ef31d9e7c,Method:regression_procedure_sec2_7,MENTIONS:a901001e63199ed8,MENTIONS,The document chunk mentions applying a regression procedure to predict descriptor distributions.,By applying the regression procedure described in Section 2.7,0.9,mitra.pdf p.15 page_text chunk_07eaf63ef31d9e7c,chunk_07eaf63ef31d9e7c,15,mitra.pdf
Method:regression_procedure_sec2_7,Paper:mitra,REPORTED_IN:386b91bcf2cc1abf,REPORTED_IN,reported in this paper,mitra.pdf p.15 page_text chunk_07eaf63ef31d9e7c,1.0,mitra.pdf p.15 page_text chunk_07eaf63ef31d9e7c,,,
Method:regression_procedure_sec2_7,Dataset:f_series,USES:f8ee7fe77a1c3661,USES,The regression procedure is applied to the F series.,By applying the regression procedure described in Section 2.7 to the F series,0.86,mitra.pdf p.15 page_text chunk_07eaf63ef31d9e7c,chunk_07eaf63ef31d9e7c,15,mitra.pdf
Method:regression_procedure_sec2_7,Dataset:b_series,USES:c60fd81afe5f8555,USES,The regression procedure is applied to the B series.,and B series,0.8,mitra.pdf p.15 page_text chunk_07eaf63ef31d9e7c,chunk_07eaf63ef31d9e7c,15,mitra.pdf
Method:regression_procedure_sec2_7,Limitation:unmeasured_process_parameters,APPLIES_TO:699020aec48fbad1,APPLIES_TO,The regression procedure is used to predict descriptor probability densities for process parameters without prior measurements.,"for process parameters can be predicted, for which no measurements have been conducted yet",0.83,mitra.pdf p.15 page_text chunk_07eaf63ef31d9e7c,chunk_07eaf63ef31d9e7c,15,mitra.pdf
Dataset:f_series,Paper:mitra,REPORTED_IN:c555c32bfb1831de,REPORTED_IN,reported in this paper,mitra.pdf p.15 page_text chunk_07eaf63ef31d9e7c,1.0,mitra.pdf p.15 page_text chunk_07eaf63ef31d9e7c,,,
Dataset:f_series,Variable:feed_rate,HAS_DESCRIPTOR:661cfd0c7838af2f,HAS_DESCRIPTOR,The F series is characterized by varying feed rate.,F series (varying feedrate),0.85,mitra.pdf p.15 page_text chunk_07eaf63ef31d9e7c,chunk_07eaf63ef31d9e7c,15,mitra.pdf
Dataset:b_series,Paper:mitra,REPORTED_IN:b00536ca692c5d5d,REPORTED_IN,reported in this paper,mitra.pdf p.15 page_text chunk_07eaf63ef31d9e7c,1.0,mitra.pdf p.15 page_text chunk_07eaf63ef31d9e7c,,,
Dataset:b_series,Variable:binder_concentration,HAS_DESCRIPTOR:dd857f25136cbf92,HAS_DESCRIPTOR,The B series is characterized by varying binder concentration.,B series (varying binder concentration),0.85,mitra.pdf p.15 page_text chunk_07eaf63ef31d9e7c,chunk_07eaf63ef31d9e7c,15,mitra.pdf
Variable:descriptor_d_fmax,Paper:mitra,REPORTED_IN:e44a419904e5f284,REPORTED_IN,reported in this paper,mitra.pdf p.15 page_text chunk_07eaf63ef31d9e7c,1.0,mitra.pdf p.15 page_text chunk_07eaf63ef31d9e7c,,,
Variable:descriptor_psi_a,Paper:mitra,REPORTED_IN:c05cf907bff34e02,REPORTED_IN,reported in this paper,mitra.pdf p.15 page_text chunk_07eaf63ef31d9e7c,1.0,mitra.pdf p.15 page_text chunk_07eaf63ef31d9e7c,,,
Variable:model_parameters_theta,Paper:mitra,REPORTED_IN:b09273956b380d30,REPORTED_IN,reported in this paper,mitra.pdf p.9 page_text chunk_292a513b17ac9374,1.0,mitra.pdf p.9 page_text chunk_292a513b17ac9374,,,
Variable:model_parameters_theta,Dataset:f_series,DERIVED_FROM:e3b642b9ef2187b0,DERIVED_FROM,Model parameters θ correspond to probability densities from conducted experiments in the F series.,of the corresponding probability densities of the conducted experiments,0.74,mitra.pdf p.15 page_text chunk_07eaf63ef31d9e7c,chunk_07eaf63ef31d9e7c,15,mitra.pdf
Variable:model_parameters_theta,Dataset:b_series,DERIVED_FROM:aa79fcaa71d73420,DERIVED_FROM,Model parameters θ correspond to probability densities from conducted experiments in the B series.,of the corresponding probability densities of the conducted experiments,0.74,mitra.pdf p.15 page_text chunk_07eaf63ef31d9e7c,chunk_07eaf63ef31d9e7c,15,mitra.pdf
Method:regression_function_g,Paper:mitra,REPORTED_IN:7142d298b7b40061,REPORTED_IN,reported in this paper,mitra.pdf p.15 page_text chunk_07eaf63ef31d9e7c,1.0,mitra.pdf p.15 page_text chunk_07eaf63ef31d9e7c,,,
Method:regression_function_g,Equation:equation_5,DERIVED_FROM:71df2a7a3ade514f,DERIVED_FROM,Regression function g is referenced as being given by Equation (5).,function g (see Equations (5) and (6)),0.72,mitra.pdf p.15 page_text chunk_07eaf63ef31d9e7c,chunk_07eaf63ef31d9e7c,15,mitra.pdf
Method:regression_function_g,Equation:equation_6,DERIVED_FROM:16636ff0d2eaa275,DERIVED_FROM,Regression function g is referenced as being given by Equation (6).,function g (see Equations (5) and (6)),0.72,mitra.pdf p.15 page_text chunk_07eaf63ef31d9e7c,chunk_07eaf63ef31d9e7c,15,mitra.pdf
Method:regression_function_g,Variable:process_parameter_z,USES:53cf35cecf6ea5da,USES,The regression function uses process parameter z as input to capture relationships.,capture the relationship between the process parameters z,0.84,mitra.pdf p.15 page_text chunk_07eaf63ef31d9e7c,chunk_07eaf63ef31d9e7c,15,mitra.pdf
Method:regression_function_g,Variable:model_parameters_theta,AFFECTS:9044dfe3884ef963,AFFECTS,The regression function is fitted to model how z relates to model parameters θ of the probability densities.,capture the relationship between the process parameters z ... and the model parameters θ,0.83,mitra.pdf p.15 page_text chunk_07eaf63ef31d9e7c,chunk_07eaf63ef31d9e7c,15,mitra.pdf
Method:regression_function_g,Descriptor:feed_rate_range_11_20,APPLIES_TO:2b6d61ed4f965c25,APPLIES_TO,"The F-series regression function is stated to predict distributions for arbitrary feed rate values in z ∈ [11,20].","an arbitrary feedrate in z ∈ [11,20]",0.78,mitra.pdf p.15 page_text chunk_07eaf63ef31d9e7c,chunk_07eaf63ef31d9e7c,15,mitra.pdf
Method:regression_function_g,Descriptor:binder_concentration_fixed_0_8wtpct,APPLIES_TO:9fbfbf22ab0d96ec,APPLIES_TO,The F-series regression prediction is stated for a fixed binder concentration of 0.8 wt%.,a fixed binder concentration of 0.8 wt%,0.78,mitra.pdf p.15 page_text chunk_07eaf63ef31d9e7c,chunk_07eaf63ef31d9e7c,15,mitra.pdf
Equation:equation_5,Paper:mitra,REPORTED_IN:bbed26892a3ebc2f,REPORTED_IN,reported in this paper,mitra.pdf p.15 page_text chunk_07eaf63ef31d9e7c,1.0,mitra.pdf p.15 page_text chunk_07eaf63ef31d9e7c,,,
Equation:equation_6,Paper:mitra,REPORTED_IN:5c7186ccb638bbae,REPORTED_IN,reported in this paper,mitra.pdf p.15 page_text chunk_07eaf63ef31d9e7c,1.0,mitra.pdf p.15 page_text chunk_07eaf63ef31d9e7c,,,
Concept:lognormal_distribution,Paper:mitra,REPORTED_IN:4e219ba3e4ede150,REPORTED_IN,reported in this paper,mitra.pdf p.15 page_text chunk_07eaf63ef31d9e7c,1.0,mitra.pdf p.15 page_text chunk_07eaf63ef31d9e7c,,,
Concept:lognormal_distribution,Variable:descriptor_d_fmax,APPLIES_TO:02f5e27ea38cfc2c,APPLIES_TO,The lognormal distribution is used for the descriptor d_Fmax.,lognormal distribution for d_Fmax,0.86,mitra.pdf p.15 page_text chunk_07eaf63ef31d9e7c,chunk_07eaf63ef31d9e7c,15,mitra.pdf
Concept:normal_distribution,Paper:mitra,REPORTED_IN:4db0bb60ca784a83,REPORTED_IN,reported in this paper,mitra.pdf p.15 page_text chunk_07eaf63ef31d9e7c,1.0,mitra.pdf p.15 page_text chunk_07eaf63ef31d9e7c,,,
Concept:normal_distribution,Variable:descriptor_psi_a,APPLIES_TO:6acbf87c3cb94ef8,APPLIES_TO,The normal distribution is used for the descriptor Ψ_A.,normal distribution for Ψ_A,0.86,mitra.pdf p.15 page_text chunk_07eaf63ef31d9e7c,chunk_07eaf63ef31d9e7c,15,mitra.pdf
Finding:high_degree_of_agreement,Paper:mitra,REPORTED_IN:e11200e986647c68,REPORTED_IN,reported in this paper,mitra.pdf p.15 page_text chunk_07eaf63ef31d9e7c,1.0,mitra.pdf p.15 page_text chunk_07eaf63ef31d9e7c,,,
Finding:high_degree_of_agreement,Method:regression_function_g,EVIDENCED_BY:a38555c207674e00,EVIDENCED_BY,Agreement is evidenced between fitted regression lines and model parameters resulting from the regression fits.,A high degree of agreement between the fitted regression lines and the model parameters can be observed.,0.83,mitra.pdf p.15 page_text chunk_07eaf63ef31d9e7c,chunk_07eaf63ef31d9e7c,15,mitra.pdf
Application:prediction_intermediate_conditions,Paper:mitra,REPORTED_IN:2d43cfc73ab9844a,REPORTED_IN,reported in this paper,mitra.pdf p.15 page_text chunk_07eaf63ef31d9e7c,1.0,mitra.pdf p.15 page_text chunk_07eaf63ef31d9e7c,,,
Application:prediction_intermediate_conditions,Method:regression_function_g,USES:b387635ceb2d63b6,USES,Predictions for intermediate conditions are made using the fitted regression functions.,"With the fitted regression functions, the distribution of d_Fmax and Ψ_A for intermediate feed rates or binder concentrations can be predicted",0.86,mitra.pdf p.15 page_text chunk_07eaf63ef31d9e7c,chunk_07eaf63ef31d9e7c,15,mitra.pdf
Application:prediction_intermediate_conditions,Variable:descriptor_d_fmax,MEASURES:970b05ccce3a18b2,MEASURES,The prediction concerns the distribution of d_Fmax at intermediate conditions.,the distribution of d_Fmax,0.8,mitra.pdf p.15 page_text chunk_07eaf63ef31d9e7c,chunk_07eaf63ef31d9e7c,15,mitra.pdf
Application:prediction_intermediate_conditions,Variable:descriptor_psi_a,MEASURES:beb7ebdd4f2531b3,MEASURES,The prediction concerns the distribution of Ψ_A at intermediate conditions.,and Ψ_A,0.8,mitra.pdf p.15 page_text chunk_07eaf63ef31d9e7c,chunk_07eaf63ef31d9e7c,15,mitra.pdf
Application:prediction_intermediate_conditions,Limitation:unmeasured_process_parameters,LIMITED_BY:ea78bd9672fb5685,LIMITED_BY,Predicted intermediate-condition distributions are explicitly not experimentally measured.,and they are not experimentally measured,0.82,mitra.pdf p.15 page_text chunk_07eaf63ef31d9e7c,chunk_07eaf63ef31d9e7c,15,mitra.pdf
Limitation:unmeasured_process_parameters,Paper:mitra,REPORTED_IN:e38b8cf1267d6a31,REPORTED_IN,reported in this paper,mitra.pdf p.15 page_text chunk_07eaf63ef31d9e7c,1.0,mitra.pdf p.15 page_text chunk_07eaf63ef31d9e7c,,,
Descriptor:feed_rate_range_11_20,Paper:mitra,REPORTED_IN:7911bdb465acfe4a,REPORTED_IN,reported in this paper,mitra.pdf p.15 page_text chunk_07eaf63ef31d9e7c,1.0,mitra.pdf p.15 page_text chunk_07eaf63ef31d9e7c,,,
Descriptor:binder_concentration_fixed_0_8wtpct,Paper:mitra,REPORTED_IN:9419ee61e82fc6a2,REPORTED_IN,reported in this paper,mitra.pdf p.15 page_text chunk_07eaf63ef31d9e7c,1.0,mitra.pdf p.15 page_text chunk_07eaf63ef31d9e7c,,,
Document:mitra_p9_chunk_292a,Paper:mitra,REPORTED_IN:1b3b1e67afd0f6bc,REPORTED_IN,reported in this paper,mitra.pdf p.9 page_text chunk_292a513b17ac9374,1.0,mitra.pdf p.9 page_text chunk_292a513b17ac9374,,,
Document:mitra_p9_chunk_292a,Equation:eq2_aspect_ratio,MENTIONS:4069120b183b44a8,MENTIONS,The document chunk includes Equation (2) for aspect ratio.,Ψ = Fmin. (2),0.9,mitra.pdf p.9 page_text chunk_292a513b17ac9374,chunk_292a513b17ac9374,9,mitra.pdf
Document:mitra_p9_chunk_292a,Method:parametric_modeling,MENTIONS:9fa2aa4aa0e0df7c,MENTIONS,The document chunk introduces parametric modeling and prediction of descriptor distributions.,2.7. ParametricModelingandPredictionofDescriptorDistributions,0.95,mitra.pdf p.9 page_text chunk_292a513b17ac9374,chunk_292a513b17ac9374,9,mitra.pdf
Concept:granule_morphology,Paper:mitra,REPORTED_IN:002b507ceeb2d010,REPORTED_IN,reported in this paper,mitra.pdf p.9 page_text chunk_292a513b17ac9374,1.0,mitra.pdf p.9 page_text chunk_292a513b17ac9374,,,
Variable:feret_min,Paper:mitra,REPORTED_IN:8fe07af816ea7f85,REPORTED_IN,reported in this paper,mitra.pdf p.9 page_text chunk_292a513b17ac9374,1.0,mitra.pdf p.9 page_text chunk_292a513b17ac9374,,,
Variable:feret_min,Descriptor:robust_orientation_independent,SUPPORTS:917796a067b55d72,SUPPORTS,Using the real minimum Feret diameter is stated to ensure robustness and orientation-independent calculations.,usedinsteadoftheFeretdiameterperpendiculartod toensurerobustnessandorientation-independentcalculations,0.85,mitra.pdf p.9 page_text chunk_292a513b17ac9374,chunk_292a513b17ac9374,9,mitra.pdf
Variable:feret_max,Paper:mitra,REPORTED_IN:f6821d2fa060a5ad,REPORTED_IN,reported in this paper,mitra.pdf p.9 page_text chunk_292a513b17ac9374,1.0,mitra.pdf p.9 page_text chunk_292a513b17ac9374,,,
Variable:diameter_d,Paper:mitra,REPORTED_IN:a0ec24b91f6efcbe,REPORTED_IN,reported in this paper,mitra.pdf p.9 page_text chunk_292a513b17ac9374,1.0,mitra.pdf p.9 page_text chunk_292a513b17ac9374,,,
Variable:diameter_d,Concept:granule_morphology,APPLIES_TO:74275de6ec056ade,APPLIES_TO,Diameter descriptor d is used together with aspect ratio for morphology characterization.,Thesetwodescriptors(d andΨ )togetherprovideasimplebuteffectivecharacterizationofthegranule’smorphology.,0.85,mitra.pdf p.9 page_text chunk_292a513b17ac9374,chunk_292a513b17ac9374,9,mitra.pdf
Variable:aspect_ratio_psi,Paper:mitra,REPORTED_IN:a231c5bdd6a43716,REPORTED_IN,reported in this paper,mitra.pdf p.9 page_text chunk_292a513b17ac9374,1.0,mitra.pdf p.9 page_text chunk_292a513b17ac9374,,,
Variable:aspect_ratio_psi,Concept:shape_compactness_elongation,MEASURES:d7b17f2974a52a8c,MEASURES,Aspect ratio indicates compactness or elongation of a 2D silhouette.,indicatesthecompactnessorelongation,0.9,mitra.pdf p.9 page_text chunk_292a513b17ac9374,chunk_292a513b17ac9374,9,mitra.pdf
Variable:aspect_ratio_psi,Concept:shape_compactness_elongation,HAS_DESCRIPTOR:c23eee294d092880,HAS_DESCRIPTOR,Aspect ratio values map to compact (1) versus elongated (significantly less than 1) shapes.,Anaspectratioof1indicatesacompactshape...whereasvaluessignificantlylessthan1indicateanelongated2Dsilhouette.,0.9,mitra.pdf p.9 page_text chunk_292a513b17ac9374,chunk_292a513b17ac9374,9,mitra.pdf
Variable:aspect_ratio_psi,Concept:granule_morphology,APPLIES_TO:7401191aeef17fd7,APPLIES_TO,Aspect ratio is used as a granule morphology descriptor.,provideasimplebuteffectivecharacterizationofthegranule’smorphology,0.75,mitra.pdf p.9 page_text chunk_292a513b17ac9374,chunk_292a513b17ac9374,9,mitra.pdf
Equation:eq2_aspect_ratio,Paper:mitra,REPORTED_IN:0c28f5dc0cba6991,REPORTED_IN,reported in this paper,mitra.pdf p.9 page_text chunk_292a513b17ac9374,1.0,mitra.pdf p.9 page_text chunk_292a513b17ac9374,,,
Equation:eq2_aspect_ratio,Variable:aspect_ratio_psi,MENTIONS:60aaa9739d196676,MENTIONS,Equation (2) provides the definition of the aspect ratio variable Ψ.,"Then,theaspectratio,Ψ ,isgivenby",0.9,mitra.pdf p.9 page_text chunk_292a513b17ac9374,chunk_292a513b17ac9374,9,mitra.pdf
Equation:eq2_aspect_ratio,Variable:feret_min,DERIVED_FROM:ba0b625130c0cf44,DERIVED_FROM,Aspect ratio is computed using the minimum Feret diameter in the numerator.,Ψ = Fmin.,0.7,mitra.pdf p.9 page_text chunk_292a513b17ac9374,chunk_292a513b17ac9374,9,mitra.pdf
Equation:eq2_aspect_ratio,Variable:feret_max,DERIVED_FROM:ebeaf967c71ea6f9,DERIVED_FROM,Aspect ratio is computed using the maximum Feret diameter in the denominator.,Fmax,0.6,mitra.pdf p.9 page_text chunk_292a513b17ac9374,chunk_292a513b17ac9374,9,mitra.pdf
Descriptor:robust_orientation_independent,Paper:mitra,REPORTED_IN:e87860cc485c121b,REPORTED_IN,reported in this paper,mitra.pdf p.9 page_text chunk_292a513b17ac9374,1.0,mitra.pdf p.9 page_text chunk_292a513b17ac9374,,,
Concept:shape_compactness_elongation,Paper:mitra,REPORTED_IN:4153af9d1f4f9f70,REPORTED_IN,reported in this paper,mitra.pdf p.9 page_text chunk_292a513b17ac9374,1.0,mitra.pdf p.9 page_text chunk_292a513b17ac9374,,,
Concept:size_distribution,Paper:mitra,REPORTED_IN:232b23d1c84b9162,REPORTED_IN,reported in this paper,mitra.pdf p.9 page_text chunk_292a513b17ac9374,1.0,mitra.pdf p.9 page_text chunk_292a513b17ac9374,,,
Concept:shape_uniformity,Paper:mitra,REPORTED_IN:dd438932b4363b09,REPORTED_IN,reported in this paper,mitra.pdf p.9 page_text chunk_292a513b17ac9374,1.0,mitra.pdf p.9 page_text chunk_292a513b17ac9374,,,
Method:parametric_modeling,Paper:mitra,REPORTED_IN:fa68e9a686839e4a,REPORTED_IN,reported in this paper,mitra.pdf p.9 equation_candidate chunk_073a8613a554e6ae,1.0,mitra.pdf p.9 equation_candidate chunk_073a8613a554e6ae,,,
Method:parametric_modeling,Dataset:descriptor_datasets_a,USES:830b7612a7182aa7,USES,Parametric modeling is applied to measured datasets of granule descriptors.,datasetsofgranuledescriptorsmeasured,0.85,mitra.pdf p.9 page_text chunk_292a513b17ac9374,chunk_292a513b17ac9374,9,mitra.pdf
Method:parametric_modeling,Concept:parametric_density_family_f,USES:9d19753aea6a3250,USES,"Parametric modeling considers a parametric family of probability densities {fθ, θ∈Θ}.","Byconsideringaparametricfamilyofprob-ability densities, {f ,θ ∈ Θ}",0.85,mitra.pdf p.9 page_text chunk_292a513b17ac9374,chunk_292a513b17ac9374,9,mitra.pdf
Method:parametric_modeling,Variable:model_parameters_theta,DERIVED_FROM:ad582c2f00f06e95,DERIVED_FROM,Fitting densities to datasets yields a low-dimensional representation in terms of model parameters θ.,"alow-dimensionalrepresentationofthedatasetsintermsofthemodelparameters,θ",0.85,mitra.pdf p.9 page_text chunk_292a513b17ac9374,chunk_292a513b17ac9374,9,mitra.pdf
Method:parametric_modeling,Method:kde,COMPARES_WITH:23f235a409f23160,COMPARES_WITH,Parametric modeling is contrasted with non-parametric techniques such as KDEs.,"advantagesovernon-parametrictechniques,suchasKDEs",0.85,mitra.pdf p.9 page_text chunk_292a513b17ac9374,chunk_292a513b17ac9374,9,mitra.pdf
Method:parametric_modeling,Finding:advantages_parametric,SUPPORTS:96c43a42496dc791,SUPPORTS,The text lists key advantages of parametric modeling.,"suchasinterpretability,dimensionalityreduction,andcomputationalefficiency",0.85,mitra.pdf p.9 page_text chunk_292a513b17ac9374,chunk_292a513b17ac9374,9,mitra.pdf
Method:parametric_modeling,Dataset:measured_data_sets,USES:0fdc14a86f3dcf24,USES,Parametric fitting/modeling is applied to measured data sets.,By data considering sets,0.4,mitra.pdf p.9 equation_candidate chunk_073a8613a554e6ae,chunk_073a8613a554e6ae,9,mitra.pdf
Method:parametric_modeling,Equation:parametric_family_f_theta,USES:556abbff4260390a,USES,Parametric modeling uses a parametric family f_θ of densities.,"parametric R  descriptors [ 0,  family )",0.38,mitra.pdf p.9 equation_candidate chunk_073a8613a554e6ae,chunk_073a8613a554e6ae,9,mitra.pdf
Method:parametric_modeling,Method:nonparametric_techniques,COMPARES_WITH:d81cc3b748396d14,COMPARES_WITH,Parametric modeling is compared with non-parametric techniques such as KDEs.,"advantages over non-parametric techniques, such as KDEs",0.9,mitra.pdf p.9 equation_candidate chunk_073a8613a554e6ae,chunk_073a8613a554e6ae,9,mitra.pdf
Method:parametric_modeling,Descriptor:interpretability,HAS_DESCRIPTOR:d29fb586d2d82d99,HAS_DESCRIPTOR,Parametric modeling is stated to provide interpretability.,such as interpretability,0.86,mitra.pdf p.9 equation_candidate chunk_073a8613a554e6ae,chunk_073a8613a554e6ae,9,mitra.pdf
Method:parametric_modeling,Descriptor:dimensionality_reduction,HAS_DESCRIPTOR:731baa007291dba1,HAS_DESCRIPTOR,Parametric modeling is stated to provide dimensionality reduction.,dimensionality reduction,0.86,mitra.pdf p.9 equation_candidate chunk_073a8613a554e6ae,chunk_073a8613a554e6ae,9,mitra.pdf
Method:parametric_modeling,Descriptor:computational_efficiency,HAS_DESCRIPTOR:d760c7d9d51485f2,HAS_DESCRIPTOR,Parametric modeling is stated to provide computational efficiency.,computational efficiency,0.86,mitra.pdf p.9 equation_candidate chunk_073a8613a554e6ae,chunk_073a8613a554e6ae,9,mitra.pdf
Method:parametric_modeling,Paper:regolith,REPORTED_IN:992e8cda2b84f7df,REPORTED_IN,reported in this paper,regolith.pdf p.13 page_text chunk_384212dd00619739,1.0,regolith.pdf p.13 page_text chunk_384212dd00619739,,,
Method:parametric_modeling,Material:csm-lht-1_particles,APPLIES_TO:2cf2fb56c2ecc96b,APPLIES_TO,Parametric modeling was performed for CSM-LHT-1 particles.,multivariate analysis and parametric modeling performed for CSM-LHT-1 particles,0.9,regolith.pdf p.13 page_text chunk_384212dd00619739,chunk_384212dd00619739,13,regolith.pdf
Method:parametric_modeling,Application:morphology_texture_comparison,SUPPORTS:8bb629d2df480d8c,SUPPORTS,Parametric modeling is described as a framework to quantify and compare morphology and texture of samples.,parametric modeling can be em- ployed as an efficient and systematic framework to quantify and compare the morphology and texture of different samples,0.85,regolith.pdf p.13 page_text chunk_384212dd00619739,chunk_384212dd00619739,13,regolith.pdf
Method:parametric_modeling,Concept:descriptor_vectors,DERIVED_FROM:6888370de161e65c,DERIVED_FROM,The modeling yields interpretable parameters that characterize descriptor vectors.,relatively few interpretable parameters that characterize the multivariate probability distribution of de- scriptor vectors,0.8,regolith.pdf p.13 page_text chunk_384212dd00619739,chunk_384212dd00619739,13,regolith.pdf
Dataset:descriptor_datasets_a,Paper:mitra,REPORTED_IN:0e1134239cace212,REPORTED_IN,reported in this paper,mitra.pdf p.9 page_text chunk_292a513b17ac9374,1.0,mitra.pdf p.9 page_text chunk_292a513b17ac9374,,,
Variable:process_parameters_z,Paper:mitra,REPORTED_IN:5aadcb40a1d3e2a4,REPORTED_IN,reported in this paper,mitra.pdf p.9 page_text chunk_292a513b17ac9374,1.0,mitra.pdf p.9 page_text chunk_292a513b17ac9374,,,
Concept:parametric_density_family_f,Paper:mitra,REPORTED_IN:e97d9efbd31bd729,REPORTED_IN,reported in this paper,mitra.pdf p.9 page_text chunk_292a513b17ac9374,1.0,mitra.pdf p.9 page_text chunk_292a513b17ac9374,,,
Method:kde,Paper:mitra,REPORTED_IN:2e3a4c7ce38991e4,REPORTED_IN,reported in this paper,mitra.pdf p.9 equation_candidate chunk_073a8613a554e6ae,1.0,mitra.pdf p.9 equation_candidate chunk_073a8613a554e6ae,,,
Method:regression,Paper:mitra,REPORTED_IN:df57adbfb5463afe,REPORTED_IN,reported in this paper,mitra.pdf p.9 page_text chunk_292a513b17ac9374,1.0,mitra.pdf p.9 page_text chunk_292a513b17ac9374,,,
Method:regression,Variable:process_parameters_z,USES:765a877ca316b8c3,USES,Regression is used with process parameters z to determine a functional relationship to model parameters.,"determiningafunctionalrelationshipbetweentheprocessparameters,z",0.85,mitra.pdf p.9 page_text chunk_292a513b17ac9374,chunk_292a513b17ac9374,9,mitra.pdf
Method:regression,Variable:model_parameters_theta,MEASURES:670dceabf73b477d,MEASURES,Regression is used to obtain model parameters θ as outputs linked to process parameters.,"andthemodelparameters,θ",0.75,mitra.pdf p.9 page_text chunk_292a513b17ac9374,chunk_292a513b17ac9374,9,mitra.pdf
Method:regression,Finding:prediction_not_yet_conducted,SUPPORTS:dfe90b0ddb28e3bb,SUPPORTS,Regression enables prediction of descriptor distributions for experiments not yet conducted.,descriptordistributionscanbepredictedfornot-yet-conductedexperiments,0.9,mitra.pdf p.9 page_text chunk_292a513b17ac9374,chunk_292a513b17ac9374,9,mitra.pdf
Application:inline_process_monitoring,Paper:mitra,REPORTED_IN:898b1a3d31c42440,REPORTED_IN,reported in this paper,mitra.pdf p.9 page_text chunk_292a513b17ac9374,1.0,mitra.pdf p.9 page_text chunk_292a513b17ac9374,,,
Finding:advantages_parametric,Paper:mitra,REPORTED_IN:981b8944dd71a8bb,REPORTED_IN,reported in this paper,mitra.pdf p.9 page_text chunk_292a513b17ac9374,1.0,mitra.pdf p.9 page_text chunk_292a513b17ac9374,,,
Finding:advantages_parametric,Application:inline_process_monitoring,APPLIES_TO:2478e035dcc92504,APPLIES_TO,Benefits of parametric modeling are stated as especially important for inline process monitoring.,especiallyimportantinapplica-tionslikeinlineprocessmonitoring,0.8,mitra.pdf p.9 page_text chunk_292a513b17ac9374,chunk_292a513b17ac9374,9,mitra.pdf
Finding:prediction_not_yet_conducted,Paper:mitra,REPORTED_IN:f8c40486906a389c,REPORTED_IN,reported in this paper,mitra.pdf p.9 page_text chunk_292a513b17ac9374,1.0,mitra.pdf p.9 page_text chunk_292a513b17ac9374,,,
Document:mitra_p9,Paper:mitra,REPORTED_IN:2cc60b86f8574cc8,REPORTED_IN,reported in this paper,mitra.pdf p.9 equation_candidate chunk_073a8613a554e6ae,1.0,mitra.pdf p.9 equation_candidate chunk_073a8613a554e6ae,,,
Document:mitra_p9,Concept:granule_descriptor_distributions,MENTIONS:08ca4df6360d3c30,MENTIONS,The document page mentions granule descriptor distributions measured for different experimental cases.,granule descriptor distributions measured for different experimental cases,0.78,mitra.pdf p.9 equation_candidate chunk_073a8613a554e6ae,chunk_073a8613a554e6ae,9,mitra.pdf
Document:mitra_p9,Concept:feret_diameters,MENTIONS:23e5f5fe60b9322c,MENTIONS,The document page includes a caption about minimum and maximum Feret diameters.,Schematic representation of the minimum and maximum Feret diameters,0.82,mitra.pdf p.9 equation_candidate chunk_073a8613a554e6ae,chunk_073a8613a554e6ae,9,mitra.pdf
Concept:granule_descriptor_distributions,Paper:mitra,REPORTED_IN:1b045e88be1db02f,REPORTED_IN,reported in this paper,mitra.pdf p.9 equation_candidate chunk_073a8613a554e6ae,1.0,mitra.pdf p.9 equation_candidate chunk_073a8613a554e6ae,,,
Concept:granule_descriptor_distributions,Concept:experimental_cases,APPLIES_TO:5716655b01b00813,APPLIES_TO,Descriptor distributions are measured for different experimental cases.,measured for different experimental cases,0.74,mitra.pdf p.9 equation_candidate chunk_073a8613a554e6ae,chunk_073a8613a554e6ae,9,mitra.pdf
Concept:experimental_cases,Paper:mitra,REPORTED_IN:5f05b213f9344451,REPORTED_IN,reported in this paper,mitra.pdf p.9 equation_candidate chunk_073a8613a554e6ae,1.0,mitra.pdf p.9 equation_candidate chunk_073a8613a554e6ae,,,
Dataset:measured_data_sets,Paper:mitra,REPORTED_IN:8a5a112b7f4d606b,REPORTED_IN,reported in this paper,mitra.pdf p.9 equation_candidate chunk_073a8613a554e6ae,1.0,mitra.pdf p.9 equation_candidate chunk_073a8613a554e6ae,,,
Equation:parametric_family_f_theta,Paper:mitra,REPORTED_IN:0fe52158a958b6e5,REPORTED_IN,reported in this paper,mitra.pdf p.9 equation_candidate chunk_073a8613a554e6ae,1.0,mitra.pdf p.9 equation_candidate chunk_073a8613a554e6ae,,,
Equation:parametric_family_f_theta,Dataset:measured_data_sets,APPLIES_TO:0dca8e463c69132e,APPLIES_TO,The parametric family is fit to measured data sets.,to these measured of prob- data,0.42,mitra.pdf p.9 equation_candidate chunk_073a8613a554e6ae,chunk_073a8613a554e6ae,9,mitra.pdf
Variable:model_parameters,Paper:mitra,REPORTED_IN:db01669991324bfb,REPORTED_IN,reported in this paper,mitra.pdf p.9 equation_candidate chunk_073a8613a554e6ae,1.0,mitra.pdf p.9 equation_candidate chunk_073a8613a554e6ae,,,
Variable:model_parameters,Variable:parameter_space_theta,HAS_PROPERTY:2c5129593ba691d2,HAS_PROPERTY,The parameters are elements of Θ.," 1 , . . . ,  n  
",0.68,mitra.pdf p.9 equation_candidate chunk_073a8613a554e6ae,chunk_073a8613a554e6ae,9,mitra.pdf
Variable:parameter_space_theta,Paper:mitra,REPORTED_IN:4ff359cec68e0a5b,REPORTED_IN,reported in this paper,mitra.pdf p.9 equation_candidate chunk_073a8613a554e6ae,1.0,mitra.pdf p.9 equation_candidate chunk_073a8613a554e6ae,,,
Variable:parameter_space_theta,Variable:dimension_m,HAS_PROPERTY:d5592a45becdcb1e,HAS_PROPERTY,"The parameter space Θ is a subset of R^m, linking it to dimension m.","
  R m",0.62,mitra.pdf p.9 equation_candidate chunk_073a8613a554e6ae,chunk_073a8613a554e6ae,9,mitra.pdf
Variable:dimension_m,Paper:mitra,REPORTED_IN:dcc92f55e1c76766,REPORTED_IN,reported in this paper,mitra.pdf p.9 equation_candidate chunk_073a8613a554e6ae,1.0,mitra.pdf p.9 equation_candidate chunk_073a8613a554e6ae,,,
Equation:eq_theta_in_theta,Paper:mitra,REPORTED_IN:36962ca70bc8e44f,REPORTED_IN,reported in this paper,mitra.pdf p.9 equation_candidate chunk_073a8613a554e6ae,1.0,mitra.pdf p.9 equation_candidate chunk_073a8613a554e6ae,,,
Equation:eq_theta_in_theta,Variable:model_parameters,MENTIONS:54373a225cf9d6bf,MENTIONS,"The equation mentions parameters θ1,...,θn."," 1 , . . . ,  n",0.86,mitra.pdf p.9 equation_candidate chunk_073a8613a554e6ae,chunk_073a8613a554e6ae,9,mitra.pdf
Equation:eq_theta_in_theta,Variable:parameter_space_theta,MENTIONS:17b9773645f0c80f,MENTIONS,The equation mentions the parameter space Θ.,"
",0.6,mitra.pdf p.9 equation_candidate chunk_073a8613a554e6ae,chunk_073a8613a554e6ae,9,mitra.pdf
Equation:eq_theta_in_theta,Variable:dimension_m,MENTIONS:cb6e0a4c09854f14,MENTIONS,The equation states the existence of an integer m ≥ 1.,"for some integer, m  1",0.87,mitra.pdf p.9 equation_candidate chunk_073a8613a554e6ae,chunk_073a8613a554e6ae,9,mitra.pdf
Concept:low_dim_representation,Paper:mitra,REPORTED_IN:2dba906fac6d322b,REPORTED_IN,reported in this paper,mitra.pdf p.9 equation_candidate chunk_073a8613a554e6ae,1.0,mitra.pdf p.9 equation_candidate chunk_073a8613a554e6ae,,,
Concept:low_dim_representation,Variable:model_parameters,DERIVED_FROM:38bd1fc443c2cd9b,DERIVED_FROM,The low-dimensional representation is in terms of model parameters.,in terms of the model parameters,0.84,mitra.pdf p.9 equation_candidate chunk_073a8613a554e6ae,chunk_073a8613a554e6ae,9,mitra.pdf
Method:nonparametric_techniques,Paper:mitra,REPORTED_IN:c683de38dd0366c3,REPORTED_IN,reported in this paper,mitra.pdf p.9 equation_candidate chunk_073a8613a554e6ae,1.0,mitra.pdf p.9 equation_candidate chunk_073a8613a554e6ae,,,
Descriptor:interpretability,Paper:mitra,REPORTED_IN:755f90d724dd0735,REPORTED_IN,reported in this paper,mitra.pdf p.9 equation_candidate chunk_073a8613a554e6ae,1.0,mitra.pdf p.9 equation_candidate chunk_073a8613a554e6ae,,,
Descriptor:dimensionality_reduction,Paper:mitra,REPORTED_IN:c06d95d34687aa5c,REPORTED_IN,reported in this paper,mitra.pdf p.9 equation_candidate chunk_073a8613a554e6ae,1.0,mitra.pdf p.9 equation_candidate chunk_073a8613a554e6ae,,,
Descriptor:computational_efficiency,Paper:mitra,REPORTED_IN:d5189aa1534e54b9,REPORTED_IN,reported in this paper,mitra.pdf p.9 equation_candidate chunk_073a8613a554e6ae,1.0,mitra.pdf p.9 equation_candidate chunk_073a8613a554e6ae,,,
Concept:feret_diameters,Paper:mitra,REPORTED_IN:88dc533b504c93bc,REPORTED_IN,reported in this paper,mitra.pdf p.9 equation_candidate chunk_073a8613a554e6ae,1.0,mitra.pdf p.9 equation_candidate chunk_073a8613a554e6ae,,,
Finding:finding_low_parametric_achieved,Paper:mitra,REPORTED_IN:6639f25550d32a98,REPORTED_IN,reported in this paper,mitra.pdf p.9 equation_candidate chunk_073a8613a554e6ae,1.0,mitra.pdf p.9 equation_candidate chunk_073a8613a554e6ae,,,
Finding:finding_low_parametric_achieved,Concept:low_dim_representation,SUPPORTS:4535e448389aff3c,SUPPORTS,The finding asserts that a low-dimensional representation was achieved.,a low-dimensional representation of the data sets,0.76,mitra.pdf p.9 equation_candidate chunk_073a8613a554e6ae,chunk_073a8613a554e6ae,9,mitra.pdf
Finding:finding_low_parametric_achieved,Variable:model_parameters,EVIDENCED_BY:094216e2aa01d0eb,EVIDENCED_BY,"The achievement is described via the parameters θ1,...,θn lying in Θ ⊂ R^m."," 1 , . . . ,  n  
  R m",0.45,mitra.pdf p.9 equation_candidate chunk_073a8613a554e6ae,chunk_073a8613a554e6ae,9,mitra.pdf
Finding:finding_parametric_advantages,Paper:mitra,REPORTED_IN:7fa564e1d3d3e935,REPORTED_IN,reported in this paper,mitra.pdf p.9 equation_candidate chunk_073a8613a554e6ae,1.0,mitra.pdf p.9 equation_candidate chunk_073a8613a554e6ae,,,
Finding:finding_parametric_advantages,Method:parametric_modeling,REPORTED_IN:c4dc44a442b8444c,REPORTED_IN,The document reports claimed advantages of parametric modeling.,"However, para- metric modeling provides",0.72,mitra.pdf p.9 equation_candidate chunk_073a8613a554e6ae,chunk_073a8613a554e6ae,9,mitra.pdf
Document:mitra_p10_chunk295840f7d0018374,Paper:mitra,REPORTED_IN:6bc0ffb9cdb88a5c,REPORTED_IN,reported in this paper,mitra.pdf p.10 equation_candidate chunk_295840f7d0018374,1.0,mitra.pdf p.10 equation_candidate chunk_295840f7d0018374,,,
Equation:eq6_argmin_mse,Paper:mitra,REPORTED_IN:6101d2f0bb68cb3f,REPORTED_IN,reported in this paper,mitra.pdf p.10 equation_candidate chunk_295840f7d0018374,1.0,mitra.pdf p.10 equation_candidate chunk_295840f7d0018374,,,
Equation:eq6_argmin_mse,Document:mitra_p10_chunk295840f7d0018374,REPORTED_IN:6fe9a4d5339a40b9,REPORTED_IN,Equation (6) is reported in the provided mitra.pdf page 10 chunk.,PDF: mitra.pdf | page: 10,0.95,mitra.pdf p.10 equation_candidate chunk_295840f7d0018374,chunk_295840f7d0018374,10,mitra.pdf
Equation:eq6_argmin_mse,Variable:param_a_star,MENTIONS:fb2e0e2f61dbcbcd,MENTIONS,Equation (6) explicitly defines a* as part of the argmin solution.,"( a ∗ , b ∗ ) = argmin",0.9,mitra.pdf p.10 equation_candidate chunk_295840f7d0018374,chunk_295840f7d0018374,10,mitra.pdf
Equation:eq6_argmin_mse,Variable:param_b_star,MENTIONS:4cd7d389e2d51f6c,MENTIONS,Equation (6) explicitly defines b* as part of the argmin solution.,"( a ∗ , b ∗ ) = argmin",0.9,mitra.pdf p.10 equation_candidate chunk_295840f7d0018374,chunk_295840f7d0018374,10,mitra.pdf
Equation:eq6_argmin_mse,Variable:z_i,MENTIONS:61da6aceaeb1e3ab,MENTIONS,Equation (6) includes the input samples z_i inside g(z_i).,( g ( z i ) − θ i ∗ ) 2,0.9,mitra.pdf p.10 equation_candidate chunk_295840f7d0018374,chunk_295840f7d0018374,10,mitra.pdf
Equation:eq6_argmin_mse,Variable:theta_i_star,MENTIONS:d14fb1a03607c480,MENTIONS,Equation (6) includes the target values theta_i* in the squared error term.,( g ( z i ) − θ i ∗ ) 2,0.9,mitra.pdf p.10 equation_candidate chunk_295840f7d0018374,chunk_295840f7d0018374,10,mitra.pdf
Equation:eq6_argmin_mse,Concept:g_of_z,MENTIONS:320b4f6a4f4b15dc,MENTIONS,Equation (6) uses a function g evaluated at z_i.,g ( z i ),0.85,mitra.pdf p.10 equation_candidate chunk_295840f7d0018374,chunk_295840f7d0018374,10,mitra.pdf
Equation:eq6_argmin_mse,Variable:n_samples,MENTIONS:686914c043866e93,MENTIONS,Equation (6) averages squared errors using the factor 1/n and summation to n.,n 1 i ∑ = n 1,0.7,mitra.pdf p.10 equation_candidate chunk_295840f7d0018374,chunk_295840f7d0018374,10,mitra.pdf
Variable:param_a,Paper:mitra,REPORTED_IN:708b47757407edcf,REPORTED_IN,reported in this paper,mitra.pdf p.10 equation_candidate chunk_295840f7d0018374,1.0,mitra.pdf p.10 equation_candidate chunk_295840f7d0018374,,,
Variable:param_b,Paper:mitra,REPORTED_IN:8cef2adf47cb18b3,REPORTED_IN,reported in this paper,mitra.pdf p.10 equation_candidate chunk_295840f7d0018374,1.0,mitra.pdf p.10 equation_candidate chunk_295840f7d0018374,,,
Variable:param_a_star,Paper:mitra,REPORTED_IN:a1e7f01a20a9b411,REPORTED_IN,reported in this paper,mitra.pdf p.10 equation_candidate chunk_295840f7d0018374,1.0,mitra.pdf p.10 equation_candidate chunk_295840f7d0018374,,,
Variable:param_a_star,Variable:param_a,DERIVED_FROM:4769ebb286acde0c,DERIVED_FROM,The optimal a* is obtained by optimizing over a in the argmin problem.,"argmin a , b ∈ R m",0.85,mitra.pdf p.10 equation_candidate chunk_295840f7d0018374,chunk_295840f7d0018374,10,mitra.pdf
Variable:param_b_star,Paper:mitra,REPORTED_IN:9ff0876c568b40b1,REPORTED_IN,reported in this paper,mitra.pdf p.10 equation_candidate chunk_295840f7d0018374,1.0,mitra.pdf p.10 equation_candidate chunk_295840f7d0018374,,,
Variable:param_b_star,Variable:param_b,DERIVED_FROM:a9969f8be8f272fa,DERIVED_FROM,The optimal b* is obtained by optimizing over b in the argmin problem.,"argmin a , b ∈ R m",0.85,mitra.pdf p.10 equation_candidate chunk_295840f7d0018374,chunk_295840f7d0018374,10,mitra.pdf
Variable:z_i,Paper:mitra,REPORTED_IN:3e0e51fbde7dbb47,REPORTED_IN,reported in this paper,mitra.pdf p.10 equation_candidate chunk_295840f7d0018374,1.0,mitra.pdf p.10 equation_candidate chunk_295840f7d0018374,,,
Variable:theta_i_star,Paper:mitra,REPORTED_IN:b45b2c5b1b2f58c8,REPORTED_IN,reported in this paper,mitra.pdf p.10 equation_candidate chunk_295840f7d0018374,1.0,mitra.pdf p.10 equation_candidate chunk_295840f7d0018374,,,
Concept:g_of_z,Paper:mitra,REPORTED_IN:ce09503d903defe4,REPORTED_IN,reported in this paper,mitra.pdf p.10 equation_candidate chunk_295840f7d0018374,1.0,mitra.pdf p.10 equation_candidate chunk_295840f7d0018374,,,
Variable:n_samples,Paper:mitra,REPORTED_IN:652114ad87161e2a,REPORTED_IN,reported in this paper,mitra.pdf p.10 equation_candidate chunk_295840f7d0018374,1.0,mitra.pdf p.10 equation_candidate chunk_295840f7d0018374,,,
Limitation:unverified_equation_flag,Paper:mitra,REPORTED_IN:a88789d471928b43,REPORTED_IN,reported in this paper,mitra.pdf p.10 equation_candidate chunk_295840f7d0018374,1.0,mitra.pdf p.10 equation_candidate chunk_295840f7d0018374,,,
Limitation:unverified_equation_flag,Equation:eq6_argmin_mse,LIMITED_BY:e9abb054fef52438,LIMITED_BY,The extracted equation is flagged as unverified and should be reviewed before being treated as a paper fact.,UNVERIFIED EQUATION CANDIDATE - REVIEW BEFORE USING AS A PAPER FACT,0.95,mitra.pdf p.10 equation_candidate chunk_295840f7d0018374,chunk_295840f7d0018374,10,mitra.pdf
Document:mitra.pdf_p16_chunk_1c86e251de2cb8bc,Paper:mitra,REPORTED_IN:69d41fd72a2c4bd0,REPORTED_IN,reported in this paper,mitra.pdf p.16 equation_candidate chunk_1c86e251de2cb8bc,1.0,mitra.pdf p.16 equation_candidate chunk_1c86e251de2cb8bc,,,
Document:mitra.pdf_p16_chunk_1c86e251de2cb8bc,Dataset:experiments_f1b2_to_f1b4,MENTIONS:186ccfae2405fcd5,MENTIONS,The chunk lists several experiments by identifier.,"For the experiments F1B2, F2B2, F3B2, F1B1, F1B3, and F1B4",0.9,mitra.pdf p.16 equation_candidate chunk_1c86e251de2cb8bc,chunk_1c86e251de2cb8bc,16,mitra.pdf
Method:epcc,Paper:mitra,REPORTED_IN:96d96519cabc4e96,REPORTED_IN,reported in this paper,mitra.pdf p.16 equation_candidate chunk_1c86e251de2cb8bc,1.0,mitra.pdf p.16 equation_candidate chunk_1c86e251de2cb8bc,,,
Method:epcc,Concept:linear_correlation,MEASURES:70983796c2e02f67,MEASURES,EPCC is used to quantify linear correlation.,"To quantify this, the empirical Pearson correlation coefficients (EPCC) were considered",0.85,mitra.pdf p.16 equation_candidate chunk_1c86e251de2cb8bc,chunk_1c86e251de2cb8bc,16,mitra.pdf
Method:epcc,Descriptor:dfmax_descriptor,APPLIES_TO:1d26f78bbf79d32f,APPLIES_TO,EPCC is applied in examining correlation involving the granule descriptor d_F_max.,the linear correlation between the granule descriptors d F max and Ψ A was examined,0.8,mitra.pdf p.16 equation_candidate chunk_1c86e251de2cb8bc,chunk_1c86e251de2cb8bc,16,mitra.pdf
Method:epcc,Descriptor:psia_descriptor,APPLIES_TO:760ab7c9dd0faaf8,APPLIES_TO,EPCC is applied in examining correlation involving the granule descriptor Ψ_A.,the linear correlation between the granule descriptors d F max and Ψ A was examined,0.8,mitra.pdf p.16 equation_candidate chunk_1c86e251de2cb8bc,chunk_1c86e251de2cb8bc,16,mitra.pdf
Equation:eq9_epcc_definition,Paper:mitra,REPORTED_IN:d340cc84ba06564d,REPORTED_IN,reported in this paper,mitra.pdf p.16 equation_candidate chunk_1c86e251de2cb8bc,1.0,mitra.pdf p.16 equation_candidate chunk_1c86e251de2cb8bc,,,
Equation:eq9_epcc_definition,Method:epcc,EVIDENCED_BY:0702a6beb06eb161,EVIDENCED_BY,Equation (9) provides the mathematical form used for EPCC.,"EPCC ( x , y ) = ... , (9)",0.7,mitra.pdf p.16 equation_candidate chunk_1c86e251de2cb8bc,chunk_1c86e251de2cb8bc,16,mitra.pdf
Equation:eq9_epcc_definition,Document:mitra.pdf_p16_chunk_1c86e251de2cb8bc,REPORTED_IN:f392b5fff240aa86,REPORTED_IN,Equation (9) for EPCC is reported in this document chunk.,PDF: mitra.pdf | page: 16,0.9,mitra.pdf p.16 equation_candidate chunk_1c86e251de2cb8bc,chunk_1c86e251de2cb8bc,16,mitra.pdf
Equation:eq9_epcc_definition,Limitation:unverified_equation_candidate_notice,LIMITED_BY:c794f115ff957cce,LIMITED_BY,The extracted equation is explicitly marked as unverified and requiring review.,UNVERIFIED EQUATION CANDIDATE - REVIEW BEFORE USING AS A PAPER FACT,0.95,mitra.pdf p.16 equation_candidate chunk_1c86e251de2cb8bc,chunk_1c86e251de2cb8bc,16,mitra.pdf
Concept:linear_correlation,Paper:mitra,REPORTED_IN:d3f044d4428a18bd,REPORTED_IN,reported in this paper,mitra.pdf p.16 equation_candidate chunk_1c86e251de2cb8bc,1.0,mitra.pdf p.16 equation_candidate chunk_1c86e251de2cb8bc,,,
Descriptor:dfmax_descriptor,Paper:mitra,REPORTED_IN:e3659f5439f34147,REPORTED_IN,reported in this paper,mitra.pdf p.16 equation_candidate chunk_1c86e251de2cb8bc,1.0,mitra.pdf p.16 equation_candidate chunk_1c86e251de2cb8bc,,,
Descriptor:psia_descriptor,Paper:mitra,REPORTED_IN:313629a839c3c640,REPORTED_IN,reported in this paper,mitra.pdf p.16 equation_candidate chunk_1c86e251de2cb8bc,1.0,mitra.pdf p.16 equation_candidate chunk_1c86e251de2cb8bc,,,
Variable:xi,Paper:mitra,REPORTED_IN:5126d79984e9059a,REPORTED_IN,reported in this paper,mitra.pdf p.16 equation_candidate chunk_1c86e251de2cb8bc,1.0,mitra.pdf p.16 equation_candidate chunk_1c86e251de2cb8bc,,,
Variable:xi,Descriptor:dfmax_descriptor,MEASURES:58952ec9db574b32,MEASURES,x_i values correspond to the maximum Feret diameter descriptor.,x i and y i represent the maximum Feret diameter and aspect ratio,0.85,mitra.pdf p.16 equation_candidate chunk_1c86e251de2cb8bc,chunk_1c86e251de2cb8bc,16,mitra.pdf
Variable:xi,Dataset:sopat_images,DERIVED_FROM:4f065f1184895c6d,DERIVED_FROM,x_i (maximum Feret diameter) is taken from SOPAT images.,from the SOPAT images,0.75,mitra.pdf p.16 equation_candidate chunk_1c86e251de2cb8bc,chunk_1c86e251de2cb8bc,16,mitra.pdf
Variable:yi,Paper:mitra,REPORTED_IN:d15b0658165e713d,REPORTED_IN,reported in this paper,mitra.pdf p.16 equation_candidate chunk_1c86e251de2cb8bc,1.0,mitra.pdf p.16 equation_candidate chunk_1c86e251de2cb8bc,,,
Variable:yi,Descriptor:psia_descriptor,MEASURES:ce3dea7da1528652,MEASURES,y_i values correspond to the aspect ratio descriptor.,x i and y i represent the maximum Feret diameter and aspect ratio,0.85,mitra.pdf p.16 equation_candidate chunk_1c86e251de2cb8bc,chunk_1c86e251de2cb8bc,16,mitra.pdf
Variable:yi,Dataset:sopat_images,DERIVED_FROM:4271b586c0f5384b,DERIVED_FROM,y_i (aspect ratio) is taken from SOPAT images.,from the SOPAT images,0.75,mitra.pdf p.16 equation_candidate chunk_1c86e251de2cb8bc,chunk_1c86e251de2cb8bc,16,mitra.pdf
Dataset:sopat_images,Paper:mitra,REPORTED_IN:df96a856dbc1cd96,REPORTED_IN,reported in this paper,mitra.pdf p.16 equation_candidate chunk_1c86e251de2cb8bc,1.0,mitra.pdf p.16 equation_candidate chunk_1c86e251de2cb8bc,,,
Dataset:experiments_f1b2_to_f1b4,Paper:mitra,REPORTED_IN:570e91bfa5225d06,REPORTED_IN,reported in this paper,mitra.pdf p.16 equation_candidate chunk_1c86e251de2cb8bc,1.0,mitra.pdf p.16 equation_candidate chunk_1c86e251de2cb8bc,,,
Limitation:unverified_equation_candidate_notice,Paper:mitra,REPORTED_IN:fed1eadeceb11b53,REPORTED_IN,reported in this paper,mitra.pdf p.16 equation_candidate chunk_1c86e251de2cb8bc,1.0,mitra.pdf p.16 equation_candidate chunk_1c86e251de2cb8bc,,,
Document:mitra_p8_chunk_9082cc6cb7d7ca45,Paper:mitra,REPORTED_IN:60fa89422f88dff8,REPORTED_IN,reported in this paper,mitra.pdf p.8 page_text chunk_9082cc6cb7d7ca45,1.0,mitra.pdf p.8 page_text chunk_9082cc6cb7d7ca45,,,
Document:mitra_p8_chunk_9082cc6cb7d7ca45,Dataset:imaging_parameters_table2,MENTIONS:3b6e0af29c08eda9,MENTIONS,The chunk contains Table 2 imaging specifications.,Table 2. Imaging specifications.,0.95,mitra.pdf p.8 page_text chunk_9082cc6cb7d7ca45,chunk_9082cc6cb7d7ca45,8,mitra.pdf
Instrument:sopat_inline_granule_imaging_probe,Paper:mitra,REPORTED_IN:4cda0195ea6e9b6d,REPORTED_IN,reported in this paper,mitra.pdf p.8 page_text chunk_9082cc6cb7d7ca45,1.0,mitra.pdf p.8 page_text chunk_9082cc6cb7d7ca45,,,
Material:rhodium_reflector,Paper:mitra,REPORTED_IN:41c6454adb416fe9,REPORTED_IN,reported in this paper,mitra.pdf p.8 page_text chunk_9082cc6cb7d7ca45,1.0,mitra.pdf p.8 page_text chunk_9082cc6cb7d7ca45,,,
Material:rhodium_reflector,Instrument:integrated_strobe_light,USES:b9cb317b624d894b,USES,The reflector is used together with the integrated strobe light.,used in conjunction with the integrated strobe light,0.85,mitra.pdf p.8 page_text chunk_9082cc6cb7d7ca45,chunk_9082cc6cb7d7ca45,8,mitra.pdf
Material:rhodium_reflector,Concept:uniform_controlled_illumination,SUPPORTS:95a2ef8f941ae2a8,SUPPORTS,Reflector and strobe light provide uniform and controlled illumination.,provide uniform and controlled illumination,0.8,mitra.pdf p.8 page_text chunk_9082cc6cb7d7ca45,chunk_9082cc6cb7d7ca45,8,mitra.pdf
Instrument:integrated_strobe_light,Paper:mitra,REPORTED_IN:e7b2ef67865b2886,REPORTED_IN,reported in this paper,mitra.pdf p.8 page_text chunk_9082cc6cb7d7ca45,1.0,mitra.pdf p.8 page_text chunk_9082cc6cb7d7ca45,,,
Concept:uniform_controlled_illumination,Paper:mitra,REPORTED_IN:ebacfe83534c3b3d,REPORTED_IN,reported in this paper,mitra.pdf p.8 page_text chunk_9082cc6cb7d7ca45,1.0,mitra.pdf p.8 page_text chunk_9082cc6cb7d7ca45,,,
Variable:reflector_lens_distance,Paper:mitra,REPORTED_IN:e2add93b9e62d924,REPORTED_IN,reported in this paper,mitra.pdf p.8 page_text chunk_9082cc6cb7d7ca45,1.0,mitra.pdf p.8 page_text chunk_9082cc6cb7d7ca45,,,
Variable:reflector_lens_distance,Concept:image_quality,AFFECTS:ce356a81aa6a3fa6,AFFECTS,Reflector placement relative to the lens influences image quality.,Optimal image quality was obtained with the reflector placed in close proximity to the lens,0.78,mitra.pdf p.8 page_text chunk_9082cc6cb7d7ca45,chunk_9082cc6cb7d7ca45,8,mitra.pdf
Variable:reflector_lens_distance,Limitation:occlusion_from_granules,AFFECTS:2c9dfd2087cadb02,AFFECTS,Increasing reflector–lens distance can reduce occlusion for certain material systems.,a larger reflector–lens distance is necessary to reduce occlusion from granules,0.82,mitra.pdf p.8 page_text chunk_9082cc6cb7d7ca45,chunk_9082cc6cb7d7ca45,8,mitra.pdf
Variable:reflector_lens_distance,Material:rhodium_reflector,MEASURES:c3490b980f3049b2,MEASURES,Reflector distance parameter specifies the reflector position relative to the lens.,Reflectordistance[µm] 1000,0.7,mitra.pdf p.8 page_text chunk_9082cc6cb7d7ca45,chunk_9082cc6cb7d7ca45,8,mitra.pdf
Concept:image_quality,Paper:mitra,REPORTED_IN:bcd66e9eecd9e87e,REPORTED_IN,reported in this paper,mitra.pdf p.8 page_text chunk_9082cc6cb7d7ca45,1.0,mitra.pdf p.8 page_text chunk_9082cc6cb7d7ca45,,,
Limitation:occlusion_from_granules,Paper:mitra,REPORTED_IN:1a01155b68152eff,REPORTED_IN,reported in this paper,mitra.pdf p.8 page_text chunk_9082cc6cb7d7ca45,1.0,mitra.pdf p.8 page_text chunk_9082cc6cb7d7ca45,,,
Instrument:microscopic_optical_system,Paper:mitra,REPORTED_IN:74317e13585af446,REPORTED_IN,reported in this paper,mitra.pdf p.8 page_text chunk_9082cc6cb7d7ca45,1.0,mitra.pdf p.8 page_text chunk_9082cc6cb7d7ca45,,,
Variable:diagonal_field_of_view,Paper:mitra,REPORTED_IN:8fa66253807f9636,REPORTED_IN,reported in this paper,mitra.pdf p.8 page_text chunk_9082cc6cb7d7ca45,1.0,mitra.pdf p.8 page_text chunk_9082cc6cb7d7ca45,,,
Variable:diagonal_field_of_view,Instrument:microscopic_optical_system,HAS_PROPERTY:d39aa8e238c0a5c4,HAS_PROPERTY,The microscopic optical system offers a diagonal field of view of 800 µm.,offers a diagonal field of view of 800µm,0.88,mitra.pdf p.8 page_text chunk_9082cc6cb7d7ca45,chunk_9082cc6cb7d7ca45,8,mitra.pdf
Variable:diagonal_field_of_view,Descriptor:granule_size_range_2_300_um,SUPPORTS:0f0d02cc012c5c63,SUPPORTS,The field of view enables resolving granules in the specified size range.,enabling the resolution of granules in the approximate size range of 2µm to 300µm,0.86,mitra.pdf p.8 page_text chunk_9082cc6cb7d7ca45,chunk_9082cc6cb7d7ca45,8,mitra.pdf
Descriptor:granule_size_range_2_300_um,Paper:mitra,REPORTED_IN:16ab1b9c56038b69,REPORTED_IN,reported in this paper,mitra.pdf p.8 page_text chunk_9082cc6cb7d7ca45,1.0,mitra.pdf p.8 page_text chunk_9082cc6cb7d7ca45,,,
Instrument:sopat_camera,Paper:mitra,REPORTED_IN:ea61feeacafea58d,REPORTED_IN,reported in this paper,mitra.pdf p.8 page_text chunk_9082cc6cb7d7ca45,1.0,mitra.pdf p.8 page_text chunk_9082cc6cb7d7ca45,,,
Instrument:sopat_camera,Material:dried_agglomerated_granules,MEASURES:2a3603a7632358ae,MEASURES,The SOPAT camera primarily captures dried agglomerated granules.,the SOPAT camera primarily captures dried agglomerated granules,0.85,mitra.pdf p.8 page_text chunk_9082cc6cb7d7ca45,chunk_9082cc6cb7d7ca45,8,mitra.pdf
Instrument:sopat_camera,Descriptor:image_format_8bit_monochrome,HAS_DESCRIPTOR:88d302c013250778,HAS_DESCRIPTOR,The camera recorded 8-bit monochrome images.,recorded 8-bit monochrome images,0.9,mitra.pdf p.8 page_text chunk_9082cc6cb7d7ca45,chunk_9082cc6cb7d7ca45,8,mitra.pdf
Instrument:sopat_camera,Variable:image_dimensions_2464x2056,HAS_PROPERTY:73f0ebc053b4a435,HAS_PROPERTY,The camera images have resolution 2464×2056 pixels.,resolution of 2464×2056 pixels,0.92,mitra.pdf p.8 page_text chunk_9082cc6cb7d7ca45,chunk_9082cc6cb7d7ca45,8,mitra.pdf
Material:dried_agglomerated_granules,Paper:mitra,REPORTED_IN:2d9b9c5bac88b71f,REPORTED_IN,reported in this paper,mitra.pdf p.8 page_text chunk_9082cc6cb7d7ca45,1.0,mitra.pdf p.8 page_text chunk_9082cc6cb7d7ca45,,,
Material:primary_alumina_nanoparticles,Paper:mitra,REPORTED_IN:af2b96d911b18e0c,REPORTED_IN,reported in this paper,mitra.pdf p.8 page_text chunk_9082cc6cb7d7ca45,1.0,mitra.pdf p.8 page_text chunk_9082cc6cb7d7ca45,,,
Limitation:resolution_limit,Paper:mitra,REPORTED_IN:25c22fbb1eb14c6d,REPORTED_IN,reported in this paper,mitra.pdf p.8 page_text chunk_9082cc6cb7d7ca45,1.0,mitra.pdf p.8 page_text chunk_9082cc6cb7d7ca45,,,
Limitation:resolution_limit,Material:primary_alumina_nanoparticles,LIMITED_BY:5289004a2f475731,LIMITED_BY,Primary alumina nanoparticles are not resolved because they fall below the resolution limit.,the individual primary alumina nanoparticles fall below the resolution limit,0.9,mitra.pdf p.8 page_text chunk_9082cc6cb7d7ca45,chunk_9082cc6cb7d7ca45,8,mitra.pdf
Dataset:imaging_parameters_table2,Paper:mitra,REPORTED_IN:9e9fb9533d947974,REPORTED_IN,reported in this paper,mitra.pdf p.8 page_text chunk_9082cc6cb7d7ca45,1.0,mitra.pdf p.8 page_text chunk_9082cc6cb7d7ca45,,,
Dataset:imaging_parameters_table2,Instrument:sopat_inline_granule_imaging_probe,REPORTED_IN:2f506fddedd5fda0,REPORTED_IN,Imaging specifications are reported for the SOPAT inline granule imaging probe.,Table 2. Imaging specifications. Image capture specifications for the SOPAT inline granule imaging probe.,0.9,mitra.pdf p.8 page_text chunk_9082cc6cb7d7ca45,chunk_9082cc6cb7d7ca45,8,mitra.pdf
Descriptor:image_format_8bit_monochrome,Paper:mitra,REPORTED_IN:ee973e3924b8a993,REPORTED_IN,reported in this paper,mitra.pdf p.8 page_text chunk_9082cc6cb7d7ca45,1.0,mitra.pdf p.8 page_text chunk_9082cc6cb7d7ca45,,,
Variable:image_dimensions_2464x2056,Paper:mitra,REPORTED_IN:ae9912334e7db96e,REPORTED_IN,reported in this paper,mitra.pdf p.8 page_text chunk_9082cc6cb7d7ca45,1.0,mitra.pdf p.8 page_text chunk_9082cc6cb7d7ca45,,,
Variable:conversion_factor,Paper:mitra,REPORTED_IN:f7f3d19f7278a5da,REPORTED_IN,reported in this paper,mitra.pdf p.8 page_text chunk_9082cc6cb7d7ca45,1.0,mitra.pdf p.8 page_text chunk_9082cc6cb7d7ca45,,,
Variable:conversion_factor,Instrument:sopat_camera,APPLIES_TO:4d87f6ea822a3e9f,APPLIES_TO,A spatial conversion factor is applied to the camera images to obtain physical measurements.,was applied to convert pixel dimensions into real physical measurements,0.87,mitra.pdf p.8 page_text chunk_9082cc6cb7d7ca45,chunk_9082cc6cb7d7ca45,8,mitra.pdf
Variable:frame_rate,Paper:mitra,REPORTED_IN:419c72fb70d929aa,REPORTED_IN,reported in this paper,mitra.pdf p.8 page_text chunk_9082cc6cb7d7ca45,1.0,mitra.pdf p.8 page_text chunk_9082cc6cb7d7ca45,,,
Variable:frame_rate,Dataset:sopat_image_series,HAS_PROPERTY:fed4d263746e3260,HAS_PROPERTY,Images were acquired at a fixed frame rate of 20 Hz.,at a fixed frame rate of 20Hz,0.9,mitra.pdf p.8 page_text chunk_9082cc6cb7d7ca45,chunk_9082cc6cb7d7ca45,8,mitra.pdf
Variable:frame_rate,Limitation:biased_statistical_evaluations,INFLUENCES:bfcd5e5acc8a712f,INFLUENCES,Frame rate selection aims to reduce repeated captures that could bias statistics.,could otherwise lead to biased statistical evaluations,0.83,mitra.pdf p.8 page_text chunk_9082cc6cb7d7ca45,chunk_9082cc6cb7d7ca45,8,mitra.pdf
Concept:statistical_significance_granule_size_distribution,Paper:mitra,REPORTED_IN:a97193700a2a0ec9,REPORTED_IN,reported in this paper,mitra.pdf p.8 page_text chunk_9082cc6cb7d7ca45,1.0,mitra.pdf p.8 page_text chunk_9082cc6cb7d7ca45,,,
Limitation:biased_statistical_evaluations,Paper:mitra,REPORTED_IN:66f42d005db4946d,REPORTED_IN,reported in this paper,mitra.pdf p.8 page_text chunk_9082cc6cb7d7ca45,1.0,mitra.pdf p.8 page_text chunk_9082cc6cb7d7ca45,,,
Variable:focus_position,Paper:mitra,REPORTED_IN:7304656ddc58bc0d,REPORTED_IN,reported in this paper,mitra.pdf p.8 page_text chunk_9082cc6cb7d7ca45,1.0,mitra.pdf p.8 page_text chunk_9082cc6cb7d7ca45,,,
Variable:focus_position,Concept:image_quality,AFFECTS:4fd4521f2ca6feda,AFFECTS,Focus was adjusted to optimize image clarity for granules passing through the focal plane.,to optimize image clarity for granules,0.8,mitra.pdf p.8 page_text chunk_9082cc6cb7d7ca45,chunk_9082cc6cb7d7ca45,8,mitra.pdf
Variable:strobe_intensity,Paper:mitra,REPORTED_IN:7ba5558b7d9dcc60,REPORTED_IN,reported in this paper,mitra.pdf p.8 page_text chunk_9082cc6cb7d7ca45,1.0,mitra.pdf p.8 page_text chunk_9082cc6cb7d7ca45,,,
Variable:exposure_time,Paper:mitra,REPORTED_IN:78f466d1ad3b22aa,REPORTED_IN,reported in this paper,mitra.pdf p.8 page_text chunk_9082cc6cb7d7ca45,1.0,mitra.pdf p.8 page_text chunk_9082cc6cb7d7ca45,,,
Dataset:sopat_image_series,Paper:mitra,REPORTED_IN:579c8b9a11e9be00,REPORTED_IN,reported in this paper,mitra.pdf p.8 page_text chunk_9082cc6cb7d7ca45,1.0,mitra.pdf p.8 page_text chunk_9082cc6cb7d7ca45,,,
Dataset:sopat_image_series,Concept:statistical_significance_granule_size_distribution,SUPPORTS:9cd069b6993113c4,SUPPORTS,Acquiring 100 images per condition supports statistical significance of size distributions.,"To ensure statistical significance in the granule size distribution at each time point, 100 images were acquired",0.84,mitra.pdf p.8 page_text chunk_9082cc6cb7d7ca45,chunk_9082cc6cb7d7ca45,8,mitra.pdf
Dataset:sopat_image_series,Method:image_processing_method,USES:47f3e4ae020d60cd,USES,The collected image series was processed to extract size and shape descriptor distributions.,was subsequently processed to extract granule size and shape descriptor distributions,0.9,mitra.pdf p.8 page_text chunk_9082cc6cb7d7ca45,chunk_9082cc6cb7d7ca45,8,mitra.pdf
Method:image_processing_method,Paper:mitra,REPORTED_IN:adbe8f6627174490,REPORTED_IN,reported in this paper,mitra.pdf p.8 page_text chunk_9082cc6cb7d7ca45,1.0,mitra.pdf p.8 page_text chunk_9082cc6cb7d7ca45,,,
Method:two_dimensional_image_analysis,Paper:mitra,REPORTED_IN:0d3f302e833f1721,REPORTED_IN,reported in this paper,mitra.pdf p.8 page_text chunk_9082cc6cb7d7ca45,1.0,mitra.pdf p.8 page_text chunk_9082cc6cb7d7ca45,,,
Method:two_dimensional_image_analysis,Dataset:sopat_image_series,DERIVED_FROM:1c85c55828162ac6,DERIVED_FROM,2D image analysis is performed on SOPAT images.,derived from two-dimensional (2D) image analysis of SOPAT images,0.88,mitra.pdf p.8 page_text chunk_9082cc6cb7d7ca45,chunk_9082cc6cb7d7ca45,8,mitra.pdf
Descriptor:maximum_feret_diameter,Paper:mitra,REPORTED_IN:4c9260405ebb5bd2,REPORTED_IN,reported in this paper,mitra.pdf p.8 page_text chunk_9082cc6cb7d7ca45,1.0,mitra.pdf p.8 page_text chunk_9082cc6cb7d7ca45,,,
Descriptor:maximum_feret_diameter,Method:two_dimensional_image_analysis,DERIVED_FROM:db46d51b444e31db,DERIVED_FROM,Maximum Feret diameter is derived from 2D image analysis.,two key size and shape descriptors derived from two-dimensional (2D) image analysis,0.82,mitra.pdf p.8 page_text chunk_9082cc6cb7d7ca45,chunk_9082cc6cb7d7ca45,8,mitra.pdf
Descriptor:maximum_feret_diameter,Variable:d_fmax,MENTIONS:3c7493a34d278f23,MENTIONS,Maximum Feret diameter is denoted by d_Fmax.,Maximum Feret diameter (d )—,0.75,mitra.pdf p.8 page_text chunk_9082cc6cb7d7ca45,chunk_9082cc6cb7d7ca45,8,mitra.pdf
Document:regolith_p7_chunk_3b9026e63363ad14,Paper:regolith,REPORTED_IN:96979ed53993f737,REPORTED_IN,reported in this paper,regolith.pdf p.7 page_text chunk_3b9026e63363ad14,1.0,regolith.pdf p.7 page_text chunk_3b9026e63363ad14,,,
Dataset:segmented_particles_data,Paper:regolith,REPORTED_IN:84c5c8fbd9792e5a,REPORTED_IN,reported in this paper,regolith.pdf p.7 page_text chunk_3b9026e63363ad14,1.0,regolith.pdf p.7 page_text chunk_3b9026e63363ad14,,,
Dataset:segmented_particles_data,Descriptor:particle_descriptors,USES:2c1524afae4c57c2,USES,The data of segmented particles is used by computing particle descriptors to obtain an analysis dataset.,By computing the particle descriptors,0.82,regolith.pdf p.7 page_text chunk_3b9026e63363ad14,chunk_3b9026e63363ad14,7,regolith.pdf
Dataset:segmented_particles_data,Method:statistical_analysis_similarities,SUPPORTS:eb6222e63b6b30a4,SUPPORTS,The dataset obtained from segmented particles forms the basis for the subsequent statistical analysis of regolith simulants.,forms the basis for the following statistical analysis,0.86,regolith.pdf p.7 page_text chunk_3b9026e63363ad14,chunk_3b9026e63363ad14,7,regolith.pdf
Descriptor:particle_descriptors,Paper:regolith,REPORTED_IN:b2d2555f99c5e99a,REPORTED_IN,reported in this paper,regolith.pdf p.10 page_text chunk_2ca960600a9df8b8,1.0,regolith.pdf p.10 page_text chunk_2ca960600a9df8b8,,,
Descriptor:particle_descriptors,Material:csm-lht-1,APPLIES_TO:3ccd4c552d80102f,APPLIES_TO,The particle descriptors referenced are those of CSM-LHT-1.,particle descriptors of CSM-LHT-1,0.9,regolith.pdf p.10 page_text chunk_2ca960600a9df8b8,chunk_2ca960600a9df8b8,10,regolith.pdf
Material:regolith_simulants,Paper:regolith,REPORTED_IN:eb492606ae8097eb,REPORTED_IN,reported in this paper,regolith.pdf p.3 page_text chunk_99780812c420d780,1.0,regolith.pdf p.3 page_text chunk_99780812c420d780,,,
Material:regolith_simulants,Material:fines,HAS_PROPERTY:9f8e39af1038deb3,HAS_PROPERTY,Regolith simulants may contain hugely different amounts of fines.,regolith simulants may contain hugely different amounts of fines,0.85,regolith.pdf p.7 page_text chunk_73c87c0131a065ed,chunk_73c87c0131a065ed,7,regolith.pdf
Material:regolith_simulants,Limitation:simulant_representativeness_unclear,LIMITED_BY:281329b98f92101a,LIMITED_BY,The representativeness of simulants for lunar regolith mechanical properties is stated as unclear.,it remains unclear whether regolith simulants are representative for lunar regolith with respect to their mechanical properties,0.9,regolith.pdf p.2 page_text chunk_44889c813b9be835,chunk_44889c813b9be835,2,regolith.pdf
Material:regolith_simulants,Limitation:predict_behavior_limitation,LIMITED_BY:8b488eb144c9453f,LIMITED_BY,The chunk claims simulants may be insufficient for predicting actual regolith mechanical behavior under lunar conditions.,regolith simulants may be insufficient to reliably predict the mechanical behavior of actual regolith under lunar conditions,0.9,regolith.pdf p.2 page_text chunk_44889c813b9be835,chunk_44889c813b9be835,2,regolith.pdf
Material:regolith_simulants,Concept:mare_regolith,APPLIES_TO:44e0aa04d2ce6d8f,APPLIES_TO,Some simulants represent mare regolith.,regolith simulants representing mare,0.8,regolith.pdf p.2 page_text chunk_44889c813b9be835,chunk_44889c813b9be835,2,regolith.pdf
Material:regolith_simulants,Concept:highlands_regolith,APPLIES_TO:cb0b88dafad9fb76,APPLIES_TO,Some simulants represent highlands regolith.,and highlands regolith,0.8,regolith.pdf p.2 page_text chunk_44889c813b9be835,chunk_44889c813b9be835,2,regolith.pdf
Material:regolith_simulants,Dataset:three_lunar_samples,COMPARES_WITH:7ee7d0a9fc5f1d7a,COMPARES_WITH,The chunk states simulants are compared to three different samples of lunar regolith.,we compare these simulants to three different samples of lunar regolith,0.9,regolith.pdf p.2 page_text chunk_44889c813b9be835,chunk_44889c813b9be835,2,regolith.pdf
Material:regolith_simulants,Finding:shape_investigation_necessity,SUPPORTS:40664bd84229e112,SUPPORTS,Comparisons involving simulants are said to highlight the necessity of thoroughly investigating lunar regolith particle shapes.,highlighting the necessity for a thorough investigation of the shapes of lunar regolith particles,0.8,regolith.pdf p.2 page_text chunk_44889c813b9be835,chunk_44889c813b9be835,2,regolith.pdf
Material:regolith_simulants,Material:lunar_regolith,COMPARES_WITH:5e113a3a9914316e,COMPARES_WITH,Regolith simulants are used as substitutes for lunar regolith in terrestrial experiments.,use regolith simulants as substitutes for lunar regolith,0.85,regolith.pdf p.13 page_text chunk_e99dbc4d11e11bdf,chunk_e99dbc4d11e11bdf,13,regolith.pdf
Material:regolith_simulants,Limitation:limitation_comparability_unclear,LIMITED_BY:f64b7148c3cab6c6,LIMITED_BY,Comparability of simulant mechanical properties to lunar regolith is uncertain.,it is unclear to what extent the mechanical properties of the simulants ... are comparable to those of lunar regolith,0.82,regolith.pdf p.13 page_text chunk_e99dbc4d11e11bdf,chunk_e99dbc4d11e11bdf,13,regolith.pdf
Method:statistical_analysis_similarities,Paper:regolith,REPORTED_IN:33c3d94f9395eb50,REPORTED_IN,reported in this paper,regolith.pdf p.7 page_text chunk_3b9026e63363ad14,1.0,regolith.pdf p.7 page_text chunk_3b9026e63363ad14,,,
Method:statistical_analysis_similarities,Material:regolith_simulants,APPLIES_TO:01a71c16cc69713b,APPLIES_TO,The statistical analysis concerns similarities and differences of regolith simulants.,similarities and differences of regolith simulants,0.9,regolith.pdf p.7 page_text chunk_3b9026e63363ad14,chunk_3b9026e63363ad14,7,regolith.pdf
Concept:r_vine_copulas,Paper:regolith,REPORTED_IN:c04056b53fe16b89,REPORTED_IN,reported in this paper,regolith.pdf p.7 page_text chunk_3b9026e63363ad14,1.0,regolith.pdf p.7 page_text chunk_3b9026e63363ad14,,,
Concept:r_vine_copulas,Method:pair_copula_approach,DERIVED_FROM:104d190a57668af4,DERIVED_FROM,R-vine copulas are based on the pair-copula approach.,R-vine copulas are based on the so-called pair-copula approach,0.93,regolith.pdf p.7 page_text chunk_3b9026e63363ad14,chunk_3b9026e63363ad14,7,regolith.pdf
Method:pair_copula_approach,Paper:regolith,REPORTED_IN:4b5aeeaf20e08596,REPORTED_IN,reported in this paper,regolith.pdf p.7 page_text chunk_5647a24ba128bfa1,1.0,regolith.pdf p.7 page_text chunk_5647a24ba128bfa1,,,
Method:pair_copula_approach,Equation:equation_8,SUPPORTS:f218407ab4466251,SUPPORTS,Iterative application of the pair-copula approach yields representation formulas similar to Equation (8).,"By iteratively applying the pair-copula approach stated above, representation formulas similar to that given in Equation (8)",0.78,regolith.pdf p.7 page_text chunk_5647a24ba128bfa1,chunk_5647a24ba128bfa1,7,regolith.pdf
Method:pair_copula_approach,Concept:univariate_densities_f1_f2_f3,USES:ff73c41f4f6bb53c,USES,The pair-copula representation expresses multivariate densities using univariate probability densities.,d-variate probability densities are expressed by univariate probability densities,0.75,regolith.pdf p.7 page_text chunk_5647a24ba128bfa1,chunk_5647a24ba128bfa1,7,regolith.pdf
Method:pair_copula_approach,Concept:bivariate_copula_densities,USES:3979bf3143a41b0c,USES,The pair-copula representation expresses multivariate densities using bivariate copula densities.,and bivariate copula densities,0.78,regolith.pdf p.7 page_text chunk_5647a24ba128bfa1,chunk_5647a24ba128bfa1,7,regolith.pdf
Variable:random_vector_x,Paper:regolith,REPORTED_IN:8289d3d92d88c8de,REPORTED_IN,reported in this paper,regolith.pdf p.7 page_text chunk_73c87c0131a065ed,1.0,regolith.pdf p.7 page_text chunk_73c87c0131a065ed,,,
Variable:random_vector_x,Variable:joint_density_f,HAS_PROPERTY:5eb72cee21ad689c,HAS_PROPERTY,The random vector X has a joint probability density f.,"with joint probability density f:R3 →[0,∞)",0.9,regolith.pdf p.7 page_text chunk_3b9026e63363ad14,chunk_3b9026e63363ad14,7,regolith.pdf
Variable:random_vector_x,Variable:marginal_densities_f1_f2_f3,HAS_PROPERTY:db827ac632c0dbd3,HAS_PROPERTY,"The random vector X has marginal densities f1,f2,f3.","marginal densities f1,f2,f3",0.9,regolith.pdf p.7 page_text chunk_3b9026e63363ad14,chunk_3b9026e63363ad14,7,regolith.pdf
Variable:random_vector_x,Variable:cdfs_f1_f2_f3,HAS_PROPERTY:7c6ab2cbf213893f,HAS_PROPERTY,"The random vector X has corresponding univariate cumulative distribution functions F1,F2,F3.","corresponding (univariate) cumulative distribution functions F1,F2,F3",0.88,regolith.pdf p.7 page_text chunk_3b9026e63363ad14,chunk_3b9026e63363ad14,7,regolith.pdf
Variable:joint_density_f,Paper:regolith,REPORTED_IN:99b2ead1d248076f,REPORTED_IN,reported in this paper,regolith.pdf p.7 page_text chunk_3b9026e63363ad14,1.0,regolith.pdf p.7 page_text chunk_3b9026e63363ad14,,,
Variable:marginal_densities_f1_f2_f3,Paper:regolith,REPORTED_IN:9d71eb5b5a23d592,REPORTED_IN,reported in this paper,regolith.pdf p.7 page_text chunk_3b9026e63363ad14,1.0,regolith.pdf p.7 page_text chunk_3b9026e63363ad14,,,
Variable:cdfs_f1_f2_f3,Paper:regolith,REPORTED_IN:f4b630fd2c0802c6,REPORTED_IN,reported in this paper,regolith.pdf p.7 page_text chunk_3b9026e63363ad14,1.0,regolith.pdf p.7 page_text chunk_3b9026e63363ad14,,,
Variable:copula_densities_c12_c23,Paper:regolith,REPORTED_IN:2442dbffa09814ad,REPORTED_IN,reported in this paper,regolith.pdf p.7 page_text chunk_3b9026e63363ad14,1.0,regolith.pdf p.7 page_text chunk_3b9026e63363ad14,,,
Variable:conditional_copula_density_c13_given_x2,Paper:regolith,REPORTED_IN:f2433c45865c110e,REPORTED_IN,reported in this paper,regolith.pdf p.7 page_text chunk_3b9026e63363ad14,1.0,regolith.pdf p.7 page_text chunk_3b9026e63363ad14,,,
Equation:equation_8,Paper:regolith,REPORTED_IN:0fb03b250c561b68,REPORTED_IN,reported in this paper,regolith.pdf p.7 page_text chunk_5647a24ba128bfa1,1.0,regolith.pdf p.7 page_text chunk_5647a24ba128bfa1,,,
Equation:equation_8,Variable:joint_density_f,MENTIONS:16d9690c197959a1,MENTIONS,"Equation (8) expresses the joint density f(x1,x2,x3) in a factorized copula form.","f(x1,x2,x3)=c",0.75,regolith.pdf p.7 page_text chunk_3b9026e63363ad14,chunk_3b9026e63363ad14,7,regolith.pdf
Equation:equation_8,Variable:copula_densities_c12_c23,MENTIONS:129ca951d021c849,MENTIONS,"Equation (8) includes the pair-copula densities c1,2 and c2,3.","×c1,2(...)c2,3(...)",0.78,regolith.pdf p.7 page_text chunk_3b9026e63363ad14,chunk_3b9026e63363ad14,7,regolith.pdf
Equation:equation_8,Variable:conditional_copula_density_c13_given_x2,MENTIONS:b1e70887cee231f6,MENTIONS,"Equation (8) includes a conditional copula density for (X1,X3) given X2=x2.","c1,3∣X2=x2",0.8,regolith.pdf p.7 page_text chunk_3b9026e63363ad14,chunk_3b9026e63363ad14,7,regolith.pdf
Equation:equation_8,Variable:marginal_densities_f1_f2_f3,MENTIONS:e0f218d9e9a897f7,MENTIONS,Equation (8) multiplies copula terms by marginal densities f1(x1)f2(x2)f3(x3).,f1(x1)f2(x2)f3(x3),0.86,regolith.pdf p.7 page_text chunk_3b9026e63363ad14,chunk_3b9026e63363ad14,7,regolith.pdf
Equation:equation_8,Document:regolith_p7_chunk_3b9026e63363ad14,REPORTED_IN:e97beb212b5a83eb,REPORTED_IN,Equation (8) is reported in the provided document chunk.,(8),0.95,regolith.pdf p.7 page_text chunk_3b9026e63363ad14,chunk_3b9026e63363ad14,7,regolith.pdf
Method:univariate_data_analysis,Paper:regolith,REPORTED_IN:a1f31a383ec3f18d,REPORTED_IN,reported in this paper,regolith.pdf p.7 page_text chunk_3b9026e63363ad14,1.0,regolith.pdf p.7 page_text chunk_3b9026e63363ad14,,,
Method:univariate_data_analysis,Method:sample_preparation_sieving,LIMITED_BY:8ea7071e5513c9a4,LIMITED_BY,The analysis is placed in perspective by noting effects of sample preparation removing certain particle sizes.,"during sample preparation, fines below 25μm and extremely large particles with sizes above 250μm were removed",0.9,regolith.pdf p.7 page_text chunk_3b9026e63363ad14,chunk_3b9026e63363ad14,7,regolith.pdf
Method:univariate_data_analysis,Limitation:measured_fraction_25_250,LIMITED_BY:4ebbb9384e2863c0,LIMITED_BY,The analysis is valid only for the measured fraction of particle sizes between 25μm and 250μm.,considered valid only for the measured fraction of particle sizes between 25μm and 250μm,0.92,regolith.pdf p.7 page_text chunk_3b9026e63363ad14,chunk_3b9026e63363ad14,7,regolith.pdf
Method:univariate_data_analysis,Limitation:non_volume_weighted_densities,LIMITED_BY:dcec99ae9bc587da,LIMITED_BY,"Probability densities used in the analysis are not volume-weighted, limiting correspondence to visual impression.",probability densities used in the following ... are not volume-weighted,0.9,regolith.pdf p.7 page_text chunk_3b9026e63363ad14,chunk_3b9026e63363ad14,7,regolith.pdf
Method:sample_preparation_sieving,Paper:regolith,REPORTED_IN:9fae250ec74dae2d,REPORTED_IN,reported in this paper,regolith.pdf p.7 page_text chunk_3b9026e63363ad14,1.0,regolith.pdf p.7 page_text chunk_3b9026e63363ad14,,,
Method:sample_preparation_sieving,Finding:bulk_properties_change,CAUSES:d7e6fe6049166835,CAUSES,Removing fines and very large particles may change bulk properties compared to manufacturer specifications.,may change bulk properties compared to the specifications of manufacturers,0.78,regolith.pdf p.7 page_text chunk_3b9026e63363ad14,chunk_3b9026e63363ad14,7,regolith.pdf
Variable:particle_size,Paper:regolith,REPORTED_IN:4b5a454770898f83,REPORTED_IN,reported in this paper,regolith.pdf p.13 page_text chunk_e99dbc4d11e11bdf,1.0,regolith.pdf p.13 page_text chunk_e99dbc4d11e11bdf,,,
Variable:particle_size,Variable:mech_properties,INFLUENCES:8a74960dfbf22626,INFLUENCES,Particle size influences mechanical properties.,but also by the size,0.75,regolith.pdf p.2 page_text chunk_44889c813b9be835,chunk_44889c813b9be835,2,regolith.pdf
Limitation:measured_fraction_25_250,Paper:regolith,REPORTED_IN:ad6bb3e45177e6af,REPORTED_IN,reported in this paper,regolith.pdf p.7 page_text chunk_3b9026e63363ad14,1.0,regolith.pdf p.7 page_text chunk_3b9026e63363ad14,,,
Limitation:measured_fraction_25_250,Limitation:sieving_inaccuracy,EVIDENCED_BY:0ffffd6505b4cb1e,EVIDENCED_BY,The presence of particles outside the intended size range is attributed to sieving inaccuracy.,due to the unavoidable inaccuracy of the sieving process,0.86,regolith.pdf p.7 page_text chunk_3b9026e63363ad14,chunk_3b9026e63363ad14,7,regolith.pdf
Limitation:sieving_inaccuracy,Paper:regolith,REPORTED_IN:7e9a2ae57a12b906,REPORTED_IN,reported in this paper,regolith.pdf p.7 page_text chunk_3b9026e63363ad14,1.0,regolith.pdf p.7 page_text chunk_3b9026e63363ad14,,,
Finding:bulk_properties_change,Paper:regolith,REPORTED_IN:c3940f14c8e14a1a,REPORTED_IN,reported in this paper,regolith.pdf p.7 page_text chunk_3b9026e63363ad14,1.0,regolith.pdf p.7 page_text chunk_3b9026e63363ad14,,,
Limitation:non_volume_weighted_densities,Paper:regolith,REPORTED_IN:3d860c8bc54aa174,REPORTED_IN,reported in this paper,regolith.pdf p.7 page_text chunk_3b9026e63363ad14,1.0,regolith.pdf p.7 page_text chunk_3b9026e63363ad14,,,
Instrument:laser_diffraction,Paper:regolith,REPORTED_IN:f04d0a53d2e06e2e,REPORTED_IN,reported in this paper,regolith.pdf p.7 page_text chunk_3b9026e63363ad14,1.0,regolith.pdf p.7 page_text chunk_3b9026e63363ad14,,,
Instrument:laser_diffraction,Variable:particle_size,MEASURES:414eec235b7a3e5d,MEASURES,Laser diffraction is used to obtain particle sizes.,particle sizes as obtained by laser diffraction,0.9,regolith.pdf p.7 page_text chunk_3b9026e63363ad14,chunk_3b9026e63363ad14,7,regolith.pdf
Dataset:particle_size_histograms,Paper:regolith,REPORTED_IN:ea46ef3fa9f8eb99,REPORTED_IN,reported in this paper,regolith.pdf p.7 page_text chunk_3b9026e63363ad14,1.0,regolith.pdf p.7 page_text chunk_3b9026e63363ad14,,,
Dataset:particle_size_histograms,Instrument:laser_diffraction,DERIVED_FROM:75de97e975c7be5d,DERIVED_FROM,Particle size histograms are obtained by laser diffraction.,histograms of particle sizes as obtained by laser diffraction,0.88,regolith.pdf p.7 page_text chunk_3b9026e63363ad14,chunk_3b9026e63363ad14,7,regolith.pdf
Document:doc_p7_chunk73c87c,Paper:regolith,REPORTED_IN:bd9a256dd73fe232,REPORTED_IN,reported in this paper,regolith.pdf p.7 page_text chunk_73c87c0131a065ed,1.0,regolith.pdf p.7 page_text chunk_73c87c0131a065ed,,,
Concept:particle_size_histograms_fig4,Paper:regolith,REPORTED_IN:b94eaddd47e33fd4,REPORTED_IN,reported in this paper,regolith.pdf p.7 page_text chunk_73c87c0131a065ed,1.0,regolith.pdf p.7 page_text chunk_73c87c0131a065ed,,,
Concept:particle_size_histograms_fig4,Method:laser_diffraction,USES:a64c31d8475c34c3,USES,Figure 4 includes histograms obtained from laser diffraction for conditional distributions.,conditional distribution by laser diffraction,0.8,regolith.pdf p.7 page_text chunk_73c87c0131a065ed,chunk_73c87c0131a065ed,7,regolith.pdf
Concept:particle_size_histograms_fig4,Dataset:ct_image_data,COMPARES_WITH:fce7dc617f6d8b25,COMPARES_WITH,Figure 4 compares laser-diffraction-based histograms with particle sizes computed from CT image data.,in comparison to histograms of particle sizes computed from CT image data,0.85,regolith.pdf p.7 page_text chunk_73c87c0131a065ed,chunk_73c87c0131a065ed,7,regolith.pdf
Concept:particle_size_histograms_fig4,Document:doc_p7_chunk73c87c,REPORTED_IN:7d1f6b40544b010c,REPORTED_IN,The description of Figure 4 and histogram comparisons is contained in this document chunk.,Figure 4 shows the histograms of particle sizes,0.9,regolith.pdf p.7 page_text chunk_73c87c0131a065ed,chunk_73c87c0131a065ed,7,regolith.pdf
Method:laser_diffraction,Paper:regolith,REPORTED_IN:44920164bf8c1f40,REPORTED_IN,reported in this paper,regolith.pdf p.3 page_text chunk_99780812c420d780,1.0,regolith.pdf p.3 page_text chunk_99780812c420d780,,,
Method:laser_diffraction,Dataset:laser_diffraction_data,USES:3783d608e95a93ae,USES,Laser diffraction measurement produces the particle size data used in the histograms.,laser diffraction data,0.75,regolith.pdf p.7 page_text chunk_73c87c0131a065ed,chunk_73c87c0131a065ed,7,regolith.pdf
Method:laser_diffraction,Variable:particle_size_distribution,MEASURES:bd71a5c3f825c072,MEASURES,Laser diffraction was used to determine particle size distribution after sieving.,particle size distri- bution after sieving determined with laser diffraction,0.86,regolith.pdf p.3 page_text chunk_99780812c420d780,chunk_99780812c420d780,3,regolith.pdf
Method:ct_imaging,Paper:regolith,REPORTED_IN:c16f2990801ff3d8,REPORTED_IN,reported in this paper,regolith.pdf p.13 page_text chunk_e99dbc4d11e11bdf,1.0,regolith.pdf p.13 page_text chunk_e99dbc4d11e11bdf,,,
Method:ct_imaging,Dataset:ct_image_data,USES:b5c1015677d5c370,USES,CT imaging provides CT image data used to compute particle sizes.,CT image data,0.7,regolith.pdf p.7 page_text chunk_73c87c0131a065ed,chunk_73c87c0131a065ed,7,regolith.pdf
Method:ct_imaging,Concept:particle_descriptors,USES:afc405ec32cf52a6,USES,CT imaging is used to enable analysis of morphological and textural particle descriptors.,methodology needed for understanding key aspects of regolith by CT imaging and subsequent statistical analysis of certain morphological and textural particle descriptors,0.84,regolith.pdf p.13 page_text chunk_e99dbc4d11e11bdf,chunk_e99dbc4d11e11bdf,13,regolith.pdf
Method:ct_imaging,Variable:particle_size,MEASURES:9d9fea7175bda3a3,MEASURES,The approach analyzes simulant samples with respect to particle size.,"we analyzed seven samples ... with respect to their size, shape and texture",0.75,regolith.pdf p.13 page_text chunk_e99dbc4d11e11bdf,chunk_e99dbc4d11e11bdf,13,regolith.pdf
Method:ct_imaging,Variable:particle_shape,MEASURES:0376cd17ee634ab3,MEASURES,The approach analyzes simulant samples with respect to particle shape.,"we analyzed seven samples ... with respect to their size, shape and texture",0.75,regolith.pdf p.13 page_text chunk_e99dbc4d11e11bdf,chunk_e99dbc4d11e11bdf,13,regolith.pdf
Method:ct_imaging,Concept:texture,MEASURES:fe9b3ca506c8176f,MEASURES,The approach analyzes simulant samples with respect to texture.,"we analyzed seven samples ... with respect to their size, shape and texture",0.72,regolith.pdf p.13 page_text chunk_e99dbc4d11e11bdf,chunk_e99dbc4d11e11bdf,13,regolith.pdf
Dataset:laser_diffraction_data,Paper:regolith,REPORTED_IN:49cfcc393f8c860d,REPORTED_IN,reported in this paper,regolith.pdf p.7 page_text chunk_73c87c0131a065ed,1.0,regolith.pdf p.7 page_text chunk_73c87c0131a065ed,,,
Dataset:ct_image_data,Paper:regolith,REPORTED_IN:fe898d3392abf776,REPORTED_IN,reported in this paper,regolith.pdf p.7 page_text chunk_73c87c0131a065ed,1.0,regolith.pdf p.7 page_text chunk_73c87c0131a065ed,,,
Limitation:measurement_technique_diff_limitation,Paper:regolith,REPORTED_IN:8ab31aba662e86c7,REPORTED_IN,reported in this paper,regolith.pdf p.7 page_text chunk_73c87c0131a065ed,1.0,regolith.pdf p.7 page_text chunk_73c87c0131a065ed,,,
Limitation:measurement_technique_diff_limitation,Concept:particle_size_histograms_fig4,LIMITED_BY:94e3cbfa1a6a40e5,LIMITED_BY,Apparent differences between histograms may stem from differences between applied measurement techniques.,apparent differences between the histograms ... may stem from the differences between the applied measurement techniques,0.9,regolith.pdf p.7 page_text chunk_73c87c0131a065ed,chunk_73c87c0131a065ed,7,regolith.pdf
Limitation:measurement_technique_diff_limitation,Method:laser_diffraction,APPLIES_TO:ee6e62e8e08662ee,APPLIES_TO,The known comparison issue involves laser diffraction results.,comparing results obtained from laser diffraction with those of CT image data,0.85,regolith.pdf p.7 page_text chunk_73c87c0131a065ed,chunk_73c87c0131a065ed,7,regolith.pdf
Limitation:measurement_technique_diff_limitation,Method:ct_imaging,APPLIES_TO:b16b26c882b99a9e,APPLIES_TO,The known comparison issue involves CT image data.,with those of CT image data,0.8,regolith.pdf p.7 page_text chunk_73c87c0131a065ed,chunk_73c87c0131a065ed,7,regolith.pdf
Limitation:measurement_technique_diff_limitation,Person:erdogan_2007,EVIDENCED_BY:84cbf453ac99b294,EVIDENCED_BY,The issue when comparing laser diffraction with CT image data is cited to Erdogan et al. (2007).,"(Erdoğan et al., 2007)",0.7,regolith.pdf p.7 page_text chunk_73c87c0131a065ed,chunk_73c87c0131a065ed,7,regolith.pdf
Material:fines,Paper:regolith,REPORTED_IN:bf7e7158f4aa540f,REPORTED_IN,reported in this paper,regolith.pdf p.7 page_text chunk_73c87c0131a065ed,1.0,regolith.pdf p.7 page_text chunk_73c87c0131a065ed,,,
Material:fines,Dataset:laser_diffraction_data,MENTIONS:18b0373c570d9277,MENTIONS,Fines are stated as present in laser diffraction data.,fines which are present in the laser diffraction data,0.8,regolith.pdf p.7 page_text chunk_73c87c0131a065ed,chunk_73c87c0131a065ed,7,regolith.pdf
Material:fines,Dataset:ct_image_data,CONTRADICTS:3ed80c47b1bc0441,CONTRADICTS,Fines present in laser diffraction data are stated as not present in the samples used for CT imaging.,but not in the samples used for CT imaging,0.75,regolith.pdf p.7 page_text chunk_73c87c0131a065ed,chunk_73c87c0131a065ed,7,regolith.pdf
Limitation:sample_vs_bulk_limitation,Paper:regolith,REPORTED_IN:0af60f88d1606333,REPORTED_IN,reported in this paper,regolith.pdf p.7 page_text chunk_73c87c0131a065ed,1.0,regolith.pdf p.7 page_text chunk_73c87c0131a065ed,,,
Limitation:sample_vs_bulk_limitation,Material:regolith_simulants,APPLIES_TO:df95cb45355f50b4,APPLIES_TO,The limitation concerns differences between measured samples and original bulk material for simulants.,measured samples and the original bulk material differ,0.75,regolith.pdf p.7 page_text chunk_73c87c0131a065ed,chunk_73c87c0131a065ed,7,regolith.pdf
Limitation:sample_vs_bulk_limitation,Concept:particle_size_histograms_fig4,INFLUENCES:4eadaebfe1f64ad6,INFLUENCES,Differences between measured samples and bulk material can affect particle size distributions underlying histogram comparisons.,differ obviously with respect to the particle size distribution,0.7,regolith.pdf p.7 page_text chunk_73c87c0131a065ed,chunk_73c87c0131a065ed,7,regolith.pdf
Descriptor:size_descriptors,Paper:regolith,REPORTED_IN:9a3b5a03999bf895,REPORTED_IN,reported in this paper,regolith.pdf p.7 page_text chunk_73c87c0131a065ed,1.0,regolith.pdf p.7 page_text chunk_73c87c0131a065ed,,,
Descriptor:shape_descriptors,Paper:regolith,REPORTED_IN:c261b19a9062e51c,REPORTED_IN,reported in this paper,regolith.pdf p.7 page_text chunk_73c87c0131a065ed,1.0,regolith.pdf p.7 page_text chunk_73c87c0131a065ed,,,
Descriptor:textural_descriptors,Paper:regolith,REPORTED_IN:91802546078a15f9,REPORTED_IN,reported in this paper,regolith.pdf p.7 page_text chunk_73c87c0131a065ed,1.0,regolith.pdf p.7 page_text chunk_73c87c0131a065ed,,,
Dataset:table3_mean_values,Paper:regolith,REPORTED_IN:b7341ea5d25224eb,REPORTED_IN,reported in this paper,regolith.pdf p.7 page_text chunk_73c87c0131a065ed,1.0,regolith.pdf p.7 page_text chunk_73c87c0131a065ed,,,
Dataset:table3_mean_values,Descriptor:size_descriptors,MENTIONS:3a0a053d97677c8e,MENTIONS,Table 3 provides mean values for descriptors including those visualized for size.,Table 3 ... mean values ... for all descriptors and simulants,0.65,regolith.pdf p.7 page_text chunk_73c87c0131a065ed,chunk_73c87c0131a065ed,7,regolith.pdf
Dataset:table3_mean_values,Descriptor:shape_descriptors,MENTIONS:0a63d8c5f8c369a8,MENTIONS,Table 3 provides mean values for descriptors including those visualized for shape.,mean values ... for all descriptors and simulants,0.65,regolith.pdf p.7 page_text chunk_73c87c0131a065ed,chunk_73c87c0131a065ed,7,regolith.pdf
Dataset:table3_mean_values,Descriptor:textural_descriptors,MENTIONS:50f3489036466624,MENTIONS,Table 3 provides mean values for descriptors including those visualized for texture.,corresponding probability densities of textural descriptors are shown in Figure 6,0.6,regolith.pdf p.7 page_text chunk_73c87c0131a065ed,chunk_73c87c0131a065ed,7,regolith.pdf
Application:applications_focus,Paper:regolith,REPORTED_IN:c35e533cf436f74b,REPORTED_IN,reported in this paper,regolith.pdf p.7 page_text chunk_73c87c0131a065ed,1.0,regolith.pdf p.7 page_text chunk_73c87c0131a065ed,,,
Application:applications_focus,Material:regolith_simulants,APPLIES_TO:92b53cb9b1545797,APPLIES_TO,The application focus refers to how manufacturers specify regolith simulants.,manufacturers specify regolith simulants with focus on different applications,0.7,regolith.pdf p.7 page_text chunk_73c87c0131a065ed,chunk_73c87c0131a065ed,7,regolith.pdf
Variable:x1,Paper:regolith,REPORTED_IN:302cd7cfef4fffb9,REPORTED_IN,reported in this paper,regolith.pdf p.7 page_text chunk_5647a24ba128bfa1,1.0,regolith.pdf p.7 page_text chunk_5647a24ba128bfa1,,,
Variable:x2,Paper:regolith,REPORTED_IN:c090d936dfdcc08a,REPORTED_IN,reported in this paper,regolith.pdf p.7 page_text chunk_5647a24ba128bfa1,1.0,regolith.pdf p.7 page_text chunk_5647a24ba128bfa1,,,
Variable:x3,Paper:regolith,REPORTED_IN:7ea51b64cddddbc2,REPORTED_IN,reported in this paper,regolith.pdf p.7 page_text chunk_5647a24ba128bfa1,1.0,regolith.pdf p.7 page_text chunk_5647a24ba128bfa1,,,
Variable:copula_density_c,Paper:regolith,REPORTED_IN:08f913038deb722b,REPORTED_IN,reported in this paper,regolith.pdf p.7 page_text chunk_73c87c0131a065ed,1.0,regolith.pdf p.7 page_text chunk_73c87c0131a065ed,,,
Variable:joint_density_f_r3,Paper:regolith,REPORTED_IN:4fbd53a33a3931d2,REPORTED_IN,reported in this paper,regolith.pdf p.7 page_text chunk_73c87c0131a065ed,1.0,regolith.pdf p.7 page_text chunk_73c87c0131a065ed,,,
Variable:joint_density_f_r3,Variable:random_vector_x,MEASURES:05887bc62f0dbf8b,MEASURES,"The joint density f is of the three-dimensional random vector X=(X1,X2,X3).","the three-dimensional random vector X=(X ,X ,X )",0.85,regolith.pdf p.7 page_text chunk_73c87c0131a065ed,chunk_73c87c0131a065ed,7,regolith.pdf
Concept:assumption_c_independent_of_x2,Paper:regolith,REPORTED_IN:931bf0b795c432d7,REPORTED_IN,reported in this paper,regolith.pdf p.7 page_text chunk_73c87c0131a065ed,1.0,regolith.pdf p.7 page_text chunk_73c87c0131a065ed,,,
Concept:assumption_c_independent_of_x2,Variable:copula_density_c,HAS_PROPERTY:dd7df18e603bdbc2,HAS_PROPERTY,The copula density is assumed not to depend on the specific value of X2.,the copula density c does not depend on the specific value of X,0.85,regolith.pdf p.7 page_text chunk_73c87c0131a065ed,chunk_73c87c0131a065ed,7,regolith.pdf
Concept:assumption_c_independent_of_x2,Variable:x2,MENTIONS:32c40ba0ca24fe99,MENTIONS,The simplifying assumption explicitly refers to the value of X2.,does not depend on the specific value of X,0.7,regolith.pdf p.7 page_text chunk_73c87c0131a065ed,chunk_73c87c0131a065ed,7,regolith.pdf
Concept:assumption_c_independent_of_x2,Person:haff_2010,EVIDENCED_BY:0e27727de49de735,EVIDENCED_BY,The simplifying assumption about copula density independence from X2 is cited to Haff et al. (2010).,"see (Haff et al., 2010)",0.7,regolith.pdf p.7 page_text chunk_73c87c0131a065ed,chunk_73c87c0131a065ed,7,regolith.pdf
Equation:eq_conditional_cdf_x1_given_x2,Paper:regolith,REPORTED_IN:dfe580015959b7d6,REPORTED_IN,reported in this paper,regolith.pdf p.7 page_text chunk_73c87c0131a065ed,1.0,regolith.pdf p.7 page_text chunk_73c87c0131a065ed,,,
Equation:eq_conditional_cdf_x1_given_x2,Variable:x1,MEASURES:7f95deb4bc9ec85c,MEASURES,The equation defines a conditional distribution function for X1 given X2=x2.,"F (x )=∫ x1 f 1,2 (x,x 2 ) dx",0.8,regolith.pdf p.7 page_text chunk_73c87c0131a065ed,chunk_73c87c0131a065ed,7,regolith.pdf
Equation:eq_conditional_cdf_x1_given_x2,Variable:x2,USES:526980fe78eb64ad,USES,The conditional CDF for X1 is defined given X2=x2.,F (x )=∫ x1 ... given that X =x,0.75,regolith.pdf p.7 page_text chunk_73c87c0131a065ed,chunk_73c87c0131a065ed,7,regolith.pdf
Equation:eq_conditional_cdf_x1_given_x2,Variable:copula_density_c,DERIVED_FROM:18b8413a488ce099,DERIVED_FROM,The conditional CDF for X1 is expressed using the copula density c and marginal distributions.,"c (F (x),F (x ))f (x)dx",0.8,regolith.pdf p.7 page_text chunk_73c87c0131a065ed,chunk_73c87c0131a065ed,7,regolith.pdf
Equation:eq_conditional_cdf_x1_given_x2,Document:doc_p7_chunk73c87c,REPORTED_IN:ab47234633b13a4d,REPORTED_IN,The conditional CDF formula for X1 given X2=x2 is presented in this chunk.,"F (x )=∫ x1 f 1,2 (x,x 2 ) dx",0.9,regolith.pdf p.7 page_text chunk_73c87c0131a065ed,chunk_73c87c0131a065ed,7,regolith.pdf
Equation:eq_conditional_cdf_x3_given_x2,Paper:regolith,REPORTED_IN:296b2d31cfde22f3,REPORTED_IN,reported in this paper,regolith.pdf p.7 page_text chunk_73c87c0131a065ed,1.0,regolith.pdf p.7 page_text chunk_73c87c0131a065ed,,,
Equation:eq_conditional_cdf_x3_given_x2,Variable:x3,MEASURES:28d7061486c06a57,MEASURES,The equation defines a conditional distribution function for X3 given X2=x2.,"F (x )=∫ x3 f (x ,x)",0.75,regolith.pdf p.7 page_text chunk_73c87c0131a065ed,chunk_73c87c0131a065ed,7,regolith.pdf
Equation:eq_conditional_cdf_x3_given_x2,Variable:x2,USES:61bb350b94e48224,USES,The conditional CDF for X3 is defined given X2=x2.,F (x )=∫ x3 ... / f (x ),0.7,regolith.pdf p.7 page_text chunk_73c87c0131a065ed,chunk_73c87c0131a065ed,7,regolith.pdf
Equation:eq_conditional_cdf_x3_given_x2,Variable:copula_density_c,DERIVED_FROM:0f561094479327c0,DERIVED_FROM,The conditional CDF for X3 is expressed using the copula density c and marginal distributions.,"c (F (x ),F (x))f (x)dx",0.8,regolith.pdf p.7 page_text chunk_73c87c0131a065ed,chunk_73c87c0131a065ed,7,regolith.pdf
Equation:eq_conditional_cdf_x3_given_x2,Document:doc_p7_chunk73c87c,REPORTED_IN:f06a9b02919c2af9,REPORTED_IN,The conditional CDF formula for X3 given X2=x2 is presented in this chunk.,"and, analogously,",0.7,regolith.pdf p.7 page_text chunk_73c87c0131a065ed,chunk_73c87c0131a065ed,7,regolith.pdf
Method:eq8_joint_density_approach,Paper:regolith,REPORTED_IN:f95b0494a30f5fad,REPORTED_IN,reported in this paper,regolith.pdf p.7 page_text chunk_73c87c0131a065ed,1.0,regolith.pdf p.7 page_text chunk_73c87c0131a065ed,,,
Method:eq8_joint_density_approach,Variable:joint_density_f_r3,MEASURES:d735a724abb86045,MEASURES,"Equation (8) is stated to yield an approach for computing the joint probability density f:R3→[0,∞).","Equation (8) yields a suitable approach for computing the joint probability density f:R3 → [0,∞)",0.85,regolith.pdf p.7 page_text chunk_73c87c0131a065ed,chunk_73c87c0131a065ed,7,regolith.pdf
Finding:finding_mean_values_differ,Paper:regolith,REPORTED_IN:e02c3fa90729cf18,REPORTED_IN,reported in this paper,regolith.pdf p.7 page_text chunk_73c87c0131a065ed,1.0,regolith.pdf p.7 page_text chunk_73c87c0131a065ed,,,
Finding:finding_mean_values_differ,Dataset:table3_mean_values,EVIDENCED_BY:3c3855d3f5fce7ce,EVIDENCED_BY,The finding about differences across simulants is supported by Table 3's summarized mean values.,the mean values in the respective rows of Table 3 are quite different from each other,0.8,regolith.pdf p.7 page_text chunk_73c87c0131a065ed,chunk_73c87c0131a065ed,7,regolith.pdf
Finding:finding_mean_values_differ,Application:applications_focus,SUPPORTS:591aab250ccf1a97,SUPPORTS,Different application focus and compositions are stated as a reason it is not surprising that mean values differ.,"manufacturers specify regolith simulants with focus on different applications and, thus different compositions",0.75,regolith.pdf p.7 page_text chunk_73c87c0131a065ed,chunk_73c87c0131a065ed,7,regolith.pdf
Person:erdogan_2007,Paper:regolith,REPORTED_IN:493633bd6784ee75,REPORTED_IN,reported in this paper,regolith.pdf p.7 page_text chunk_73c87c0131a065ed,1.0,regolith.pdf p.7 page_text chunk_73c87c0131a065ed,,,
Person:haff_2010,Paper:regolith,REPORTED_IN:4825fe46aaa4d5bd,REPORTED_IN,reported in this paper,regolith.pdf p.7 page_text chunk_73c87c0131a065ed,1.0,regolith.pdf p.7 page_text chunk_73c87c0131a065ed,,,
Document:doc_chunk,Paper:regolith,REPORTED_IN:4213a392b6e11899,REPORTED_IN,reported in this paper,regolith.pdf p.2 page_text chunk_44889c813b9be835,1.0,regolith.pdf p.2 page_text chunk_44889c813b9be835,,,
Document:doc_chunk,Method:multivariate_stat_analysis,MENTIONS:4d18a7fd5e8d3042,MENTIONS,The document chunk states that multivariate statistical analysis is used in the present paper.,"In the present paper, multivariate statistical analysis",0.95,regolith.pdf p.2 page_text chunk_44889c813b9be835,chunk_44889c813b9be835,2,regolith.pdf
Document:doc_chunk,Method:parametric_models,MENTIONS:492bbc2a3b9b8b36,MENTIONS,The document chunk states that parametric models are used in the present paper.,and parametric models,0.95,regolith.pdf p.2 page_text chunk_44889c813b9be835,chunk_44889c813b9be835,2,regolith.pdf
Material:lunar_regolith,Paper:regolith,REPORTED_IN:625177ec66215167,REPORTED_IN,reported in this paper,regolith.pdf p.13 page_text chunk_384212dd00619739,1.0,regolith.pdf p.13 page_text chunk_384212dd00619739,,,
Material:lunar_regolith,Limitation:limited_shape_analysis_past,LIMITED_BY:7f84e455069cef71,LIMITED_BY,The chunk states that lunar regolith particle shapes have only been analyzed for very few particles in past work.,the shapes of lunar regolith particles have only been analyzed for single ... or a small number of particles,0.85,regolith.pdf p.2 page_text chunk_44889c813b9be835,chunk_44889c813b9be835,2,regolith.pdf
Variable:mech_properties,Paper:regolith,REPORTED_IN:691e3c29ee8a76b5,REPORTED_IN,reported in this paper,regolith.pdf p.2 page_text chunk_44889c813b9be835,1.0,regolith.pdf p.2 page_text chunk_44889c813b9be835,,,
Variable:mineralogical_properties,Paper:regolith,REPORTED_IN:b11cc4917bd28e28,REPORTED_IN,reported in this paper,regolith.pdf p.2 page_text chunk_44889c813b9be835,1.0,regolith.pdf p.2 page_text chunk_44889c813b9be835,,,
Variable:mineralogical_properties,Variable:mech_properties,INFLUENCES:e72e6d65e0792f58,INFLUENCES,Mineralogical properties influence mechanical properties.,"mechanical properties, as these are not only influenced by mineralogical properties",0.85,regolith.pdf p.2 page_text chunk_44889c813b9be835,chunk_44889c813b9be835,2,regolith.pdf
Variable:particle_shape,Paper:regolith,REPORTED_IN:9be4cb2257c6dcf5,REPORTED_IN,reported in this paper,regolith.pdf p.13 page_text chunk_e99dbc4d11e11bdf,1.0,regolith.pdf p.13 page_text chunk_e99dbc4d11e11bdf,,,
Variable:particle_shape,Variable:mech_properties,INFLUENCES:412fbffd5a7451c2,INFLUENCES,Particle shape influences mechanical properties.,and shape of regolith particles,0.75,regolith.pdf p.2 page_text chunk_44889c813b9be835,chunk_44889c813b9be835,2,regolith.pdf
Limitation:simulant_representativeness_unclear,Paper:regolith,REPORTED_IN:5ebe06e83f8fb976,REPORTED_IN,reported in this paper,regolith.pdf p.2 page_text chunk_44889c813b9be835,1.0,regolith.pdf p.2 page_text chunk_44889c813b9be835,,,
Limitation:predict_behavior_limitation,Paper:regolith,REPORTED_IN:5a31be88bf5bdcf8,REPORTED_IN,reported in this paper,regolith.pdf p.2 page_text chunk_44889c813b9be835,1.0,regolith.pdf p.2 page_text chunk_44889c813b9be835,,,
Limitation:limited_shape_analysis_past,Paper:regolith,REPORTED_IN:c6950b7c69317e2b,REPORTED_IN,reported in this paper,regolith.pdf p.2 page_text chunk_44889c813b9be835,1.0,regolith.pdf p.2 page_text chunk_44889c813b9be835,,,
Method:stochastic_3d_modeling,Paper:regolith,REPORTED_IN:70d8d30ab869944f,REPORTED_IN,reported in this paper,regolith.pdf p.2 page_text chunk_44889c813b9be835,1.0,regolith.pdf p.2 page_text chunk_44889c813b9be835,,,
Method:stochastic_3d_modeling,Variable:particle_shape,APPLIES_TO:73ab976d22b79e48,APPLIES_TO,Stochastic 3D modeling is applied to the shape of lunar regolith particles.,stochastic 3D modeling of the shape,0.8,regolith.pdf p.2 page_text chunk_44889c813b9be835,chunk_44889c813b9be835,2,regolith.pdf
Method:stochastic_3d_modeling,Variable:mineralogical_composition,APPLIES_TO:493de9021e298412,APPLIES_TO,Stochastic 3D modeling is applied to mineralogical composition of lunar regolith particles.,and mineralogical composition of lunar regolith particles,0.8,regolith.pdf p.2 page_text chunk_44889c813b9be835,chunk_44889c813b9be835,2,regolith.pdf
Method:stochastic_3d_model,Paper:regolith,REPORTED_IN:66bf26361dfce19a,REPORTED_IN,reported in this paper,regolith.pdf p.2 page_text chunk_44889c813b9be835,1.0,regolith.pdf p.2 page_text chunk_44889c813b9be835,,,
Method:stochastic_3d_model,Application:virtual_materials_testing,SUPPORTS:9ef7964f6de0855c,SUPPORTS,Stochastic 3D models can generate virtual realistic particles for virtual materials testing.,stochastic 3D models from which ... realistic regolith particles can be generated for the purpose of virtual materials testing,0.85,regolith.pdf p.2 page_text chunk_44889c813b9be835,chunk_44889c813b9be835,2,regolith.pdf
Concept:digital_twin,Paper:regolith,REPORTED_IN:53e5090745d1b80a,REPORTED_IN,reported in this paper,regolith.pdf p.2 page_text chunk_44889c813b9be835,1.0,regolith.pdf p.2 page_text chunk_44889c813b9be835,,,
Concept:digital_twin,Method:stochastic_3d_modeling,DERIVED_FROM:8191c8c050321775,DERIVED_FROM,A digital twin can be obtained by stochastic 3D modeling.,Such a digital twin of lunar regolith can be obtained by stochastic 3D modeling,0.85,regolith.pdf p.2 page_text chunk_44889c813b9be835,chunk_44889c813b9be835,2,regolith.pdf
Method:numerical_simulations,Paper:regolith,REPORTED_IN:be6ef775f2eb1f7a,REPORTED_IN,reported in this paper,regolith.pdf p.2 page_text chunk_44889c813b9be835,1.0,regolith.pdf p.2 page_text chunk_44889c813b9be835,,,
Method:numerical_simulations,Concept:digital_twin,USES:ae6422f34001f25b,USES,Numerical simulations are proposed to be applied to a digital twin of lunar regolith morphology and composition.,numerical simulations applied to a digital twin of the 3D morphology and mineralogical composition,0.85,regolith.pdf p.2 page_text chunk_44889c813b9be835,chunk_44889c813b9be835,2,regolith.pdf
Application:virtual_materials_testing,Paper:regolith,REPORTED_IN:7d6018de3447a91e,REPORTED_IN,reported in this paper,regolith.pdf p.2 page_text chunk_44889c813b9be835,1.0,regolith.pdf p.2 page_text chunk_44889c813b9be835,,,
Method:precise_shape_matching,Paper:regolith,REPORTED_IN:e0e89d0592b54fdd,REPORTED_IN,reported in this paper,regolith.pdf p.2 page_text chunk_44889c813b9be835,1.0,regolith.pdf p.2 page_text chunk_44889c813b9be835,,,
Method:precise_shape_matching,Limitation:overfitting_limitation,LIMITED_BY:583bc6102799646c,LIMITED_BY,Matching precise individual particle shapes is described as potential overfitting.,matching the precise shapes of individual particles could be considered overfitting,0.85,regolith.pdf p.2 page_text chunk_44889c813b9be835,chunk_44889c813b9be835,2,regolith.pdf
Limitation:overfitting_limitation,Paper:regolith,REPORTED_IN:c502fd8d43c47620,REPORTED_IN,reported in this paper,regolith.pdf p.2 page_text chunk_44889c813b9be835,1.0,regolith.pdf p.2 page_text chunk_44889c813b9be835,,,
Descriptor:morph_descriptors,Paper:regolith,REPORTED_IN:4f8afa3001537d45,REPORTED_IN,reported in this paper,regolith.pdf p.2 page_text chunk_44889c813b9be835,1.0,regolith.pdf p.2 page_text chunk_44889c813b9be835,,,
Concept:univariate_distributions,Paper:regolith,REPORTED_IN:90427514fad519b9,REPORTED_IN,reported in this paper,regolith.pdf p.2 page_text chunk_44889c813b9be835,1.0,regolith.pdf p.2 page_text chunk_44889c813b9be835,,,
Concept:multivariate_distributions,Paper:regolith,REPORTED_IN:bd8ef8046f01983e,REPORTED_IN,reported in this paper,regolith.pdf p.2 page_text chunk_44889c813b9be835,1.0,regolith.pdf p.2 page_text chunk_44889c813b9be835,,,
Method:distribution_fitting,Paper:regolith,REPORTED_IN:7e6d914ab6e80147,REPORTED_IN,reported in this paper,regolith.pdf p.2 page_text chunk_44889c813b9be835,1.0,regolith.pdf p.2 page_text chunk_44889c813b9be835,,,
Method:distribution_fitting,Descriptor:morph_descriptors,USES:eaf4fd5c5ed7b6e2,USES,Distribution fitting uses morphological particle descriptors.,fitting of univariate distributions of individual morphological particle descriptors,0.85,regolith.pdf p.2 page_text chunk_44889c813b9be835,chunk_44889c813b9be835,2,regolith.pdf
Method:distribution_fitting,Concept:multivariate_distributions,USES:5a82522425ae31b3,USES,Distribution fitting can use multivariate distributions for assessment.,"or, even better, multivariate distributions can be used",0.8,regolith.pdf p.2 page_text chunk_44889c813b9be835,chunk_44889c813b9be835,2,regolith.pdf
Method:distribution_fitting,Variable:model_performance,MEASURES:79216badd2ed0cc1,MEASURES,Fitting descriptor distributions is used to assess stochastic 3D model performance.,can be used for assessing the performance of a stochastic 3D model,0.85,regolith.pdf p.2 page_text chunk_44889c813b9be835,chunk_44889c813b9be835,2,regolith.pdf
Method:distribution_fitting,Method:stochastic_3d_model,VALIDATES:507a3e7ad8263676,VALIDATES,Descriptor-distribution fitting is presented as a way to assess/validate a stochastic 3D model.,used for assessing the performance of a stochastic 3D model,0.75,regolith.pdf p.2 page_text chunk_44889c813b9be835,chunk_44889c813b9be835,2,regolith.pdf
Variable:model_performance,Paper:regolith,REPORTED_IN:0bffd6d33772bfc2,REPORTED_IN,reported in this paper,regolith.pdf p.2 page_text chunk_44889c813b9be835,1.0,regolith.pdf p.2 page_text chunk_44889c813b9be835,,,
Method:multivariate_stat_analysis,Paper:regolith,REPORTED_IN:dcd461026741aac8,REPORTED_IN,reported in this paper,regolith.pdf p.2 page_text chunk_44889c813b9be835,1.0,regolith.pdf p.2 page_text chunk_44889c813b9be835,,,
Method:multivariate_stat_analysis,Finding:similarities_differences_understanding,SUPPORTS:05a5c86a5a21d23a,SUPPORTS,Multivariate statistical analysis is used to better understand similarities and differences of simulant particles.,multivariate statistical analysis ... are used to better understand similarities and differences of regolith simulant particles,0.85,regolith.pdf p.2 page_text chunk_44889c813b9be835,chunk_44889c813b9be835,2,regolith.pdf
Method:multivariate_stat_analysis,Dataset:micro_ct_data,USES:357d9d486328fb52,USES,The methods are applied to 3D X-ray micro-CT data.,We apply these methods to 3D X-ray micro-CT data,0.9,regolith.pdf p.2 page_text chunk_44889c813b9be835,chunk_44889c813b9be835,2,regolith.pdf
Method:parametric_models,Paper:regolith,REPORTED_IN:157a4a523ae51571,REPORTED_IN,reported in this paper,regolith.pdf p.2 page_text chunk_44889c813b9be835,1.0,regolith.pdf p.2 page_text chunk_44889c813b9be835,,,
Method:parametric_models,Concept:non_gaussian_multivar_dists,APPLIES_TO:727ce413a2e89480,APPLIES_TO,Parametric models are used for multivariate non-Gaussian probability distributions.,parametric models for multivariate non-Gaussian probability distributions,0.85,regolith.pdf p.2 page_text chunk_44889c813b9be835,chunk_44889c813b9be835,2,regolith.pdf
Concept:non_gaussian_multivar_dists,Paper:regolith,REPORTED_IN:60049b1ceb82948d,REPORTED_IN,reported in this paper,regolith.pdf p.2 page_text chunk_44889c813b9be835,1.0,regolith.pdf p.2 page_text chunk_44889c813b9be835,,,
Concept:non_gaussian_multivar_dists,Variable:descriptor_vectors,DERIVED_FROM:004228b9f20447e7,DERIVED_FROM,The modeled distributions are distributions of descriptor vectors.,probability distributions of descriptor vectors,0.8,regolith.pdf p.2 page_text chunk_44889c813b9be835,chunk_44889c813b9be835,2,regolith.pdf
Variable:descriptor_vectors,Paper:regolith,REPORTED_IN:a94342bd76c1fa9f,REPORTED_IN,reported in this paper,regolith.pdf p.2 page_text chunk_44889c813b9be835,1.0,regolith.pdf p.2 page_text chunk_44889c813b9be835,,,
Dataset:micro_ct_data,Paper:regolith,REPORTED_IN:872f9a7d92526011,REPORTED_IN,reported in this paper,regolith.pdf p.2 page_text chunk_44889c813b9be835,1.0,regolith.pdf p.2 page_text chunk_44889c813b9be835,,,
Dataset:micro_ct_data,Instrument:xray_micro_ct,DERIVED_FROM:2ace2f683242dad4,DERIVED_FROM,"The dataset is identified as 3D X-ray micro-CT data, implying it comes from X-ray micro-CT.",3D X-ray micro-CT data,0.7,regolith.pdf p.2 page_text chunk_44889c813b9be835,chunk_44889c813b9be835,2,regolith.pdf
Dataset:micro_ct_data,Material:regolith_simulants,APPLIES_TO:8557e6d9926f7a05,APPLIES_TO,The micro-CT data are of different regolith simulants.,data of different regolith simulants,0.85,regolith.pdf p.2 page_text chunk_44889c813b9be835,chunk_44889c813b9be835,2,regolith.pdf
Instrument:xray_micro_ct,Paper:regolith,REPORTED_IN:516469f792895eee,REPORTED_IN,reported in this paper,regolith.pdf p.2 page_text chunk_44889c813b9be835,1.0,regolith.pdf p.2 page_text chunk_44889c813b9be835,,,
Concept:mare_regolith,Paper:regolith,REPORTED_IN:f3ea6a7c8e3da207,REPORTED_IN,reported in this paper,regolith.pdf p.2 page_text chunk_44889c813b9be835,1.0,regolith.pdf p.2 page_text chunk_44889c813b9be835,,,
Concept:highlands_regolith,Paper:regolith,REPORTED_IN:03d0f5abf86c0897,REPORTED_IN,reported in this paper,regolith.pdf p.2 page_text chunk_44889c813b9be835,1.0,regolith.pdf p.2 page_text chunk_44889c813b9be835,,,
Dataset:three_lunar_samples,Paper:regolith,REPORTED_IN:f393310f06926584,REPORTED_IN,reported in this paper,regolith.pdf p.2 page_text chunk_44889c813b9be835,1.0,regolith.pdf p.2 page_text chunk_44889c813b9be835,,,
Finding:shape_investigation_necessity,Paper:regolith,REPORTED_IN:145a9c849436ff7e,REPORTED_IN,reported in this paper,regolith.pdf p.2 page_text chunk_44889c813b9be835,1.0,regolith.pdf p.2 page_text chunk_44889c813b9be835,,,
Finding:similarities_differences_understanding,Paper:regolith,REPORTED_IN:eb6ad45c7c29f438,REPORTED_IN,reported in this paper,regolith.pdf p.2 page_text chunk_44889c813b9be835,1.0,regolith.pdf p.2 page_text chunk_44889c813b9be835,,,
Variable:mineralogical_composition,Paper:regolith,REPORTED_IN:d0e6d074cf1830b4,REPORTED_IN,reported in this paper,regolith.pdf p.2 page_text chunk_44889c813b9be835,1.0,regolith.pdf p.2 page_text chunk_44889c813b9be835,,,
Document:doc_regolith_p7_chunk5647,Paper:regolith,REPORTED_IN:0163f0adf1551c10,REPORTED_IN,reported in this paper,regolith.pdf p.7 page_text chunk_5647a24ba128bfa1,1.0,regolith.pdf p.7 page_text chunk_5647a24ba128bfa1,,,
Variable:x_trivariate,Paper:regolith,REPORTED_IN:17d1f8ce132dd2c2,REPORTED_IN,reported in this paper,regolith.pdf p.7 page_text chunk_5647a24ba128bfa1,1.0,regolith.pdf p.7 page_text chunk_5647a24ba128bfa1,,,
Concept:univariate_densities_f1_f2_f3,Paper:regolith,REPORTED_IN:951b9e345bedde20,REPORTED_IN,reported in this paper,regolith.pdf p.7 page_text chunk_5647a24ba128bfa1,1.0,regolith.pdf p.7 page_text chunk_5647a24ba128bfa1,,,
Concept:bivariate_copula_densities,Paper:regolith,REPORTED_IN:7ab5743961272899,REPORTED_IN,reported in this paper,regolith.pdf p.7 page_text chunk_5647a24ba128bfa1,1.0,regolith.pdf p.7 page_text chunk_5647a24ba128bfa1,,,
Concept:rvine_copulas,Paper:regolith,REPORTED_IN:a78c0b213ac98af9,REPORTED_IN,reported in this paper,regolith.pdf p.7 page_text chunk_5647a24ba128bfa1,1.0,regolith.pdf p.7 page_text chunk_5647a24ba128bfa1,,,
Concept:rvine_copulas,Person:joe_2014,MENTIONS:aee014d9c0725035,MENTIONS,Joe (2014) is referenced for further details on copulas for d>3.,"refer to (Joe, 2014;",0.72,regolith.pdf p.7 page_text chunk_5647a24ba128bfa1,chunk_5647a24ba128bfa1,7,regolith.pdf
Concept:rvine_copulas,Person:czado_2019,MENTIONS:0d6f00253a0a4f26,MENTIONS,Czado (2019) is referenced for further details on copulas for d>3.,"Czado, 2019;",0.7,regolith.pdf p.7 page_text chunk_5647a24ba128bfa1,chunk_5647a24ba128bfa1,7,regolith.pdf
Concept:rvine_copulas,Person:aigner_2023,MENTIONS:ae46e13d36b3d63b,MENTIONS,Aigner et al. (2023) is referenced for further details on copulas for d>3.,"Aigner et al., 2023;",0.7,regolith.pdf p.7 page_text chunk_5647a24ba128bfa1,chunk_5647a24ba128bfa1,7,regolith.pdf
Concept:rvine_copulas,Person:furat_2024,MENTIONS:61742bdabd72eaac,MENTIONS,Furat et al. (2024) is referenced for further details on copulas for d>3.,"Furat et al., 2024",0.7,regolith.pdf p.7 page_text chunk_5647a24ba128bfa1,chunk_5647a24ba128bfa1,7,regolith.pdf
Method:trivariate_copula_models,Paper:regolith,REPORTED_IN:f4b67b0b0ae6a535,REPORTED_IN,reported in this paper,regolith.pdf p.7 page_text chunk_5647a24ba128bfa1,1.0,regolith.pdf p.7 page_text chunk_5647a24ba128bfa1,,,
Method:trivariate_copula_models,Limitation:limitation_trivariate_only,LIMITED_BY:044f657d23af57bb,LIMITED_BY,The study limits modeling to trivariate copula models and omits general d>3 R-vine construction details.,"since in the present paper only trivariate copula models will be used, we will not elaborate further",0.85,regolith.pdf p.7 page_text chunk_5647a24ba128bfa1,chunk_5647a24ba128bfa1,7,regolith.pdf
Limitation:limitation_trivariate_only,Paper:regolith,REPORTED_IN:048f4ec6c2fb846a,REPORTED_IN,reported in this paper,regolith.pdf p.7 page_text chunk_5647a24ba128bfa1,1.0,regolith.pdf p.7 page_text chunk_5647a24ba128bfa1,,,
Method:fit_rvine_copulas_to_data,Paper:regolith,REPORTED_IN:e02cbbf9238c633b,REPORTED_IN,reported in this paper,regolith.pdf p.7 page_text chunk_5647a24ba128bfa1,1.0,regolith.pdf p.7 page_text chunk_5647a24ba128bfa1,,,
Method:fit_rvine_copulas_to_data,Instrument:pyvinecopulib,USES:3a228da0001b432b,USES,Fitting (R-vine) copulas to data is performed using the pyvinecopulib package.,"For fitting (R-vine) copulas to data, we will make use of the pyvinecopulib package",0.9,regolith.pdf p.7 page_text chunk_5647a24ba128bfa1,chunk_5647a24ba128bfa1,7,regolith.pdf
Instrument:pyvinecopulib,Paper:regolith,REPORTED_IN:c1b92a6d9a939103,REPORTED_IN,reported in this paper,regolith.pdf p.7 page_text chunk_5647a24ba128bfa1,1.0,regolith.pdf p.7 page_text chunk_5647a24ba128bfa1,,,
Method:multivariate_data_analysis,Paper:regolith,REPORTED_IN:7282c5a8fd8f93b8,REPORTED_IN,reported in this paper,regolith.pdf p.13 page_text chunk_384212dd00619739,1.0,regolith.pdf p.13 page_text chunk_384212dd00619739,,,
Method:multivariate_data_analysis,Application:application_stochastic_3d_modeling,SUPPORTS:288545a83678ce8c,SUPPORTS,Multivariate analysis is framed as a first step toward stochastic 3D modeling of regolith particles.,serve as a first step towards stochastic 3D modeling of regolith particles,0.86,regolith.pdf p.7 page_text chunk_5647a24ba128bfa1,chunk_5647a24ba128bfa1,7,regolith.pdf
Method:multivariate_data_analysis,Material:csm_lht_1,APPLIES_TO:0a7e68f435ba1344,APPLIES_TO,The multivariate methods are demonstrated using the CSM-LHT-1 simulant.,we chose CSM-LHT-1 to demonstrate their capabilities,0.86,regolith.pdf p.7 page_text chunk_5647a24ba128bfa1,chunk_5647a24ba128bfa1,7,regolith.pdf
Method:multivariate_data_analysis,Material:csm-lht-1_particles,APPLIES_TO:4f9fc32e7a368aaa,APPLIES_TO,Multivariate analysis was performed for CSM-LHT-1 particles.,multivariate analysis and parametric modeling performed for CSM-LHT-1 particles,0.9,regolith.pdf p.13 page_text chunk_384212dd00619739,chunk_384212dd00619739,13,regolith.pdf
Application:application_stochastic_3d_modeling,Paper:regolith,REPORTED_IN:f61c5b05a127f170,REPORTED_IN,reported in this paper,regolith.pdf p.7 page_text chunk_5647a24ba128bfa1,1.0,regolith.pdf p.7 page_text chunk_5647a24ba128bfa1,,,
Method:spearman_rank_correlation,Paper:regolith,REPORTED_IN:c018a9da784269f4,REPORTED_IN,reported in this paper,regolith.pdf p.10 page_text chunk_2ca960600a9df8b8,1.0,regolith.pdf p.10 page_text chunk_2ca960600a9df8b8,,,
Method:spearman_rank_correlation,Concept:particle_descriptors,MEASURES:b820add208cc4543,MEASURES,Spearman rank correlation coefficients are computed for pairs of particle descriptors.,"The Spearman rank correlation coefficients (Joe, 2014) of the pairs of particle descriptors",0.88,regolith.pdf p.7 page_text chunk_5647a24ba128bfa1,chunk_5647a24ba128bfa1,7,regolith.pdf
Method:spearman_rank_correlation,Variable:rs,USES:fe08130fefd0cb4a,USES,Spearman’s rank correlation is quantified by the coefficient rs.,"Spearman’s rank correlation coefficients, denoted by rs",0.95,regolith.pdf p.10 page_text chunk_2ca960600a9df8b8,chunk_2ca960600a9df8b8,10,regolith.pdf
Method:spearman_rank_correlation,Descriptor:particle_descriptors,MEASURES:fc7ba04778c78b96,MEASURES,Spearman’s rank correlation measures associations for pairs of particle descriptors.,for pairs of particle descriptors,0.9,regolith.pdf p.10 page_text chunk_2ca960600a9df8b8,chunk_2ca960600a9df8b8,10,regolith.pdf
Concept:particle_descriptors,Paper:regolith,REPORTED_IN:5accb9560f960bf8,REPORTED_IN,reported in this paper,regolith.pdf p.13 page_text chunk_e99dbc4d11e11bdf,1.0,regolith.pdf p.13 page_text chunk_e99dbc4d11e11bdf,,,
Descriptor:volume_descriptor,Paper:regolith,REPORTED_IN:a3e28a3d737a44be,REPORTED_IN,reported in this paper,regolith.pdf p.7 page_text chunk_5647a24ba128bfa1,1.0,regolith.pdf p.7 page_text chunk_5647a24ba128bfa1,,,
Descriptor:surface_area_descriptor,Paper:regolith,REPORTED_IN:f1689167054602aa,REPORTED_IN,reported in this paper,regolith.pdf p.7 page_text chunk_5647a24ba128bfa1,1.0,regolith.pdf p.7 page_text chunk_5647a24ba128bfa1,,,
Finding:finding_volume_surface_area_high_corr,Paper:regolith,REPORTED_IN:9d571bb439e43406,REPORTED_IN,reported in this paper,regolith.pdf p.7 page_text chunk_5647a24ba128bfa1,1.0,regolith.pdf p.7 page_text chunk_5647a24ba128bfa1,,,
Finding:finding_volume_surface_area_high_corr,Descriptor:volume_descriptor,APPLIES_TO:5063721e9830001a,APPLIES_TO,The reported high correlation involves particle volumes.,the volumes and surface areas of particles are highly correlated,0.9,regolith.pdf p.7 page_text chunk_5647a24ba128bfa1,chunk_5647a24ba128bfa1,7,regolith.pdf
Finding:finding_volume_surface_area_high_corr,Descriptor:surface_area_descriptor,APPLIES_TO:a3f629fa2fb90336,APPLIES_TO,The reported high correlation involves particle surface areas.,the volumes and surface areas of particles are highly correlated,0.9,regolith.pdf p.7 page_text chunk_5647a24ba128bfa1,chunk_5647a24ba128bfa1,7,regolith.pdf
Finding:finding_volume_surface_area_high_corr,Method:spearman_rank_correlation,EVIDENCED_BY:ed0fa9ac2ec05397,EVIDENCED_BY,The high correlation between volume and surface area is supported by Spearman rank correlation results.,"The Spearman rank correlation coefficients ... show the expected behavior. In particular, the volumes and surface areas of particles are highly correlated.",0.78,regolith.pdf p.7 page_text chunk_5647a24ba128bfa1,chunk_5647a24ba128bfa1,7,regolith.pdf
Dataset:dataset_image_data_189504,Paper:regolith,REPORTED_IN:4a0ff74719bd0bc3,REPORTED_IN,reported in this paper,regolith.pdf p.7 page_text chunk_5647a24ba128bfa1,1.0,regolith.pdf p.7 page_text chunk_5647a24ba128bfa1,,,
Dataset:dataset_image_data_189504,Material:regolith_simulants,APPLIES_TO:01e53d7a5b94c94a,APPLIES_TO,The dataset comprises particles from seven different regolith simulants.,189504 individual particles of seven different regolith simulants,0.9,regolith.pdf p.7 page_text chunk_5647a24ba128bfa1,chunk_5647a24ba128bfa1,7,regolith.pdf
Dataset:dataset_image_data_189504,Document:doc_regolith_p7_chunk5647,REPORTED_IN:a0facb760606d9f4,REPORTED_IN,The image dataset is described in this document chunk.,The image data considered in this paper refers to 189504 individual particles,0.84,regolith.pdf p.7 page_text chunk_5647a24ba128bfa1,chunk_5647a24ba128bfa1,7,regolith.pdf
Material:csm_lht_1,Paper:regolith,REPORTED_IN:02fe638b83f155ba,REPORTED_IN,reported in this paper,regolith.pdf p.7 page_text chunk_5647a24ba128bfa1,1.0,regolith.pdf p.7 page_text chunk_5647a24ba128bfa1,,,
Person:joe_2014,Paper:regolith,REPORTED_IN:1e9cad0a41f0ddf2,REPORTED_IN,reported in this paper,regolith.pdf p.7 page_text chunk_5647a24ba128bfa1,1.0,regolith.pdf p.7 page_text chunk_5647a24ba128bfa1,,,
Person:czado_2019,Paper:regolith,REPORTED_IN:d825351f46765976,REPORTED_IN,reported in this paper,regolith.pdf p.7 page_text chunk_5647a24ba128bfa1,1.0,regolith.pdf p.7 page_text chunk_5647a24ba128bfa1,,,
Person:aigner_2023,Paper:regolith,REPORTED_IN:cfb92fabab6b8d79,REPORTED_IN,reported in this paper,regolith.pdf p.7 page_text chunk_5647a24ba128bfa1,1.0,regolith.pdf p.7 page_text chunk_5647a24ba128bfa1,,,
Person:furat_2024,Paper:regolith,REPORTED_IN:26f88f6aa387b26d,REPORTED_IN,reported in this paper,regolith.pdf p.7 page_text chunk_5647a24ba128bfa1,1.0,regolith.pdf p.7 page_text chunk_5647a24ba128bfa1,,,
Document:regolith.pdf_p13,Paper:regolith,REPORTED_IN:486c52aa98e444d4,REPORTED_IN,reported in this paper,regolith.pdf p.13 page_text chunk_e99dbc4d11e11bdf,1.0,regolith.pdf p.13 page_text chunk_e99dbc4d11e11bdf,,,
Document:regolith.pdf_p13,Material:lunar_regolith,MENTIONS:87e54a88bed8e69c,MENTIONS,The document discusses understanding lunar regolith properties and conditions.,understanding the mechanical properties of lunar regolith,0.85,regolith.pdf p.13 page_text chunk_e99dbc4d11e11bdf,chunk_e99dbc4d11e11bdf,13,regolith.pdf
Concept:mechanical_properties,Paper:regolith,REPORTED_IN:699359b419014c1f,REPORTED_IN,reported in this paper,regolith.pdf p.13 page_text chunk_e99dbc4d11e11bdf,1.0,regolith.pdf p.13 page_text chunk_e99dbc4d11e11bdf,,,
Concept:mechanical_properties,Descriptor:reduced_gravity,HAS_DESCRIPTOR:9255aa272940e550,HAS_DESCRIPTOR,Mechanical properties are considered under reduced gravity conditions.,especially under the conditions of reduced gravity,0.82,regolith.pdf p.13 page_text chunk_e99dbc4d11e11bdf,chunk_e99dbc4d11e11bdf,13,regolith.pdf
Concept:mechanical_properties,Descriptor:vacuum,HAS_DESCRIPTOR:86a7921ea23f9242,HAS_DESCRIPTOR,Mechanical properties are considered under vacuum conditions.,and vacuum,0.82,regolith.pdf p.13 page_text chunk_e99dbc4d11e11bdf,chunk_e99dbc4d11e11bdf,13,regolith.pdf
Concept:mechanical_properties,Application:regolith_handling_equipment,SUPPORTS:2d03049c55b3c58e,SUPPORTS,Understanding regolith mechanical properties enables reliable regolith handling and processing.,is essential for enabling reliable regolith handling and processing,0.8,regolith.pdf p.13 page_text chunk_e99dbc4d11e11bdf,chunk_e99dbc4d11e11bdf,13,regolith.pdf
Descriptor:reduced_gravity,Paper:regolith,REPORTED_IN:d63abd416da14172,REPORTED_IN,reported in this paper,regolith.pdf p.13 page_text chunk_e99dbc4d11e11bdf,1.0,regolith.pdf p.13 page_text chunk_e99dbc4d11e11bdf,,,
Descriptor:vacuum,Paper:regolith,REPORTED_IN:7e503ee100d36c27,REPORTED_IN,reported in this paper,regolith.pdf p.13 page_text chunk_e99dbc4d11e11bdf,1.0,regolith.pdf p.13 page_text chunk_e99dbc4d11e11bdf,,,
Concept:rheology,Paper:regolith,REPORTED_IN:208a1c52e3644e27,REPORTED_IN,reported in this paper,regolith.pdf p.13 page_text chunk_e99dbc4d11e11bdf,1.0,regolith.pdf p.13 page_text chunk_e99dbc4d11e11bdf,,,
Concept:rheology,Application:regolith_handling_equipment,SUPPORTS:f82fc647e78f6e1a,SUPPORTS,Understanding the rheology of lunar regolith is required to develop regolith handling equipment.,understanding of the rheology of lunar regolith is required for fast and reliable development of regolith handling equipment,0.84,regolith.pdf p.13 page_text chunk_e99dbc4d11e11bdf,chunk_e99dbc4d11e11bdf,13,regolith.pdf
Application:regolith_handling_equipment,Paper:regolith,REPORTED_IN:bc7bb20cbd527264,REPORTED_IN,reported in this paper,regolith.pdf p.13 page_text chunk_e99dbc4d11e11bdf,1.0,regolith.pdf p.13 page_text chunk_e99dbc4d11e11bdf,,,
Method:statistical_analysis,Paper:regolith,REPORTED_IN:c0ebd41335309794,REPORTED_IN,reported in this paper,regolith.pdf p.13 page_text chunk_e99dbc4d11e11bdf,1.0,regolith.pdf p.13 page_text chunk_e99dbc4d11e11bdf,,,
Method:statistical_analysis,Concept:particle_descriptors,USES:611b0a7aafc47e98,USES,Statistical analysis is applied to morphological and textural particle descriptors after CT imaging.,subsequent statistical analysis of certain morphological and textural particle descriptors,0.84,regolith.pdf p.13 page_text chunk_e99dbc4d11e11bdf,chunk_e99dbc4d11e11bdf,13,regolith.pdf
Concept:morphology,Paper:regolith,REPORTED_IN:b9209b3b7b1b0b1b,REPORTED_IN,reported in this paper,regolith.pdf p.13 page_text chunk_e99dbc4d11e11bdf,1.0,regolith.pdf p.13 page_text chunk_e99dbc4d11e11bdf,,,
Concept:morphology,Concept:mechanical_properties,INFLUENCES:71ba76c40e116b79,INFLUENCES,Particle morphology affects mechanical properties.,morphology and composition of particles also affect their mechanical properties,0.83,regolith.pdf p.13 page_text chunk_e99dbc4d11e11bdf,chunk_e99dbc4d11e11bdf,13,regolith.pdf
Concept:texture,Paper:regolith,REPORTED_IN:f855a247180b9fd8,REPORTED_IN,reported in this paper,regolith.pdf p.13 page_text chunk_e99dbc4d11e11bdf,1.0,regolith.pdf p.13 page_text chunk_e99dbc4d11e11bdf,,,
Variable:gray_values,Paper:regolith,REPORTED_IN:3f4cfdf2052733eb,REPORTED_IN,reported in this paper,regolith.pdf p.13 page_text chunk_e99dbc4d11e11bdf,1.0,regolith.pdf p.13 page_text chunk_e99dbc4d11e11bdf,,,
Method:univariate_analysis,Paper:regolith,REPORTED_IN:f3d8077e0f7664a2,REPORTED_IN,reported in this paper,regolith.pdf p.13 page_text chunk_e99dbc4d11e11bdf,1.0,regolith.pdf p.13 page_text chunk_e99dbc4d11e11bdf,,,
Method:univariate_analysis,Finding:finding_simulants_differ,EVIDENCED_BY:11a926afe5f03210,EVIDENCED_BY,The finding is based on a univariate analysis performed in the work.,the univariate analysis performed in this work indicates that regolith simulants ... differ significantly,0.78,regolith.pdf p.13 page_text chunk_e99dbc4d11e11bdf,chunk_e99dbc4d11e11bdf,13,regolith.pdf
Finding:finding_simulants_differ,Paper:regolith,REPORTED_IN:a72356a14cb479e9,REPORTED_IN,reported in this paper,regolith.pdf p.10 page_text chunk_2ca960600a9df8b8,1.0,regolith.pdf p.10 page_text chunk_2ca960600a9df8b8,,,
Finding:finding_simulants_differ,Concept:morphology,AFFECTS:c7c26d02050b768d,AFFECTS,Differences among simulants include morphology differences.,differ significantly in terms of morphology and texture,0.8,regolith.pdf p.13 page_text chunk_e99dbc4d11e11bdf,chunk_e99dbc4d11e11bdf,13,regolith.pdf
Finding:finding_simulants_differ,Concept:texture,AFFECTS:e27b1fb241298548,AFFECTS,Differences among simulants include texture differences.,differ significantly in terms of morphology and texture,0.8,regolith.pdf p.13 page_text chunk_e99dbc4d11e11bdf,chunk_e99dbc4d11e11bdf,13,regolith.pdf
Finding:finding_simulants_differ,Material:regolith_simulants,APPLIES_TO:84896ca17e4d2ec1,APPLIES_TO,The significant-differences finding concerns the considered regolith simulants.,significant differences between the considered regolith simulants,0.85,regolith.pdf p.10 page_text chunk_2ca960600a9df8b8,chunk_2ca960600a9df8b8,10,regolith.pdf
Finding:finding_simulants_differ,Descriptor:particle_descriptors,APPLIES_TO:138523b4b1ad31cc,APPLIES_TO,The significant differences are with respect to descriptors of shape and texture.,with respect to various descriptors of shape and texture,0.85,regolith.pdf p.10 page_text chunk_2ca960600a9df8b8,chunk_2ca960600a9df8b8,10,regolith.pdf
Finding:finding_simulants_differ,Document:doc_regolith_p10_c2ca,REPORTED_IN:4cdd265d7ab0b992,REPORTED_IN,The significant-differences statement is reported in the document chunk.,the analysis showed significant differences between the considered regolith simulants,0.85,regolith.pdf p.10 page_text chunk_2ca960600a9df8b8,chunk_2ca960600a9df8b8,10,regolith.pdf
Limitation:limitation_comparability_unclear,Paper:regolith,REPORTED_IN:44a2d20c6491ba1c,REPORTED_IN,reported in this paper,regolith.pdf p.13 page_text chunk_e99dbc4d11e11bdf,1.0,regolith.pdf p.13 page_text chunk_e99dbc4d11e11bdf,,,
Finding:finding_texture_shape_differences,Paper:regolith,REPORTED_IN:85674e6ff421720a,REPORTED_IN,reported in this paper,regolith.pdf p.13 page_text chunk_e99dbc4d11e11bdf,1.0,regolith.pdf p.13 page_text chunk_e99dbc4d11e11bdf,,,
Finding:finding_texture_shape_differences,Variable:gray_values,MEASURES:c0a2d80d3c41f2f5,MEASURES,Texture differences are expressed as differences in gray values.,significant differences with respect to particle-wise texture (gray values),0.82,regolith.pdf p.13 page_text chunk_e99dbc4d11e11bdf,chunk_e99dbc4d11e11bdf,13,regolith.pdf
Finding:finding_texture_shape_differences,Variable:particle_shape,AFFECTS:e0c486ae6cb36946,AFFECTS,Some simulants also differ with respect to particle shape.,"and, for some simulants, also with respect to particle shape",0.8,regolith.pdf p.13 page_text chunk_e99dbc4d11e11bdf,chunk_e99dbc4d11e11bdf,13,regolith.pdf
Concept:concept_descriptor_behavior_correlation,Paper:regolith,REPORTED_IN:de93be2891860651,REPORTED_IN,reported in this paper,regolith.pdf p.13 page_text chunk_e99dbc4d11e11bdf,1.0,regolith.pdf p.13 page_text chunk_e99dbc4d11e11bdf,,,
Concept:concept_descriptor_behavior_correlation,Concept:particle_descriptors,SUPPORTS:95e852ea93a573dd,SUPPORTS,Particle descriptors are stated to correlate with behavior in mechanical processing for other particulate materials.,descriptors of particles correlate with their behavior in mechanical processing,0.76,regolith.pdf p.13 page_text chunk_e99dbc4d11e11bdf,chunk_e99dbc4d11e11bdf,13,regolith.pdf
Concept:concept_descriptor_behavior_correlation,Material:regolith_simulants,APPLIES_TO:87b6ade782e55ea1,APPLIES_TO,The text suggests similar descriptor-behavior correlations may apply to regolith simulants.,we may expect similar correlations for regolith simulants,0.68,regolith.pdf p.13 page_text chunk_e99dbc4d11e11bdf,chunk_e99dbc4d11e11bdf,13,regolith.pdf
Document:doc_regolith_p10_c2ca,Paper:regolith,REPORTED_IN:6bcf64dcf1c9a9c6,REPORTED_IN,reported in this paper,regolith.pdf p.10 page_text chunk_2ca960600a9df8b8,1.0,regolith.pdf p.10 page_text chunk_2ca960600a9df8b8,,,
Document:doc_regolith_p10_c2ca,Material:csm-lht-1,MENTIONS:ff9001ac6a1c1527,MENTIONS,The document chunk analyzes particle descriptors of CSM-LHT-1.,particle descriptors of CSM-LHT-1,0.95,regolith.pdf p.10 page_text chunk_2ca960600a9df8b8,chunk_2ca960600a9df8b8,10,regolith.pdf
Document:doc_regolith_p10_c2ca,Person:person_chiaramonti,MENTIONS:2ea5e4b67417c992,MENTIONS,The chunk cites Chiaramonti as a source for Apollo sample 3D lunar regolith data.,"(Chiaramonti & Garboczi, 2024)",0.85,regolith.pdf p.10 page_text chunk_2ca960600a9df8b8,chunk_2ca960600a9df8b8,10,regolith.pdf
Document:doc_regolith_p10_c2ca,Person:person_garboczi,MENTIONS:1d032f60f9b2ceb8,MENTIONS,The chunk cites Garboczi as a source for Apollo sample 3D lunar regolith data.,"(Chiaramonti & Garboczi, 2024)",0.85,regolith.pdf p.10 page_text chunk_2ca960600a9df8b8,chunk_2ca960600a9df8b8,10,regolith.pdf
Document:doc_regolith_p10_c2ca,Person:person_wu,MENTIONS:3c493bc185584669,MENTIONS,The chunk cites Wu et al. as a source for Chang’e-5 data and segmentation artifact note.,"(Wu et al., 2025)",0.85,regolith.pdf p.10 page_text chunk_2ca960600a9df8b8,chunk_2ca960600a9df8b8,10,regolith.pdf
Material:csm-lht-1,Paper:regolith,REPORTED_IN:08a71d13dfb6857a,REPORTED_IN,reported in this paper,regolith.pdf p.10 page_text chunk_2ca960600a9df8b8,1.0,regolith.pdf p.10 page_text chunk_2ca960600a9df8b8,,,
Variable:rs,Paper:regolith,REPORTED_IN:260b422ed22b9a6d,REPORTED_IN,reported in this paper,regolith.pdf p.10 page_text chunk_2ca960600a9df8b8,1.0,regolith.pdf p.10 page_text chunk_2ca960600a9df8b8,,,
Variable:rs,Equation:eq_rs_range,HAS_PROPERTY:3714808332f797f9,HAS_PROPERTY,"The coefficient rs is constrained to lie within [-1, 1].","rs∈[−1,1]",0.95,regolith.pdf p.10 page_text chunk_2ca960600a9df8b8,chunk_2ca960600a9df8b8,10,regolith.pdf
Equation:eq_rs_range,Paper:regolith,REPORTED_IN:d0d6f3dd0b3e4d55,REPORTED_IN,reported in this paper,regolith.pdf p.10 page_text chunk_2ca960600a9df8b8,1.0,regolith.pdf p.10 page_text chunk_2ca960600a9df8b8,,,
Variable:sphericity_s,Paper:regolith,REPORTED_IN:187ddd31a6cec989,REPORTED_IN,reported in this paper,regolith.pdf p.10 page_text chunk_2ca960600a9df8b8,1.0,regolith.pdf p.10 page_text chunk_2ca960600a9df8b8,,,
Variable:mean_gray_mugt,Paper:regolith,REPORTED_IN:d0c9d006aaba5856,REPORTED_IN,reported in this paper,regolith.pdf p.10 page_text chunk_2ca960600a9df8b8,1.0,regolith.pdf p.10 page_text chunk_2ca960600a9df8b8,,,
Variable:volume_v,Paper:regolith,REPORTED_IN:52f976258f5350c4,REPORTED_IN,reported in this paper,regolith.pdf p.10 page_text chunk_2ca960600a9df8b8,1.0,regolith.pdf p.10 page_text chunk_2ca960600a9df8b8,,,
Variable:n_particles,Paper:regolith,REPORTED_IN:fc7b9e5c711f1954,REPORTED_IN,reported in this paper,regolith.pdf p.10 page_text chunk_2ca960600a9df8b8,1.0,regolith.pdf p.10 page_text chunk_2ca960600a9df8b8,,,
Method:joint_histograms_s_mugt,Paper:regolith,REPORTED_IN:209cd671ac058e20,REPORTED_IN,reported in this paper,regolith.pdf p.10 page_text chunk_2ca960600a9df8b8,1.0,regolith.pdf p.10 page_text chunk_2ca960600a9df8b8,,,
Method:joint_histograms_s_mugt,Variable:sphericity_s,MEASURES:99a2c4262e60b85a,MEASURES,Joint histograms are constructed for sphericity S.,joint distribution of sphericity S,0.9,regolith.pdf p.10 page_text chunk_2ca960600a9df8b8,chunk_2ca960600a9df8b8,10,regolith.pdf
Method:joint_histograms_s_mugt,Variable:mean_gray_mugt,MEASURES:44cf435c838360a1,MEASURES,Joint histograms are constructed for mean gray value μ(Gt).,mean gray value μ(Gt),0.9,regolith.pdf p.10 page_text chunk_2ca960600a9df8b8,chunk_2ca960600a9df8b8,10,regolith.pdf
Equation:eq_v_lt_2600,Paper:regolith,REPORTED_IN:7ba43b862bd5c891,REPORTED_IN,reported in this paper,regolith.pdf p.10 page_text chunk_2ca960600a9df8b8,1.0,regolith.pdf p.10 page_text chunk_2ca960600a9df8b8,,,
Finding:finding_rs_035_subset,Paper:regolith,REPORTED_IN:d06a5418143b515f,REPORTED_IN,reported in this paper,regolith.pdf p.10 page_text chunk_2ca960600a9df8b8,1.0,regolith.pdf p.10 page_text chunk_2ca960600a9df8b8,,,
Finding:finding_rs_035_subset,Equation:eq_v_lt_2600,EVIDENCED_BY:15630c3cb5d3cb06,EVIDENCED_BY,The rs=0.35 result is reported for the subset V<2600 μm^3.,Particles with volume V<2600μm3,0.95,regolith.pdf p.10 page_text chunk_2ca960600a9df8b8,chunk_2ca960600a9df8b8,10,regolith.pdf
Finding:finding_rs_035_subset,Variable:rs,HAS_PROPERTY:8949c10d45792f36,HAS_PROPERTY,The subset finding reports rs=0.35.,rs=0.35,0.95,regolith.pdf p.10 page_text chunk_2ca960600a9df8b8,chunk_2ca960600a9df8b8,10,regolith.pdf
Finding:finding_rs_035_subset,Variable:n_particles,HAS_PROPERTY:14dbf1192b442f03,HAS_PROPERTY,The subset finding reports n=2762.,n=2762,0.95,regolith.pdf p.10 page_text chunk_2ca960600a9df8b8,chunk_2ca960600a9df8b8,10,regolith.pdf
Finding:finding_rs_035_subset,Document:doc_regolith_p10_c2ca,REPORTED_IN:266bb3ff03d8f685,REPORTED_IN,The rs=0.35 subset result is reported in the document chunk.,"Left: Particles with volume V<2600μm3, n=2762, rs=0.35.",0.9,regolith.pdf p.10 page_text chunk_2ca960600a9df8b8,chunk_2ca960600a9df8b8,10,regolith.pdf
Finding:finding_rs_007_all,Paper:regolith,REPORTED_IN:de4b9baea5a17a38,REPORTED_IN,reported in this paper,regolith.pdf p.10 page_text chunk_2ca960600a9df8b8,1.0,regolith.pdf p.10 page_text chunk_2ca960600a9df8b8,,,
Finding:finding_rs_007_all,Variable:rs,HAS_PROPERTY:fb58bb16b5a35ec5,HAS_PROPERTY,The all-particles finding reports rs=0.07.,rs=0.07,0.95,regolith.pdf p.10 page_text chunk_2ca960600a9df8b8,chunk_2ca960600a9df8b8,10,regolith.pdf
Finding:finding_rs_007_all,Variable:n_particles,HAS_PROPERTY:b4e5e10d50204f2d,HAS_PROPERTY,The all-particles finding reports n=24734.,n=24734,0.95,regolith.pdf p.10 page_text chunk_2ca960600a9df8b8,chunk_2ca960600a9df8b8,10,regolith.pdf
Finding:finding_rs_007_all,Document:doc_regolith_p10_c2ca,REPORTED_IN:bc5cb5d6ea9f06cd,REPORTED_IN,The rs=0.07 all-particles result is reported in the document chunk.,"Right: All particles, n=24734, rs=0.07.",0.9,regolith.pdf p.10 page_text chunk_2ca960600a9df8b8,chunk_2ca960600a9df8b8,10,regolith.pdf
Method:copula_based_model,Paper:regolith,REPORTED_IN:e9724567e8cbe08d,REPORTED_IN,reported in this paper,regolith.pdf p.10 page_text chunk_2ca960600a9df8b8,1.0,regolith.pdf p.10 page_text chunk_2ca960600a9df8b8,,,
Method:copula_based_model,Concept:copulas,USES:821258a59f32b4ca,USES,The model uses copulas.,copulas as introduced in the corresponding section,0.8,regolith.pdf p.10 page_text chunk_2ca960600a9df8b8,chunk_2ca960600a9df8b8,10,regolith.pdf
Concept:copulas,Paper:regolith,REPORTED_IN:907a347be5407ec6,REPORTED_IN,reported in this paper,regolith.pdf p.10 page_text chunk_2ca960600a9df8b8,1.0,regolith.pdf p.10 page_text chunk_2ca960600a9df8b8,,,
Concept:fitted_distribution_v_s_mugt,Paper:regolith,REPORTED_IN:b057c7ed2e592aa6,REPORTED_IN,reported in this paper,regolith.pdf p.10 page_text chunk_2ca960600a9df8b8,1.0,regolith.pdf p.10 page_text chunk_2ca960600a9df8b8,,,
Method:validation_histogram_comparison,Paper:regolith,REPORTED_IN:c91ac6be961405db,REPORTED_IN,reported in this paper,regolith.pdf p.10 page_text chunk_2ca960600a9df8b8,1.0,regolith.pdf p.10 page_text chunk_2ca960600a9df8b8,,,
Method:validation_histogram_comparison,Method:copula_based_model,VALIDATES:9ea4ffd35d092d77,VALIDATES,A validation procedure is used to validate the copula-based model.,To validate the copula-based model,0.9,regolith.pdf p.10 page_text chunk_2ca960600a9df8b8,chunk_2ca960600a9df8b8,10,regolith.pdf
Method:validation_histogram_comparison,Dataset:realizations_10000,USES:dfe8bd06a85aa9c8,USES,"Validation draws 10,000 realizations.","we draw 10,000 realizations",0.95,regolith.pdf p.10 page_text chunk_2ca960600a9df8b8,chunk_2ca960600a9df8b8,10,regolith.pdf
Method:validation_histogram_comparison,Dataset:ct_images,USES:f2e540c1ede3aeb9,USES,Validation compares to histograms computed from CT images.,computed from CT images,0.9,regolith.pdf p.10 page_text chunk_2ca960600a9df8b8,chunk_2ca960600a9df8b8,10,regolith.pdf
Method:validation_histogram_comparison,Dataset:bivariate_histograms,USES:89e71b7883cc6e8b,USES,Validation visually compares resulting bivariate histograms.,visually compare resulting (bivariate) histograms,0.9,regolith.pdf p.10 page_text chunk_2ca960600a9df8b8,chunk_2ca960600a9df8b8,10,regolith.pdf
Dataset:realizations_10000,Paper:regolith,REPORTED_IN:1ae0fa1e6b1106db,REPORTED_IN,reported in this paper,regolith.pdf p.10 page_text chunk_2ca960600a9df8b8,1.0,regolith.pdf p.10 page_text chunk_2ca960600a9df8b8,,,
Dataset:realizations_10000,Concept:fitted_distribution_v_s_mugt,DERIVED_FROM:1b5ab4d42dd34d4d,DERIVED_FROM,"The realizations are drawn from the fitted distribution of (V, S, μ(Gt)).","from the fitted distribution of descriptors of (V,S,μ(Gt))",0.9,regolith.pdf p.10 page_text chunk_2ca960600a9df8b8,chunk_2ca960600a9df8b8,10,regolith.pdf
Dataset:ct_images,Paper:regolith,REPORTED_IN:7a004c7a35c1dd29,REPORTED_IN,reported in this paper,regolith.pdf p.10 page_text chunk_2ca960600a9df8b8,1.0,regolith.pdf p.10 page_text chunk_2ca960600a9df8b8,,,
Dataset:bivariate_histograms,Paper:regolith,REPORTED_IN:105cdd3de4b205d8,REPORTED_IN,reported in this paper,regolith.pdf p.10 page_text chunk_2ca960600a9df8b8,1.0,regolith.pdf p.10 page_text chunk_2ca960600a9df8b8,,,
Dataset:bivariate_histograms,Dataset:ct_images,DERIVED_FROM:16b80867464e7977,DERIVED_FROM,Corresponding histograms of descriptor values are computed from CT images.,histograms of descriptor values computed from CT images,0.9,regolith.pdf p.10 page_text chunk_2ca960600a9df8b8,chunk_2ca960600a9df8b8,10,regolith.pdf
Method:comparison_to_lunar_regolith,Paper:regolith,REPORTED_IN:db9f95e8e60c3fa1,REPORTED_IN,reported in this paper,regolith.pdf p.10 page_text chunk_2ca960600a9df8b8,1.0,regolith.pdf p.10 page_text chunk_2ca960600a9df8b8,,,
Method:comparison_to_lunar_regolith,Dataset:dataset_lunar_regolith_3d,USES:4dbb64e132d91747,USES,Comparison to lunar regolith uses recently published 3D data.,we additionally consider recently published 3D data of the lunar regolith,0.9,regolith.pdf p.10 page_text chunk_2ca960600a9df8b8,chunk_2ca960600a9df8b8,10,regolith.pdf
Method:comparison_to_lunar_regolith,Material:regolith_simulants,COMPARES_WITH:a840748e0cb78824,COMPARES_WITH,The analysis aims to showcase differences between simulants and actual lunar regolith.,differences between regolith simulants and actual lunar regolith,0.85,regolith.pdf p.10 page_text chunk_2ca960600a9df8b8,chunk_2ca960600a9df8b8,10,regolith.pdf
Method:comparison_to_lunar_regolith,Material:lunar_regolith,APPLIES_TO:f796b031e6b4edc1,APPLIES_TO,The comparison involves actual lunar regolith.,actual lunar regolith,0.9,regolith.pdf p.10 page_text chunk_2ca960600a9df8b8,chunk_2ca960600a9df8b8,10,regolith.pdf
Method:comparison_to_lunar_regolith,Equation:eq_v_gt_15000,USES:b571e4b665ffe750,USES,The lunar-regolith comparison only considers particles with volume larger than 15000 μm^3.,we only consider particles with a volume larger than 15000μm3,0.95,regolith.pdf p.10 page_text chunk_2ca960600a9df8b8,chunk_2ca960600a9df8b8,10,regolith.pdf
Method:comparison_to_lunar_regolith,Limitation:segmentation_artifacts,LIMITED_BY:65eb67c1f770186d,LIMITED_BY,"The analysis is constrained by segmentation artifacts, motivating the volume filter.",to avoid artifacts from segmentation,0.9,regolith.pdf p.10 page_text chunk_2ca960600a9df8b8,chunk_2ca960600a9df8b8,10,regolith.pdf
Dataset:dataset_lunar_regolith_3d,Paper:regolith,REPORTED_IN:45642855247315dd,REPORTED_IN,reported in this paper,regolith.pdf p.10 page_text chunk_2ca960600a9df8b8,1.0,regolith.pdf p.10 page_text chunk_2ca960600a9df8b8,,,
Dataset:apollo_samples_10084_14163,Paper:regolith,REPORTED_IN:395e47372fa24025,REPORTED_IN,reported in this paper,regolith.pdf p.10 page_text chunk_2ca960600a9df8b8,1.0,regolith.pdf p.10 page_text chunk_2ca960600a9df8b8,,,
Dataset:change5_mission_data,Paper:regolith,REPORTED_IN:295d622a9f048d6f,REPORTED_IN,reported in this paper,regolith.pdf p.10 page_text chunk_2ca960600a9df8b8,1.0,regolith.pdf p.10 page_text chunk_2ca960600a9df8b8,,,
Equation:eq_v_gt_15000,Paper:regolith,REPORTED_IN:9859a35bb1e06e75,REPORTED_IN,reported in this paper,regolith.pdf p.10 page_text chunk_2ca960600a9df8b8,1.0,regolith.pdf p.10 page_text chunk_2ca960600a9df8b8,,,
Limitation:segmentation_artifacts,Paper:regolith,REPORTED_IN:854c69fedd41a16f,REPORTED_IN,reported in this paper,regolith.pdf p.10 page_text chunk_2ca960600a9df8b8,1.0,regolith.pdf p.10 page_text chunk_2ca960600a9df8b8,,,
Person:person_chiaramonti,Paper:regolith,REPORTED_IN:525e8b1b0203f5d2,REPORTED_IN,reported in this paper,regolith.pdf p.10 page_text chunk_2ca960600a9df8b8,1.0,regolith.pdf p.10 page_text chunk_2ca960600a9df8b8,,,
Person:person_garboczi,Paper:regolith,REPORTED_IN:1b231b3e13eb90e1,REPORTED_IN,reported in this paper,regolith.pdf p.10 page_text chunk_2ca960600a9df8b8,1.0,regolith.pdf p.10 page_text chunk_2ca960600a9df8b8,,,
Person:person_wu,Paper:regolith,REPORTED_IN:d79e9a698ac18647,REPORTED_IN,reported in this paper,regolith.pdf p.10 page_text chunk_2ca960600a9df8b8,1.0,regolith.pdf p.10 page_text chunk_2ca960600a9df8b8,,,
Document:regolith_p13_chunk,Paper:regolith,REPORTED_IN:02f7f99e70662e6c,REPORTED_IN,reported in this paper,regolith.pdf p.13 page_text chunk_384212dd00619739,1.0,regolith.pdf p.13 page_text chunk_384212dd00619739,,,
Document:regolith_p13_chunk,Person:matthias_weber,MENTIONS:25071a60ddbe3a74,MENTIONS,The chunk lists Matthias Weber as part of the author line.,Matthias Weber et al.,0.85,regolith.pdf p.13 page_text chunk_384212dd00619739,chunk_384212dd00619739,13,regolith.pdf
Document:regolith_p13_chunk,Method:multivariate_data_analysis,MENTIONS:aee589ebd6c6c82b,MENTIONS,The chunk discusses multivariate analysis results.,Multivariate Data Analysis,0.9,regolith.pdf p.13 page_text chunk_384212dd00619739,chunk_384212dd00619739,13,regolith.pdf
Document:regolith_p13_chunk,Method:parametric_modeling,MENTIONS:58562f90f20138a1,MENTIONS,The chunk discusses parametric modeling and its use for comparisons.,Parametric Modeling,0.9,regolith.pdf p.13 page_text chunk_384212dd00619739,chunk_384212dd00619739,13,regolith.pdf
Document:regolith_p13_chunk,Dataset:apollo_sample_10084,MENTIONS:c029974a96edbe7d,MENTIONS,The chunk references Apollo sample 10084 in discussing differences between landing sites.,Apollo sample 10084,0.9,regolith.pdf p.13 page_text chunk_384212dd00619739,chunk_384212dd00619739,13,regolith.pdf
Document:regolith_p13_chunk,Organization:chang_e_mission,MENTIONS:678350877d293a5a,MENTIONS,The chunk references the Chang’e mission in discussing mare landing site comparisons.,the Chang’e mission,0.9,regolith.pdf p.13 page_text chunk_384212dd00619739,chunk_384212dd00619739,13,regolith.pdf
Person:matthias_weber,Paper:regolith,REPORTED_IN:bef88dc44eb19290,REPORTED_IN,reported in this paper,regolith.pdf p.3 page_text chunk_99780812c420d780,1.0,regolith.pdf p.3 page_text chunk_99780812c420d780,,,
Person:matthias_weber,Document:regolith_pdf_p3_chunk,REPORTED_IN:f60c34ab1e475399,REPORTED_IN,The chunk is associated with the author name shown in the header.,Matthias Weber et al. 3,0.42,regolith.pdf p.3 page_text chunk_99780812c420d780,chunk_99780812c420d780,3,regolith.pdf
Material:csm-lht-1_particles,Paper:regolith,REPORTED_IN:576dc8e3a7485078,REPORTED_IN,reported in this paper,regolith.pdf p.13 page_text chunk_384212dd00619739,1.0,regolith.pdf p.13 page_text chunk_384212dd00619739,,,
Dataset:apollo_sample_10084,Paper:regolith,REPORTED_IN:12c0d51711bac734,REPORTED_IN,reported in this paper,regolith.pdf p.13 page_text chunk_384212dd00619739,1.0,regolith.pdf p.13 page_text chunk_384212dd00619739,,,
Organization:chang_e_mission,Paper:regolith,REPORTED_IN:a3f17ce425aaf998,REPORTED_IN,reported in this paper,regolith.pdf p.13 page_text chunk_384212dd00619739,1.0,regolith.pdf p.13 page_text chunk_384212dd00619739,,,
Organization:chang_e_mission,Concept:landing_sites,MENTIONS:98dd50f33b36f042,MENTIONS,The Chang’e mission is mentioned in the context of a mare landing site comparison.,mare landing sites ... and the Chang’e mission,0.7,regolith.pdf p.13 page_text chunk_384212dd00619739,chunk_384212dd00619739,13,regolith.pdf
Concept:landing_sites,Paper:regolith,REPORTED_IN:9bde2f3cedb82b3a,REPORTED_IN,reported in this paper,regolith.pdf p.13 page_text chunk_384212dd00619739,1.0,regolith.pdf p.13 page_text chunk_384212dd00619739,,,
Application:digital_twin_regolith,Paper:regolith,REPORTED_IN:8c693df9dea48d81,REPORTED_IN,reported in this paper,regolith.pdf p.13 page_text chunk_384212dd00619739,1.0,regolith.pdf p.13 page_text chunk_384212dd00619739,,,
Variable:particle_volume,Paper:regolith,REPORTED_IN:7f7c809fbbd29c8b,REPORTED_IN,reported in this paper,regolith.pdf p.13 page_text chunk_384212dd00619739,1.0,regolith.pdf p.13 page_text chunk_384212dd00619739,,,
Variable:particle_volume,Variable:surface_area,INFLUENCES:992b45ae48474e90,INFLUENCES,Particle volume and surface area are reported as strongly correlated.,particle volume and surface area are strongly corre- lated,0.85,regolith.pdf p.13 page_text chunk_384212dd00619739,chunk_384212dd00619739,13,regolith.pdf
Variable:particle_volume,Descriptor:sphericity,INFLUENCES:c3d3ad491c9ae322,INFLUENCES,Particle volume is reported as negatively correlated with sphericity.,"particle volume and surface area are strongly corre- lated, both negatively with sphericity",0.8,regolith.pdf p.13 page_text chunk_384212dd00619739,chunk_384212dd00619739,13,regolith.pdf
Variable:surface_area,Paper:regolith,REPORTED_IN:f36c69a594127aba,REPORTED_IN,reported in this paper,regolith.pdf p.13 page_text chunk_384212dd00619739,1.0,regolith.pdf p.13 page_text chunk_384212dd00619739,,,
Variable:surface_area,Descriptor:sphericity,INFLUENCES:e900021bf71ad9fb,INFLUENCES,Surface area is reported as negatively correlated with sphericity.,"particle volume and surface area are strongly corre- lated, both negatively with sphericity",0.8,regolith.pdf p.13 page_text chunk_384212dd00619739,chunk_384212dd00619739,13,regolith.pdf
Descriptor:sphericity,Paper:regolith,REPORTED_IN:e9f3dac9318a0a27,REPORTED_IN,reported in this paper,regolith.pdf p.13 page_text chunk_384212dd00619739,1.0,regolith.pdf p.13 page_text chunk_384212dd00619739,,,
Descriptor:aspect_ratio,Paper:regolith,REPORTED_IN:34decceed3a1382c,REPORTED_IN,reported in this paper,regolith.pdf p.13 page_text chunk_384212dd00619739,1.0,regolith.pdf p.13 page_text chunk_384212dd00619739,,,
Descriptor:aspect_ratio,Concept:size_related_descriptors,COMPARES_WITH:3042f2af31063f06,COMPARES_WITH,Aspect ratio is stated to exhibit no clear correlation with size-related descriptors.,aspect ratio exhibits no clear correlation with size-related descriptors,0.85,regolith.pdf p.13 page_text chunk_384212dd00619739,chunk_384212dd00619739,13,regolith.pdf
Descriptor:gray_value_cv,Paper:regolith,REPORTED_IN:2c3f240f7a84a22c,REPORTED_IN,reported in this paper,regolith.pdf p.13 page_text chunk_384212dd00619739,1.0,regolith.pdf p.13 page_text chunk_384212dd00619739,,,
Descriptor:gray_value_cv,Variable:particle_volume,INFLUENCES:caff3f3290d5c67c,INFLUENCES,Gray-value coefficient of variation is reported as strongly positively correlated with particle volumes.,"strongly positively correlated to particle sizes, i.e., volumes and surface areas",0.85,regolith.pdf p.13 page_text chunk_384212dd00619739,chunk_384212dd00619739,13,regolith.pdf
Descriptor:gray_value_cv,Variable:surface_area,INFLUENCES:60b78f1b8dfcd075,INFLUENCES,Gray-value coefficient of variation is reported as strongly positively correlated with particle surface areas.,"strongly positively correlated to particle sizes, i.e., volumes and surface areas",0.85,regolith.pdf p.13 page_text chunk_384212dd00619739,chunk_384212dd00619739,13,regolith.pdf
Concept:size_related_descriptors,Paper:regolith,REPORTED_IN:83bac0ffbb76243a,REPORTED_IN,reported in this paper,regolith.pdf p.13 page_text chunk_384212dd00619739,1.0,regolith.pdf p.13 page_text chunk_384212dd00619739,,,
Application:morphology_texture_comparison,Paper:regolith,REPORTED_IN:df3a0a84e1c8a63b,REPORTED_IN,reported in this paper,regolith.pdf p.13 page_text chunk_384212dd00619739,1.0,regolith.pdf p.13 page_text chunk_384212dd00619739,,,
Concept:descriptor_vectors,Paper:regolith,REPORTED_IN:4d2963703756f6ea,REPORTED_IN,reported in this paper,regolith.pdf p.13 page_text chunk_384212dd00619739,1.0,regolith.pdf p.13 page_text chunk_384212dd00619739,,,
Concept:multivariate_probability_distribution,Paper:regolith,REPORTED_IN:2d1d66143048843f,REPORTED_IN,reported in this paper,regolith.pdf p.13 page_text chunk_384212dd00619739,1.0,regolith.pdf p.13 page_text chunk_384212dd00619739,,,
Finding:finding_vol_sa_strong_corr,Paper:regolith,REPORTED_IN:968bbe0e8f958b74,REPORTED_IN,reported in this paper,regolith.pdf p.13 page_text chunk_384212dd00619739,1.0,regolith.pdf p.13 page_text chunk_384212dd00619739,,,
Finding:finding_vol_sa_strong_corr,Variable:particle_volume,MENTIONS:8eaf87513fe98ac1,MENTIONS,The finding concerns particle volume.,particle volume and surface area are strongly corre- lated,0.9,regolith.pdf p.13 page_text chunk_384212dd00619739,chunk_384212dd00619739,13,regolith.pdf
Finding:finding_vol_sa_strong_corr,Variable:surface_area,MENTIONS:61a54b68c3e75c6f,MENTIONS,The finding concerns surface area.,particle volume and surface area are strongly corre- lated,0.9,regolith.pdf p.13 page_text chunk_384212dd00619739,chunk_384212dd00619739,13,regolith.pdf
Finding:finding_vol_sa_strong_corr,Document:regolith_p13_chunk,REPORTED_IN:7c30af2fa08d0a48,REPORTED_IN,The volume-surface area correlation is reported in this document chunk.,Figure 7indi- cates that particle volume and surface area are strongly corre- lated,0.85,regolith.pdf p.13 page_text chunk_384212dd00619739,chunk_384212dd00619739,13,regolith.pdf
Finding:finding_vol_sa_neg_with_sphericity,Paper:regolith,REPORTED_IN:828133418ad963ff,REPORTED_IN,reported in this paper,regolith.pdf p.13 page_text chunk_384212dd00619739,1.0,regolith.pdf p.13 page_text chunk_384212dd00619739,,,
Finding:finding_vol_sa_neg_with_sphericity,Descriptor:sphericity,MENTIONS:4033841c9fdb7a27,MENTIONS,The finding involves sphericity.,both negatively with sphericity,0.9,regolith.pdf p.13 page_text chunk_384212dd00619739,chunk_384212dd00619739,13,regolith.pdf
Finding:finding_aspect_ratio_no_corr_size,Paper:regolith,REPORTED_IN:50b996b952373a68,REPORTED_IN,reported in this paper,regolith.pdf p.13 page_text chunk_384212dd00619739,1.0,regolith.pdf p.13 page_text chunk_384212dd00619739,,,
Finding:finding_aspect_ratio_no_corr_size,Descriptor:aspect_ratio,MENTIONS:f8a2067866cf82d0,MENTIONS,The finding concerns aspect ratio.,aspect ratio exhibits no clear correlation with size-related descriptors,0.9,regolith.pdf p.13 page_text chunk_384212dd00619739,chunk_384212dd00619739,13,regolith.pdf
Finding:finding_gray_cv_pos_corr_size,Paper:regolith,REPORTED_IN:5148e564054a1751,REPORTED_IN,reported in this paper,regolith.pdf p.13 page_text chunk_384212dd00619739,1.0,regolith.pdf p.13 page_text chunk_384212dd00619739,,,
Finding:finding_gray_cv_pos_corr_size,Descriptor:gray_value_cv,MENTIONS:54024de6dd7a0a58,MENTIONS,The finding concerns coefficients of variation of particle-wise gray values.,coeffi- cients of variation of particle-wise gray values are strongly positively correlated,0.9,regolith.pdf p.13 page_text chunk_384212dd00619739,chunk_384212dd00619739,13,regolith.pdf
Finding:finding_gray_cv_pos_corr_size,Document:regolith_p13_chunk,REPORTED_IN:2130776e926e11b6,REPORTED_IN,The gray-value variation correlation with size is reported in this document chunk.,coeffi- cients of variation of particle-wise gray values are strongly positively correlated to particle sizes,0.85,regolith.pdf p.13 page_text chunk_384212dd00619739,chunk_384212dd00619739,13,regolith.pdf
Finding:finding_larger_particles_mixture,Paper:regolith,REPORTED_IN:983c82ae351b93c9,REPORTED_IN,reported in this paper,regolith.pdf p.13 page_text chunk_384212dd00619739,1.0,regolith.pdf p.13 page_text chunk_384212dd00619739,,,
Finding:finding_larger_particles_mixture,Variable:particle_volume,SUPPORTS:a02769ca09481b96,SUPPORTS,The interpretation links larger particle size (volume) with mixed-material composition likelihood.,This might indicate that larger particles are more likely to be composed of a mixture of different materials,0.65,regolith.pdf p.13 page_text chunk_384212dd00619739,chunk_384212dd00619739,13,regolith.pdf
Limitation:limitation_measurement_techniques,Paper:regolith,REPORTED_IN:b01212520c792b54,REPORTED_IN,reported in this paper,regolith.pdf p.13 page_text chunk_384212dd00619739,1.0,regolith.pdf p.13 page_text chunk_384212dd00619739,,,
Limitation:limitation_measurement_techniques,Material:lunar_regolith,LIMITED_BY:b2bffe62699b0a42,LIMITED_BY,Interpretation of differences among lunar regolith samples is limited by differing measurement/analysis techniques.,"samples have been measured and analyzed using different techniques, it is un- clear to what extent these measured differences correspond to actual differences in material",0.85,regolith.pdf p.13 page_text chunk_384212dd00619739,chunk_384212dd00619739,13,regolith.pdf
Limitation:limitation_beyond_scope,Paper:regolith,REPORTED_IN:ae68de052db1055d,REPORTED_IN,reported in this paper,regolith.pdf p.13 page_text chunk_384212dd00619739,1.0,regolith.pdf p.13 page_text chunk_384212dd00619739,,,
Limitation:limitation_beyond_scope,Finding:finding_larger_particles_mixture,LIMITED_BY:6871c2c3287e6dbe,LIMITED_BY,The chunk notes that further analysis of the observed behavior is beyond the paper’s scope.,While further analysis of this behavior lies beyond the scope of the present paper,0.8,regolith.pdf p.13 page_text chunk_384212dd00619739,chunk_384212dd00619739,13,regolith.pdf
Finding:finding_need_further_investigations,Paper:regolith,REPORTED_IN:5e2011fe24a228db,REPORTED_IN,reported in this paper,regolith.pdf p.13 page_text chunk_384212dd00619739,1.0,regolith.pdf p.13 page_text chunk_384212dd00619739,,,
Finding:finding_need_further_investigations,Application:digital_twin_regolith,SUPPORTS:37920a2092dd6566,SUPPORTS,The chunk states that uncertainties and differences corroborate development of a digital twin for regolith from different landing sites.,corroborate the need for further investigations of actual lunar regolith and the development of a digital twin for regolith from different landing sites,0.85,regolith.pdf p.13 page_text chunk_384212dd00619739,chunk_384212dd00619739,13,regolith.pdf
Finding:finding_need_further_investigations,Material:regolith_simulants,EVIDENCED_BY:0c7a8cf127d013a9,EVIDENCED_BY,The stated need for further investigations is supported by huge differences between regolith simulants and lunar regolith.,the huge differences between regolith simulants and lunar regolith corroborate the need for further investigations,0.8,regolith.pdf p.13 page_text chunk_384212dd00619739,chunk_384212dd00619739,13,regolith.pdf
Document:regolith_pdf_p3_chunk,Paper:regolith,REPORTED_IN:08d15f9400cec857,REPORTED_IN,reported in this paper,regolith.pdf p.3 page_text chunk_99780812c420d780,1.0,regolith.pdf p.3 page_text chunk_99780812c420d780,,,
Document:regolith_pdf_p3_chunk,Method:xray_ct,MENTIONS:055197c614ecd87d,MENTIONS,The chunk explicitly discusses using X-ray CT for further analysis.,"For further analysis, in particular when using X-ray CT",0.86,regolith.pdf p.3 page_text chunk_99780812c420d780,chunk_99780812c420d780,3,regolith.pdf
Method:xray_ct,Paper:regolith,REPORTED_IN:96e67f964ba2a675,REPORTED_IN,reported in this paper,regolith.pdf p.3 page_text chunk_99780812c420d780,1.0,regolith.pdf p.3 page_text chunk_99780812c420d780,,,
Method:xray_ct,Concept:conical_xray_beam,USES:32f9b6e8c8e551af,USES,X-ray CT uses a conical X-ray beam that passes through the sample.,The conical X-ray beam passes through the sample,0.78,regolith.pdf p.3 page_text chunk_99780812c420d780,chunk_99780812c420d780,3,regolith.pdf
Method:xray_tomography,Paper:regolith,REPORTED_IN:532aac2b7023cf43,REPORTED_IN,reported in this paper,regolith.pdf p.3 page_text chunk_99780812c420d780,1.0,regolith.pdf p.3 page_text chunk_99780812c420d780,,,
Method:xray_tomography,Material:regolith_simulants,APPLIES_TO:adc13ea774ccc596,APPLIES_TO,X-ray tomography measurements are applied to particles of regolith simulants.,particles of the regolith simulants ... measured via X-ray tomography,0.82,regolith.pdf p.3 page_text chunk_99780812c420d780,chunk_99780812c420d780,3,regolith.pdf
Method:sieving,Paper:regolith,REPORTED_IN:28ce05f7abaa7f4b,REPORTED_IN,reported in this paper,regolith.pdf p.3 page_text chunk_99780812c420d780,1.0,regolith.pdf p.3 page_text chunk_99780812c420d780,,,
Method:sieving,Descriptor:fraction_lt_250um,HAS_PROPERTY:34f5b438306b1da9,HAS_PROPERTY,Sieving was used to select particles smaller than 250 µm.,we chose to sieve all samples to <250μm,0.9,regolith.pdf p.3 page_text chunk_99780812c420d780,chunk_99780812c420d780,3,regolith.pdf
Method:wet_sieving,Paper:regolith,REPORTED_IN:6efab470901a1c3f,REPORTED_IN,reported in this paper,regolith.pdf p.3 page_text chunk_99780812c420d780,1.0,regolith.pdf p.3 page_text chunk_99780812c420d780,,,
Method:wet_sieving,Descriptor:fines_lt_25um,HAS_PROPERTY:4d2a7c756aba3e4d,HAS_PROPERTY,Wet sieving removed fines below 25 µm for CT measurements.,removed the fines below 25μm by wet sieving,0.9,regolith.pdf p.3 page_text chunk_99780812c420d780,chunk_99780812c420d780,3,regolith.pdf
Instrument:mastersizer_3000,Paper:regolith,REPORTED_IN:73ff377eb0a1fd98,REPORTED_IN,reported in this paper,regolith.pdf p.3 page_text chunk_99780812c420d780,1.0,regolith.pdf p.3 page_text chunk_99780812c420d780,,,
Instrument:mastersizer_3000,Method:laser_diffraction,USES:049778090697d83d,USES,The Mastersizer 3000 instrument is associated with laser diffraction measurements.,"laser diffraction (Malvern, Mastersizer 3000)",0.9,regolith.pdf p.3 page_text chunk_99780812c420d780,chunk_99780812c420d780,3,regolith.pdf
Dataset:table_2_psd,Paper:regolith,REPORTED_IN:9d4943a71894110b,REPORTED_IN,reported in this paper,regolith.pdf p.3 page_text chunk_99780812c420d780,1.0,regolith.pdf p.3 page_text chunk_99780812c420d780,,,
Dataset:table_2_psd,Variable:particle_size_distribution,REPORTED_IN:e78645035c8895de,REPORTED_IN,Table 2 contains information on particle size distribution after sieving.,Table 2shows information on the particle size distri- bution after sieving,0.86,regolith.pdf p.3 page_text chunk_99780812c420d780,chunk_99780812c420d780,3,regolith.pdf
Variable:particle_size_distribution,Paper:regolith,REPORTED_IN:f56a4ff591e660df,REPORTED_IN,reported in this paper,regolith.pdf p.3 page_text chunk_99780812c420d780,1.0,regolith.pdf p.3 page_text chunk_99780812c420d780,,,
Descriptor:fraction_lt_250um,Paper:regolith,REPORTED_IN:286d3999980639c1,REPORTED_IN,reported in this paper,regolith.pdf p.3 page_text chunk_99780812c420d780,1.0,regolith.pdf p.3 page_text chunk_99780812c420d780,,,
Descriptor:fines_lt_25um,Paper:regolith,REPORTED_IN:5c1700426ab8fb68,REPORTED_IN,reported in this paper,regolith.pdf p.3 page_text chunk_99780812c420d780,1.0,regolith.pdf p.3 page_text chunk_99780812c420d780,,,
Descriptor:fraction_25_250um,Paper:regolith,REPORTED_IN:08856b28931676f6,REPORTED_IN,reported in this paper,regolith.pdf p.3 page_text chunk_99780812c420d780,1.0,regolith.pdf p.3 page_text chunk_99780812c420d780,,,
Descriptor:fraction_25_250um,Limitation:imaging_constraints_min_voxels,LIMITED_BY:419aaded8167afd2,LIMITED_BY,The commonly used 25–250 µm selection is a trade-off driven by imaging constraints including minimum voxel requirements.,trade-off between practical imaging constraints (like the min- imum number of voxels for a reasonable description of particle shape),0.82,regolith.pdf p.3 page_text chunk_99780812c420d780,chunk_99780812c420d780,3,regolith.pdf
Descriptor:fraction_25_250um,Limitation:size_selection_bias,CAUSES:d360ca8e96ba3b94,CAUSES,Selecting the 25–250 µm fraction may introduce bias.,this selection may lead to bias,0.84,regolith.pdf p.3 page_text chunk_99780812c420d780,chunk_99780812c420d780,3,regolith.pdf
Limitation:imaging_constraints_min_voxels,Paper:regolith,REPORTED_IN:828fe1fa4862a88d,REPORTED_IN,reported in this paper,regolith.pdf p.3 page_text chunk_99780812c420d780,1.0,regolith.pdf p.3 page_text chunk_99780812c420d780,,,
Limitation:size_selection_bias,Paper:regolith,REPORTED_IN:cfa8693b597c52ab,REPORTED_IN,reported in this paper,regolith.pdf p.3 page_text chunk_99780812c420d780,1.0,regolith.pdf p.3 page_text chunk_99780812c420d780,,,
Limitation:size_selection_bias,Limitation:generalization_caution,SUPPORTS:147094b1bf4c8ec5,SUPPORTS,Potential bias supports the caution against generalizing results beyond the measured size range.,caution should be taken when generalizing,0.76,regolith.pdf p.3 page_text chunk_99780812c420d780,chunk_99780812c420d780,3,regolith.pdf
Limitation:generalization_caution,Paper:regolith,REPORTED_IN:4be95f000a92964c,REPORTED_IN,reported in this paper,regolith.pdf p.3 page_text chunk_99780812c420d780,1.0,regolith.pdf p.3 page_text chunk_99780812c420d780,,,
Limitation:generalization_caution,Variable:particle_size_distribution,LIMITED_BY:4dde21061539c35b,LIMITED_BY,The results are limited to only part of the full particle size distribution.,represent only part of the particle size distribution,0.84,regolith.pdf p.3 page_text chunk_99780812c420d780,chunk_99780812c420d780,3,regolith.pdf
Concept:xray_generation,Paper:regolith,REPORTED_IN:f3b2ab7d69909396,REPORTED_IN,reported in this paper,regolith.pdf p.3 page_text chunk_99780812c420d780,1.0,regolith.pdf p.3 page_text chunk_99780812c420d780,,,
Concept:xray_generation,Instrument:target_anode,USES:4ee5fcd64ffc21bc,USES,X-ray generation occurs when electrons travel from cathode to a target anode.,"electrons ... to a target anode (e.g., tungsten), generate X-rays",0.78,regolith.pdf p.3 page_text chunk_99780812c420d780,chunk_99780812c420d780,3,regolith.pdf
Concept:xray_generation,Concept:xray_interaction_bulb,CAUSES:b7dfd7e5e9643a35,CAUSES,The interaction within the target creates a bulb-shaped volume.,interaction within the target creates a bulb-shaped volume,0.8,regolith.pdf p.3 page_text chunk_99780812c420d780,chunk_99780812c420d780,3,regolith.pdf
Instrument:target_anode,Paper:regolith,REPORTED_IN:61679dcdde931121,REPORTED_IN,reported in this paper,regolith.pdf p.3 page_text chunk_99780812c420d780,1.0,regolith.pdf p.3 page_text chunk_99780812c420d780,,,
Instrument:target_anode,Material:tungsten,HAS_PROPERTY:78e05809457f76bc,HAS_PROPERTY,Tungsten is given as an example target anode material.,"a target anode (e.g., tungsten)",0.75,regolith.pdf p.3 page_text chunk_99780812c420d780,chunk_99780812c420d780,3,regolith.pdf
Instrument:target_anode,Concept:characteristic_xrays,MENTIONS:61007120849db6e5,MENTIONS,Characteristic X-rays are determined by the target material.,"characteristic X-rays, determined by the target material",0.86,regolith.pdf p.3 page_text chunk_99780812c420d780,chunk_99780812c420d780,3,regolith.pdf
Material:tungsten,Paper:regolith,REPORTED_IN:682e0a75a48caf09,REPORTED_IN,reported in this paper,regolith.pdf p.3 page_text chunk_99780812c420d780,1.0,regolith.pdf p.3 page_text chunk_99780812c420d780,,,
Concept:xray_interaction_bulb,Paper:regolith,REPORTED_IN:3832effd90ceba5b,REPORTED_IN,reported in this paper,regolith.pdf p.3 page_text chunk_99780812c420d780,1.0,regolith.pdf p.3 page_text chunk_99780812c420d780,,,
Concept:xray_interaction_bulb,Concept:characteristic_xrays,CAUSES:8718466326447d5f,CAUSES,The X-ray interaction produces characteristic X-rays.,producing two types of X-rays. One of them are characteristic X-rays,0.78,regolith.pdf p.3 page_text chunk_99780812c420d780,chunk_99780812c420d780,3,regolith.pdf
Concept:xray_interaction_bulb,Concept:bremsstrahlung,CAUSES:f26aeaa974e79ae0,CAUSES,The X-ray interaction produces bremsstrahlung as the other type of X-rays.,The oth- er one is bremsstrahlung,0.78,regolith.pdf p.3 page_text chunk_99780812c420d780,chunk_99780812c420d780,3,regolith.pdf
Concept:characteristic_xrays,Paper:regolith,REPORTED_IN:3bafdf0f4f4eafaf,REPORTED_IN,reported in this paper,regolith.pdf p.3 page_text chunk_99780812c420d780,1.0,regolith.pdf p.3 page_text chunk_99780812c420d780,,,
Concept:characteristic_xrays,Application:chemical_analysis,APPLIES_TO:a576d0444d1ab609,APPLIES_TO,Characteristic X-rays are primarily useful for chemical analysis.,primarily useful for chemical analysis,0.86,regolith.pdf p.3 page_text chunk_99780812c420d780,chunk_99780812c420d780,3,regolith.pdf
Concept:bremsstrahlung,Paper:regolith,REPORTED_IN:1b772abe1f26ddce,REPORTED_IN,reported in this paper,regolith.pdf p.3 page_text chunk_99780812c420d780,1.0,regolith.pdf p.3 page_text chunk_99780812c420d780,,,
Concept:bremsstrahlung,Variable:integral_spectrum,CAUSES:e0dcd2b786ef2d6f,CAUSES,Bremsstrahlung determines the main part of the integral spectrum used for the measurements.,determines the main part of the integral spectrum used for the measure- ments,0.82,regolith.pdf p.3 page_text chunk_99780812c420d780,chunk_99780812c420d780,3,regolith.pdf
Variable:filtering,Paper:regolith,REPORTED_IN:57e29151e842545b,REPORTED_IN,reported in this paper,regolith.pdf p.3 page_text chunk_99780812c420d780,1.0,regolith.pdf p.3 page_text chunk_99780812c420d780,,,
Variable:filtering,Concept:bremsstrahlung,INFLUENCES:2f3e3a9d7a6b812f,INFLUENCES,Filtering influences the continuous bremsstrahlung spectrum.,"bremsstrahlung, a continuous spectrum influenced by filtering",0.84,regolith.pdf p.3 page_text chunk_99780812c420d780,chunk_99780812c420d780,3,regolith.pdf
Variable:electron_acceleration_voltage,Paper:regolith,REPORTED_IN:2e74686601882929,REPORTED_IN,reported in this paper,regolith.pdf p.3 page_text chunk_99780812c420d780,1.0,regolith.pdf p.3 page_text chunk_99780812c420d780,,,
Variable:electron_acceleration_voltage,Concept:bremsstrahlung,INFLUENCES:56bfe542ae41a00d,INFLUENCES,Electron acceleration voltage influences the bremsstrahlung spectrum.,influenced by ... electron acceleration voltage,0.84,regolith.pdf p.3 page_text chunk_99780812c420d780,chunk_99780812c420d780,3,regolith.pdf
Variable:integral_spectrum,Paper:regolith,REPORTED_IN:90881140390b6f2f,REPORTED_IN,reported in this paper,regolith.pdf p.3 page_text chunk_99780812c420d780,1.0,regolith.pdf p.3 page_text chunk_99780812c420d780,,,
Variable:interaction_bulb_stability,Paper:regolith,REPORTED_IN:a3b1f6a882e93803,REPORTED_IN,reported in this paper,regolith.pdf p.3 page_text chunk_99780812c420d780,1.0,regolith.pdf p.3 page_text chunk_99780812c420d780,,,
Variable:interaction_bulb_stability,Finding:sharp_reproducible_imaging,CAUSES:3cd305afc42948eb,CAUSES,Stability of the X-ray interaction bulb is critical for sharp and reproducible imaging.,the stability of the X-ray interaction bulb is critical for sharp and reproducible imaging,0.9,regolith.pdf p.3 page_text chunk_99780812c420d780,chunk_99780812c420d780,3,regolith.pdf
Finding:sharp_reproducible_imaging,Paper:regolith,REPORTED_IN:e6d1a66cb025c83b,REPORTED_IN,reported in this paper,regolith.pdf p.3 page_text chunk_99780812c420d780,1.0,regolith.pdf p.3 page_text chunk_99780812c420d780,,,
Concept:conical_xray_beam,Paper:regolith,REPORTED_IN:3edcb2462a24c32f,REPORTED_IN,reported in this paper,regolith.pdf p.3 page_text chunk_99780812c420d780,1.0,regolith.pdf p.3 page_text chunk_99780812c420d780,,,
Concept:conical_xray_beam,Instrument:flat_panel_detector,USES:8df25b316b6cac81,USES,The conical X-ray beam projects onto a 2D flat panel detector.,projecting onto a 2D flat panel de- tector,0.84,regolith.pdf p.3 page_text chunk_99780812c420d780,chunk_99780812c420d780,3,regolith.pdf
Instrument:flat_panel_detector,Paper:regolith,REPORTED_IN:f61c24c1396cad36,REPORTED_IN,reported in this paper,regolith.pdf p.3 page_text chunk_99780812c420d780,1.0,regolith.pdf p.3 page_text chunk_99780812c420d780,,,
Method:sample_rotation,Paper:regolith,REPORTED_IN:18d601386cfac636,REPORTED_IN,reported in this paper,regolith.pdf p.3 page_text chunk_99780812c420d780,1.0,regolith.pdf p.3 page_text chunk_99780812c420d780,,,
Method:sample_rotation,Dataset:projection_images_2d,CAUSES:95981e2ec69610f2,CAUSES,"Each rotational step produces a projection image, forming a series of 2D projection images.","Each rotational step produces a projection image, forming a series of 2D projection images",0.88,regolith.pdf p.3 page_text chunk_99780812c420d780,chunk_99780812c420d780,3,regolith.pdf
Dataset:projection_images_2d,Paper:regolith,REPORTED_IN:820c644109edc684,REPORTED_IN,reported in this paper,regolith.pdf p.3 page_text chunk_99780812c420d780,1.0,regolith.pdf p.3 page_text chunk_99780812c420d780,,,
Dataset:tomogram_3d,Paper:regolith,REPORTED_IN:24a8f3e825952714,REPORTED_IN,reported in this paper,regolith.pdf p.3 page_text chunk_99780812c420d780,1.0,regolith.pdf p.3 page_text chunk_99780812c420d780,,,
Method:fbp,Paper:regolith,REPORTED_IN:7a056a4a78157950,REPORTED_IN,reported in this paper,regolith.pdf p.3 page_text chunk_99780812c420d780,1.0,regolith.pdf p.3 page_text chunk_99780812c420d780,,,
Method:fbp,Dataset:projection_images_2d,USES:1f5c6b0b0fd33d1a,USES,Filtered back projection processes the series of 2D projection images.,processed into a 3D tomogram using reconstruction algorithms such as filtered back projection (FBP),0.86,regolith.pdf p.3 page_text chunk_99780812c420d780,chunk_99780812c420d780,3,regolith.pdf
Method:fbp,Dataset:tomogram_3d,CAUSES:7c8e7db072f2b813,CAUSES,Filtered back projection is used to produce a 3D tomogram from projection images.,processed into a 3D tomogram using reconstruction algorithms such as filtered back projection (FBP),0.86,regolith.pdf p.3 page_text chunk_99780812c420d780,chunk_99780812c420d780,3,regolith.pdf
Method:fbp,Document:buzug_2008,MENTIONS:f10db91aab1d9761,MENTIONS,The chunk cites Buzug (2008) for more details related to reconstruction algorithms such as FBP.,"For more details, we refer e.g., to (Buzug, 2008).",0.74,regolith.pdf p.3 page_text chunk_99780812c420d780,chunk_99780812c420d780,3,regolith.pdf
Application:chemical_analysis,Paper:regolith,REPORTED_IN:add6016c24c08cb6,REPORTED_IN,reported in this paper,regolith.pdf p.3 page_text chunk_99780812c420d780,1.0,regolith.pdf p.3 page_text chunk_99780812c420d780,,,
Finding:mineralogical_composition_known,Paper:regolith,REPORTED_IN:47e28ef3763f0c87,REPORTED_IN,reported in this paper,regolith.pdf p.3 page_text chunk_99780812c420d780,1.0,regolith.pdf p.3 page_text chunk_99780812c420d780,,,
Finding:mineralogical_composition_known,Concept:characteristic_xrays,LIMITED_BY:31ae4ab4f400816d,LIMITED_BY,Characteristic X-rays are described as irrelevant here because the mineralogical composition of the target material is known.,"irrelevant here, since the min- eralogical composition of the target material is known",0.82,regolith.pdf p.3 page_text chunk_99780812c420d780,chunk_99780812c420d780,3,regolith.pdf
Method:correlative_measurements_future,Paper:regolith,REPORTED_IN:75a8e21ea684321c,REPORTED_IN,reported in this paper,regolith.pdf p.3 page_text chunk_99780812c420d780,1.0,regolith.pdf p.3 page_text chunk_99780812c420d780,,,
Method:correlative_measurements_future,Concept:excluded_fractions,APPLIES_TO:bfb4472ef36b6863,APPLIES_TO,Future correlative measurements are intended to evaluate excluded fractions.,Following studies will include correlative measurements for evaluating excluded fractions.,0.86,regolith.pdf p.3 page_text chunk_99780812c420d780,chunk_99780812c420d780,3,regolith.pdf
Concept:excluded_fractions,Paper:regolith,REPORTED_IN:7f26443ccf84bd87,REPORTED_IN,reported in this paper,regolith.pdf p.3 page_text chunk_99780812c420d780,1.0,regolith.pdf p.3 page_text chunk_99780812c420d780,,,
Document:buzug_2008,Paper:regolith,REPORTED_IN:9e9e4e0d0aea1d3a,REPORTED_IN,reported in this paper,regolith.pdf p.3 page_text chunk_99780812c420d780,1.0,regolith.pdf p.3 page_text chunk_99780812c420d780,,,
