source,target,key,type,description,evidence,confidence,citations,chunk_id,page,file_name
Chunk:chunk_3b9026e63363ad14,Paper:regolith,PART_OF:chunk_3b9026e63363ad14,PART_OF,chunk belongs to paper,regolith.pdf p.7 page_text chunk_3b9026e63363ad14,1.0,regolith.pdf p.7 page_text chunk_3b9026e63363ad14,,,
Document:regolith_p7_chunk_3b9026e63363ad14,Chunk:chunk_3b9026e63363ad14,EVIDENCED_BY:875dd72f1838fbf9,EVIDENCED_BY,supported by chunk,regolith.pdf p.7 page_text chunk_3b9026e63363ad14,1.0,regolith.pdf p.7 page_text chunk_3b9026e63363ad14,,,
Document:regolith_p7_chunk_3b9026e63363ad14,Paper:regolith,REPORTED_IN:96979ed53993f737,REPORTED_IN,reported in this paper,regolith.pdf p.7 page_text chunk_3b9026e63363ad14,1.0,regolith.pdf p.7 page_text chunk_3b9026e63363ad14,,,
Dataset:segmented_particles_data,Chunk:chunk_3b9026e63363ad14,EVIDENCED_BY:5c6be6448070a633,EVIDENCED_BY,supported by chunk,regolith.pdf p.7 page_text chunk_3b9026e63363ad14,1.0,regolith.pdf p.7 page_text chunk_3b9026e63363ad14,,,
Dataset:segmented_particles_data,Paper:regolith,REPORTED_IN:84c5c8fbd9792e5a,REPORTED_IN,reported in this paper,regolith.pdf p.7 page_text chunk_3b9026e63363ad14,1.0,regolith.pdf p.7 page_text chunk_3b9026e63363ad14,,,
Dataset:segmented_particles_data,Descriptor:particle_descriptors,USES:2c1524afae4c57c2,USES,The data of segmented particles is used by computing particle descriptors to obtain an analysis dataset.,By computing the particle descriptors,0.82,regolith.pdf p.7 page_text chunk_3b9026e63363ad14,chunk_3b9026e63363ad14,7,regolith.pdf
Dataset:segmented_particles_data,Method:statistical_analysis_similarities,SUPPORTS:eb6222e63b6b30a4,SUPPORTS,The dataset obtained from segmented particles forms the basis for the subsequent statistical analysis of regolith simulants.,forms the basis for the following statistical analysis,0.86,regolith.pdf p.7 page_text chunk_3b9026e63363ad14,chunk_3b9026e63363ad14,7,regolith.pdf
Descriptor:particle_descriptors,Chunk:chunk_3b9026e63363ad14,EVIDENCED_BY:110cc16f514222c8,EVIDENCED_BY,supported by chunk,regolith.pdf p.7 page_text chunk_3b9026e63363ad14,1.0,regolith.pdf p.7 page_text chunk_3b9026e63363ad14,,,
Descriptor:particle_descriptors,Paper:regolith,REPORTED_IN:b2d2555f99c5e99a,REPORTED_IN,reported in this paper,regolith.pdf p.10 page_text chunk_2ca960600a9df8b8,1.0,regolith.pdf p.10 page_text chunk_2ca960600a9df8b8,,,
Descriptor:particle_descriptors,Chunk:chunk_2ca960600a9df8b8,EVIDENCED_BY:43901f18bfefa7f7,EVIDENCED_BY,supported by chunk,regolith.pdf p.10 page_text chunk_2ca960600a9df8b8,1.0,regolith.pdf p.10 page_text chunk_2ca960600a9df8b8,,,
Descriptor:particle_descriptors,Material:csm-lht-1,APPLIES_TO:3ccd4c552d80102f,APPLIES_TO,The particle descriptors referenced are those of CSM-LHT-1.,particle descriptors of CSM-LHT-1,0.9,regolith.pdf p.10 page_text chunk_2ca960600a9df8b8,chunk_2ca960600a9df8b8,10,regolith.pdf
Material:regolith_simulants,Chunk:chunk_3b9026e63363ad14,EVIDENCED_BY:7d9b4d56bd1cb2e0,EVIDENCED_BY,supported by chunk,regolith.pdf p.7 page_text chunk_3b9026e63363ad14,1.0,regolith.pdf p.7 page_text chunk_3b9026e63363ad14,,,
Material:regolith_simulants,Paper:regolith,REPORTED_IN:eb492606ae8097eb,REPORTED_IN,reported in this paper,regolith.pdf p.3 page_text chunk_99780812c420d780,1.0,regolith.pdf p.3 page_text chunk_99780812c420d780,,,
Material:regolith_simulants,Chunk:chunk_73c87c0131a065ed,EVIDENCED_BY:f81a58eee4942ff1,EVIDENCED_BY,supported by chunk,regolith.pdf p.7 page_text chunk_73c87c0131a065ed,1.0,regolith.pdf p.7 page_text chunk_73c87c0131a065ed,,,
Material:regolith_simulants,Material:fines,HAS_PROPERTY:9f8e39af1038deb3,HAS_PROPERTY,Regolith simulants may contain hugely different amounts of fines.,regolith simulants may contain hugely different amounts of fines,0.85,regolith.pdf p.7 page_text chunk_73c87c0131a065ed,chunk_73c87c0131a065ed,7,regolith.pdf
Material:regolith_simulants,Chunk:chunk_44889c813b9be835,EVIDENCED_BY:bddd29bab1b5bc2a,EVIDENCED_BY,supported by chunk,regolith.pdf p.2 page_text chunk_44889c813b9be835,1.0,regolith.pdf p.2 page_text chunk_44889c813b9be835,,,
Material:regolith_simulants,Limitation:simulant_representativeness_unclear,LIMITED_BY:281329b98f92101a,LIMITED_BY,The representativeness of simulants for lunar regolith mechanical properties is stated as unclear.,it remains unclear whether regolith simulants are representative for lunar regolith with respect to their mechanical properties,0.9,regolith.pdf p.2 page_text chunk_44889c813b9be835,chunk_44889c813b9be835,2,regolith.pdf
Material:regolith_simulants,Limitation:predict_behavior_limitation,LIMITED_BY:8b488eb144c9453f,LIMITED_BY,The chunk claims simulants may be insufficient for predicting actual regolith mechanical behavior under lunar conditions.,regolith simulants may be insufficient to reliably predict the mechanical behavior of actual regolith under lunar conditions,0.9,regolith.pdf p.2 page_text chunk_44889c813b9be835,chunk_44889c813b9be835,2,regolith.pdf
Material:regolith_simulants,Concept:mare_regolith,APPLIES_TO:44e0aa04d2ce6d8f,APPLIES_TO,Some simulants represent mare regolith.,regolith simulants representing mare,0.8,regolith.pdf p.2 page_text chunk_44889c813b9be835,chunk_44889c813b9be835,2,regolith.pdf
Material:regolith_simulants,Concept:highlands_regolith,APPLIES_TO:cb0b88dafad9fb76,APPLIES_TO,Some simulants represent highlands regolith.,and highlands regolith,0.8,regolith.pdf p.2 page_text chunk_44889c813b9be835,chunk_44889c813b9be835,2,regolith.pdf
Material:regolith_simulants,Dataset:three_lunar_samples,COMPARES_WITH:7ee7d0a9fc5f1d7a,COMPARES_WITH,The chunk states simulants are compared to three different samples of lunar regolith.,we compare these simulants to three different samples of lunar regolith,0.9,regolith.pdf p.2 page_text chunk_44889c813b9be835,chunk_44889c813b9be835,2,regolith.pdf
Material:regolith_simulants,Finding:shape_investigation_necessity,SUPPORTS:40664bd84229e112,SUPPORTS,Comparisons involving simulants are said to highlight the necessity of thoroughly investigating lunar regolith particle shapes.,highlighting the necessity for a thorough investigation of the shapes of lunar regolith particles,0.8,regolith.pdf p.2 page_text chunk_44889c813b9be835,chunk_44889c813b9be835,2,regolith.pdf
Material:regolith_simulants,Chunk:chunk_5647a24ba128bfa1,EVIDENCED_BY:4b89279addbb5725,EVIDENCED_BY,supported by chunk,regolith.pdf p.7 page_text chunk_5647a24ba128bfa1,1.0,regolith.pdf p.7 page_text chunk_5647a24ba128bfa1,,,
Material:regolith_simulants,Chunk:chunk_e99dbc4d11e11bdf,EVIDENCED_BY:9616d11369c6f15e,EVIDENCED_BY,supported by chunk,regolith.pdf p.13 page_text chunk_e99dbc4d11e11bdf,1.0,regolith.pdf p.13 page_text chunk_e99dbc4d11e11bdf,,,
Material:regolith_simulants,Material:lunar_regolith,COMPARES_WITH:5e113a3a9914316e,COMPARES_WITH,Regolith simulants are used as substitutes for lunar regolith in terrestrial experiments.,use regolith simulants as substitutes for lunar regolith,0.85,regolith.pdf p.13 page_text chunk_e99dbc4d11e11bdf,chunk_e99dbc4d11e11bdf,13,regolith.pdf
Material:regolith_simulants,Limitation:limitation_comparability_unclear,LIMITED_BY:f64b7148c3cab6c6,LIMITED_BY,Comparability of simulant mechanical properties to lunar regolith is uncertain.,it is unclear to what extent the mechanical properties of the simulants ... are comparable to those of lunar regolith,0.82,regolith.pdf p.13 page_text chunk_e99dbc4d11e11bdf,chunk_e99dbc4d11e11bdf,13,regolith.pdf
Material:regolith_simulants,Chunk:chunk_2ca960600a9df8b8,EVIDENCED_BY:7fd2181ad9e116ea,EVIDENCED_BY,supported by chunk,regolith.pdf p.10 page_text chunk_2ca960600a9df8b8,1.0,regolith.pdf p.10 page_text chunk_2ca960600a9df8b8,,,
Material:regolith_simulants,Chunk:chunk_384212dd00619739,EVIDENCED_BY:97f7a3454ea9af18,EVIDENCED_BY,supported by chunk,regolith.pdf p.13 page_text chunk_384212dd00619739,1.0,regolith.pdf p.13 page_text chunk_384212dd00619739,,,
Material:regolith_simulants,Chunk:chunk_99780812c420d780,EVIDENCED_BY:33502bd08244c37e,EVIDENCED_BY,supported by chunk,regolith.pdf p.3 page_text chunk_99780812c420d780,1.0,regolith.pdf p.3 page_text chunk_99780812c420d780,,,
Method:statistical_analysis_similarities,Chunk:chunk_3b9026e63363ad14,EVIDENCED_BY:18a915ddda539b23,EVIDENCED_BY,supported by chunk,regolith.pdf p.7 page_text chunk_3b9026e63363ad14,1.0,regolith.pdf p.7 page_text chunk_3b9026e63363ad14,,,
Method:statistical_analysis_similarities,Paper:regolith,REPORTED_IN:33c3d94f9395eb50,REPORTED_IN,reported in this paper,regolith.pdf p.7 page_text chunk_3b9026e63363ad14,1.0,regolith.pdf p.7 page_text chunk_3b9026e63363ad14,,,
Method:statistical_analysis_similarities,Material:regolith_simulants,APPLIES_TO:01a71c16cc69713b,APPLIES_TO,The statistical analysis concerns similarities and differences of regolith simulants.,similarities and differences of regolith simulants,0.9,regolith.pdf p.7 page_text chunk_3b9026e63363ad14,chunk_3b9026e63363ad14,7,regolith.pdf
Concept:r_vine_copulas,Chunk:chunk_3b9026e63363ad14,EVIDENCED_BY:a974c7c44063dd78,EVIDENCED_BY,supported by chunk,regolith.pdf p.7 page_text chunk_3b9026e63363ad14,1.0,regolith.pdf p.7 page_text chunk_3b9026e63363ad14,,,
Concept:r_vine_copulas,Paper:regolith,REPORTED_IN:c04056b53fe16b89,REPORTED_IN,reported in this paper,regolith.pdf p.7 page_text chunk_3b9026e63363ad14,1.0,regolith.pdf p.7 page_text chunk_3b9026e63363ad14,,,
Concept:r_vine_copulas,Method:pair_copula_approach,DERIVED_FROM:104d190a57668af4,DERIVED_FROM,R-vine copulas are based on the pair-copula approach.,R-vine copulas are based on the so-called pair-copula approach,0.93,regolith.pdf p.7 page_text chunk_3b9026e63363ad14,chunk_3b9026e63363ad14,7,regolith.pdf
Method:pair_copula_approach,Chunk:chunk_3b9026e63363ad14,EVIDENCED_BY:705b4bd1868d03b9,EVIDENCED_BY,supported by chunk,regolith.pdf p.7 page_text chunk_3b9026e63363ad14,1.0,regolith.pdf p.7 page_text chunk_3b9026e63363ad14,,,
Method:pair_copula_approach,Paper:regolith,REPORTED_IN:4b5aeeaf20e08596,REPORTED_IN,reported in this paper,regolith.pdf p.7 page_text chunk_5647a24ba128bfa1,1.0,regolith.pdf p.7 page_text chunk_5647a24ba128bfa1,,,
Method:pair_copula_approach,Chunk:chunk_5647a24ba128bfa1,EVIDENCED_BY:a591ea66c282a332,EVIDENCED_BY,supported by chunk,regolith.pdf p.7 page_text chunk_5647a24ba128bfa1,1.0,regolith.pdf p.7 page_text chunk_5647a24ba128bfa1,,,
Method:pair_copula_approach,Equation:equation_8,SUPPORTS:f218407ab4466251,SUPPORTS,Iterative application of the pair-copula approach yields representation formulas similar to Equation (8).,"By iteratively applying the pair-copula approach stated above, representation formulas similar to that given in Equation (8)",0.78,regolith.pdf p.7 page_text chunk_5647a24ba128bfa1,chunk_5647a24ba128bfa1,7,regolith.pdf
Method:pair_copula_approach,Concept:univariate_densities_f1_f2_f3,USES:ff73c41f4f6bb53c,USES,The pair-copula representation expresses multivariate densities using univariate probability densities.,d-variate probability densities are expressed by univariate probability densities,0.75,regolith.pdf p.7 page_text chunk_5647a24ba128bfa1,chunk_5647a24ba128bfa1,7,regolith.pdf
Method:pair_copula_approach,Concept:bivariate_copula_densities,USES:3979bf3143a41b0c,USES,The pair-copula representation expresses multivariate densities using bivariate copula densities.,and bivariate copula densities,0.78,regolith.pdf p.7 page_text chunk_5647a24ba128bfa1,chunk_5647a24ba128bfa1,7,regolith.pdf
Variable:random_vector_x,Chunk:chunk_3b9026e63363ad14,EVIDENCED_BY:cbf096cfa016f158,EVIDENCED_BY,supported by chunk,regolith.pdf p.7 page_text chunk_3b9026e63363ad14,1.0,regolith.pdf p.7 page_text chunk_3b9026e63363ad14,,,
Variable:random_vector_x,Paper:regolith,REPORTED_IN:8289d3d92d88c8de,REPORTED_IN,reported in this paper,regolith.pdf p.7 page_text chunk_73c87c0131a065ed,1.0,regolith.pdf p.7 page_text chunk_73c87c0131a065ed,,,
Variable:random_vector_x,Variable:joint_density_f,HAS_PROPERTY:5eb72cee21ad689c,HAS_PROPERTY,The random vector X has a joint probability density f.,"with joint probability density f:R3 →[0,∞)",0.9,regolith.pdf p.7 page_text chunk_3b9026e63363ad14,chunk_3b9026e63363ad14,7,regolith.pdf
Variable:random_vector_x,Variable:marginal_densities_f1_f2_f3,HAS_PROPERTY:db827ac632c0dbd3,HAS_PROPERTY,"The random vector X has marginal densities f1,f2,f3.","marginal densities f1,f2,f3",0.9,regolith.pdf p.7 page_text chunk_3b9026e63363ad14,chunk_3b9026e63363ad14,7,regolith.pdf
Variable:random_vector_x,Variable:cdfs_f1_f2_f3,HAS_PROPERTY:7c6ab2cbf213893f,HAS_PROPERTY,"The random vector X has corresponding univariate cumulative distribution functions F1,F2,F3.","corresponding (univariate) cumulative distribution functions F1,F2,F3",0.88,regolith.pdf p.7 page_text chunk_3b9026e63363ad14,chunk_3b9026e63363ad14,7,regolith.pdf
Variable:random_vector_x,Chunk:chunk_73c87c0131a065ed,EVIDENCED_BY:c9d01e87f72e554d,EVIDENCED_BY,supported by chunk,regolith.pdf p.7 page_text chunk_73c87c0131a065ed,1.0,regolith.pdf p.7 page_text chunk_73c87c0131a065ed,,,
Variable:random_vector_x,Variable:x1,PART_OF:ae85fa681e9991af,PART_OF,"X1 is a component of X=(X1,X2,X3).","X=(X ,X ,X )",0.8,regolith.pdf p.7 page_text chunk_73c87c0131a065ed,chunk_73c87c0131a065ed,7,regolith.pdf
Variable:random_vector_x,Variable:x2,PART_OF:c6e94c498888a925,PART_OF,"X2 is a component of X=(X1,X2,X3).","X=(X ,X ,X )",0.8,regolith.pdf p.7 page_text chunk_73c87c0131a065ed,chunk_73c87c0131a065ed,7,regolith.pdf
Variable:random_vector_x,Variable:x3,PART_OF:4f83799688b39f8d,PART_OF,"X3 is a component of X=(X1,X2,X3).","X=(X ,X ,X )",0.8,regolith.pdf p.7 page_text chunk_73c87c0131a065ed,chunk_73c87c0131a065ed,7,regolith.pdf
Variable:joint_density_f,Chunk:chunk_3b9026e63363ad14,EVIDENCED_BY:77862cd7916743be,EVIDENCED_BY,supported by chunk,regolith.pdf p.7 page_text chunk_3b9026e63363ad14,1.0,regolith.pdf p.7 page_text chunk_3b9026e63363ad14,,,
Variable:joint_density_f,Paper:regolith,REPORTED_IN:99b2ead1d248076f,REPORTED_IN,reported in this paper,regolith.pdf p.7 page_text chunk_3b9026e63363ad14,1.0,regolith.pdf p.7 page_text chunk_3b9026e63363ad14,,,
Variable:marginal_densities_f1_f2_f3,Chunk:chunk_3b9026e63363ad14,EVIDENCED_BY:4c952d85fb4bfabf,EVIDENCED_BY,supported by chunk,regolith.pdf p.7 page_text chunk_3b9026e63363ad14,1.0,regolith.pdf p.7 page_text chunk_3b9026e63363ad14,,,
Variable:marginal_densities_f1_f2_f3,Paper:regolith,REPORTED_IN:9d71eb5b5a23d592,REPORTED_IN,reported in this paper,regolith.pdf p.7 page_text chunk_3b9026e63363ad14,1.0,regolith.pdf p.7 page_text chunk_3b9026e63363ad14,,,
Variable:cdfs_f1_f2_f3,Chunk:chunk_3b9026e63363ad14,EVIDENCED_BY:6f70d0f38b49af6b,EVIDENCED_BY,supported by chunk,regolith.pdf p.7 page_text chunk_3b9026e63363ad14,1.0,regolith.pdf p.7 page_text chunk_3b9026e63363ad14,,,
Variable:cdfs_f1_f2_f3,Paper:regolith,REPORTED_IN:f4b630fd2c0802c6,REPORTED_IN,reported in this paper,regolith.pdf p.7 page_text chunk_3b9026e63363ad14,1.0,regolith.pdf p.7 page_text chunk_3b9026e63363ad14,,,
Variable:copula_densities_c12_c23,Chunk:chunk_3b9026e63363ad14,EVIDENCED_BY:9fade1268dc5a4bc,EVIDENCED_BY,supported by chunk,regolith.pdf p.7 page_text chunk_3b9026e63363ad14,1.0,regolith.pdf p.7 page_text chunk_3b9026e63363ad14,,,
Variable:copula_densities_c12_c23,Paper:regolith,REPORTED_IN:2442dbffa09814ad,REPORTED_IN,reported in this paper,regolith.pdf p.7 page_text chunk_3b9026e63363ad14,1.0,regolith.pdf p.7 page_text chunk_3b9026e63363ad14,,,
Variable:conditional_copula_density_c13_given_x2,Chunk:chunk_3b9026e63363ad14,EVIDENCED_BY:429059fdf7d0e2c8,EVIDENCED_BY,supported by chunk,regolith.pdf p.7 page_text chunk_3b9026e63363ad14,1.0,regolith.pdf p.7 page_text chunk_3b9026e63363ad14,,,
Variable:conditional_copula_density_c13_given_x2,Paper:regolith,REPORTED_IN:f2433c45865c110e,REPORTED_IN,reported in this paper,regolith.pdf p.7 page_text chunk_3b9026e63363ad14,1.0,regolith.pdf p.7 page_text chunk_3b9026e63363ad14,,,
Equation:equation_8,Chunk:chunk_3b9026e63363ad14,EVIDENCED_BY:2d80e06dbc4efb72,EVIDENCED_BY,supported by chunk,regolith.pdf p.7 page_text chunk_3b9026e63363ad14,1.0,regolith.pdf p.7 page_text chunk_3b9026e63363ad14,,,
Equation:equation_8,Paper:regolith,REPORTED_IN:0fb03b250c561b68,REPORTED_IN,reported in this paper,regolith.pdf p.7 page_text chunk_5647a24ba128bfa1,1.0,regolith.pdf p.7 page_text chunk_5647a24ba128bfa1,,,
Equation:equation_8,Variable:joint_density_f,MENTIONS:16d9690c197959a1,MENTIONS,"Equation (8) expresses the joint density f(x1,x2,x3) in a factorized copula form.","f(x1,x2,x3)=c",0.75,regolith.pdf p.7 page_text chunk_3b9026e63363ad14,chunk_3b9026e63363ad14,7,regolith.pdf
Equation:equation_8,Variable:copula_densities_c12_c23,MENTIONS:129ca951d021c849,MENTIONS,"Equation (8) includes the pair-copula densities c1,2 and c2,3.","×c1,2(...)c2,3(...)",0.78,regolith.pdf p.7 page_text chunk_3b9026e63363ad14,chunk_3b9026e63363ad14,7,regolith.pdf
Equation:equation_8,Variable:conditional_copula_density_c13_given_x2,MENTIONS:b1e70887cee231f6,MENTIONS,"Equation (8) includes a conditional copula density for (X1,X3) given X2=x2.","c1,3∣X2=x2",0.8,regolith.pdf p.7 page_text chunk_3b9026e63363ad14,chunk_3b9026e63363ad14,7,regolith.pdf
Equation:equation_8,Variable:marginal_densities_f1_f2_f3,MENTIONS:e0f218d9e9a897f7,MENTIONS,Equation (8) multiplies copula terms by marginal densities f1(x1)f2(x2)f3(x3).,f1(x1)f2(x2)f3(x3),0.86,regolith.pdf p.7 page_text chunk_3b9026e63363ad14,chunk_3b9026e63363ad14,7,regolith.pdf
Equation:equation_8,Document:regolith_p7_chunk_3b9026e63363ad14,REPORTED_IN:e97beb212b5a83eb,REPORTED_IN,Equation (8) is reported in the provided document chunk.,(8),0.95,regolith.pdf p.7 page_text chunk_3b9026e63363ad14,chunk_3b9026e63363ad14,7,regolith.pdf
Equation:equation_8,Chunk:chunk_5647a24ba128bfa1,EVIDENCED_BY:5f1ed83343f7f334,EVIDENCED_BY,supported by chunk,regolith.pdf p.7 page_text chunk_5647a24ba128bfa1,1.0,regolith.pdf p.7 page_text chunk_5647a24ba128bfa1,,,
Method:univariate_data_analysis,Chunk:chunk_3b9026e63363ad14,EVIDENCED_BY:fdcd16f9e50a57a4,EVIDENCED_BY,supported by chunk,regolith.pdf p.7 page_text chunk_3b9026e63363ad14,1.0,regolith.pdf p.7 page_text chunk_3b9026e63363ad14,,,
Method:univariate_data_analysis,Paper:regolith,REPORTED_IN:a1f31a383ec3f18d,REPORTED_IN,reported in this paper,regolith.pdf p.7 page_text chunk_3b9026e63363ad14,1.0,regolith.pdf p.7 page_text chunk_3b9026e63363ad14,,,
Method:univariate_data_analysis,Method:sample_preparation_sieving,LIMITED_BY:8ea7071e5513c9a4,LIMITED_BY,The analysis is placed in perspective by noting effects of sample preparation removing certain particle sizes.,"during sample preparation, fines below 25μm and extremely large particles with sizes above 250μm were removed",0.9,regolith.pdf p.7 page_text chunk_3b9026e63363ad14,chunk_3b9026e63363ad14,7,regolith.pdf
Method:univariate_data_analysis,Limitation:measured_fraction_25_250,LIMITED_BY:4ebbb9384e2863c0,LIMITED_BY,The analysis is valid only for the measured fraction of particle sizes between 25μm and 250μm.,considered valid only for the measured fraction of particle sizes between 25μm and 250μm,0.92,regolith.pdf p.7 page_text chunk_3b9026e63363ad14,chunk_3b9026e63363ad14,7,regolith.pdf
Method:univariate_data_analysis,Limitation:non_volume_weighted_densities,LIMITED_BY:dcec99ae9bc587da,LIMITED_BY,"Probability densities used in the analysis are not volume-weighted, limiting correspondence to visual impression.",probability densities used in the following ... are not volume-weighted,0.9,regolith.pdf p.7 page_text chunk_3b9026e63363ad14,chunk_3b9026e63363ad14,7,regolith.pdf
Method:sample_preparation_sieving,Chunk:chunk_3b9026e63363ad14,EVIDENCED_BY:9fe966d7d17083a5,EVIDENCED_BY,supported by chunk,regolith.pdf p.7 page_text chunk_3b9026e63363ad14,1.0,regolith.pdf p.7 page_text chunk_3b9026e63363ad14,,,
Method:sample_preparation_sieving,Paper:regolith,REPORTED_IN:9fae250ec74dae2d,REPORTED_IN,reported in this paper,regolith.pdf p.7 page_text chunk_3b9026e63363ad14,1.0,regolith.pdf p.7 page_text chunk_3b9026e63363ad14,,,
Method:sample_preparation_sieving,Finding:bulk_properties_change,CAUSES:d7e6fe6049166835,CAUSES,Removing fines and very large particles may change bulk properties compared to manufacturer specifications.,may change bulk properties compared to the specifications of manufacturers,0.78,regolith.pdf p.7 page_text chunk_3b9026e63363ad14,chunk_3b9026e63363ad14,7,regolith.pdf
Variable:particle_size,Chunk:chunk_3b9026e63363ad14,EVIDENCED_BY:5cdc8d8bef3bfd7b,EVIDENCED_BY,supported by chunk,regolith.pdf p.7 page_text chunk_3b9026e63363ad14,1.0,regolith.pdf p.7 page_text chunk_3b9026e63363ad14,,,
Variable:particle_size,Paper:regolith,REPORTED_IN:4b5a454770898f83,REPORTED_IN,reported in this paper,regolith.pdf p.13 page_text chunk_e99dbc4d11e11bdf,1.0,regolith.pdf p.13 page_text chunk_e99dbc4d11e11bdf,,,
Variable:particle_size,Chunk:chunk_44889c813b9be835,EVIDENCED_BY:564afa3d00f25a9e,EVIDENCED_BY,supported by chunk,regolith.pdf p.2 page_text chunk_44889c813b9be835,1.0,regolith.pdf p.2 page_text chunk_44889c813b9be835,,,
Variable:particle_size,Variable:mech_properties,INFLUENCES:8a74960dfbf22626,INFLUENCES,Particle size influences mechanical properties.,but also by the size,0.75,regolith.pdf p.2 page_text chunk_44889c813b9be835,chunk_44889c813b9be835,2,regolith.pdf
Variable:particle_size,Chunk:chunk_e99dbc4d11e11bdf,EVIDENCED_BY:69491030c5168346,EVIDENCED_BY,supported by chunk,regolith.pdf p.13 page_text chunk_e99dbc4d11e11bdf,1.0,regolith.pdf p.13 page_text chunk_e99dbc4d11e11bdf,,,
Limitation:measured_fraction_25_250,Chunk:chunk_3b9026e63363ad14,EVIDENCED_BY:71b9d78d36af2c6d,EVIDENCED_BY,supported by chunk,regolith.pdf p.7 page_text chunk_3b9026e63363ad14,1.0,regolith.pdf p.7 page_text chunk_3b9026e63363ad14,,,
Limitation:measured_fraction_25_250,Paper:regolith,REPORTED_IN:ad6bb3e45177e6af,REPORTED_IN,reported in this paper,regolith.pdf p.7 page_text chunk_3b9026e63363ad14,1.0,regolith.pdf p.7 page_text chunk_3b9026e63363ad14,,,
Limitation:measured_fraction_25_250,Limitation:sieving_inaccuracy,EVIDENCED_BY:0ffffd6505b4cb1e,EVIDENCED_BY,The presence of particles outside the intended size range is attributed to sieving inaccuracy.,due to the unavoidable inaccuracy of the sieving process,0.86,regolith.pdf p.7 page_text chunk_3b9026e63363ad14,chunk_3b9026e63363ad14,7,regolith.pdf
Limitation:sieving_inaccuracy,Chunk:chunk_3b9026e63363ad14,EVIDENCED_BY:2796da2350e36680,EVIDENCED_BY,supported by chunk,regolith.pdf p.7 page_text chunk_3b9026e63363ad14,1.0,regolith.pdf p.7 page_text chunk_3b9026e63363ad14,,,
Limitation:sieving_inaccuracy,Paper:regolith,REPORTED_IN:7e9a2ae57a12b906,REPORTED_IN,reported in this paper,regolith.pdf p.7 page_text chunk_3b9026e63363ad14,1.0,regolith.pdf p.7 page_text chunk_3b9026e63363ad14,,,
Finding:bulk_properties_change,Chunk:chunk_3b9026e63363ad14,EVIDENCED_BY:a2cb864f25deee6a,EVIDENCED_BY,supported by chunk,regolith.pdf p.7 page_text chunk_3b9026e63363ad14,1.0,regolith.pdf p.7 page_text chunk_3b9026e63363ad14,,,
Finding:bulk_properties_change,Paper:regolith,REPORTED_IN:c3940f14c8e14a1a,REPORTED_IN,reported in this paper,regolith.pdf p.7 page_text chunk_3b9026e63363ad14,1.0,regolith.pdf p.7 page_text chunk_3b9026e63363ad14,,,
Limitation:non_volume_weighted_densities,Chunk:chunk_3b9026e63363ad14,EVIDENCED_BY:6049b4eb4bc3022c,EVIDENCED_BY,supported by chunk,regolith.pdf p.7 page_text chunk_3b9026e63363ad14,1.0,regolith.pdf p.7 page_text chunk_3b9026e63363ad14,,,
Limitation:non_volume_weighted_densities,Paper:regolith,REPORTED_IN:3d860c8bc54aa174,REPORTED_IN,reported in this paper,regolith.pdf p.7 page_text chunk_3b9026e63363ad14,1.0,regolith.pdf p.7 page_text chunk_3b9026e63363ad14,,,
Instrument:laser_diffraction,Chunk:chunk_3b9026e63363ad14,EVIDENCED_BY:ad1cade0f3d1f304,EVIDENCED_BY,supported by chunk,regolith.pdf p.7 page_text chunk_3b9026e63363ad14,1.0,regolith.pdf p.7 page_text chunk_3b9026e63363ad14,,,
Instrument:laser_diffraction,Paper:regolith,REPORTED_IN:f04d0a53d2e06e2e,REPORTED_IN,reported in this paper,regolith.pdf p.7 page_text chunk_3b9026e63363ad14,1.0,regolith.pdf p.7 page_text chunk_3b9026e63363ad14,,,
Instrument:laser_diffraction,Variable:particle_size,MEASURES:414eec235b7a3e5d,MEASURES,Laser diffraction is used to obtain particle sizes.,particle sizes as obtained by laser diffraction,0.9,regolith.pdf p.7 page_text chunk_3b9026e63363ad14,chunk_3b9026e63363ad14,7,regolith.pdf
Dataset:particle_size_histograms,Chunk:chunk_3b9026e63363ad14,EVIDENCED_BY:123b4fa65f410e3c,EVIDENCED_BY,supported by chunk,regolith.pdf p.7 page_text chunk_3b9026e63363ad14,1.0,regolith.pdf p.7 page_text chunk_3b9026e63363ad14,,,
Dataset:particle_size_histograms,Paper:regolith,REPORTED_IN:ea46ef3fa9f8eb99,REPORTED_IN,reported in this paper,regolith.pdf p.7 page_text chunk_3b9026e63363ad14,1.0,regolith.pdf p.7 page_text chunk_3b9026e63363ad14,,,
Dataset:particle_size_histograms,Instrument:laser_diffraction,DERIVED_FROM:75de97e975c7be5d,DERIVED_FROM,Particle size histograms are obtained by laser diffraction.,histograms of particle sizes as obtained by laser diffraction,0.88,regolith.pdf p.7 page_text chunk_3b9026e63363ad14,chunk_3b9026e63363ad14,7,regolith.pdf
Chunk:chunk_73c87c0131a065ed,Paper:regolith,PART_OF:chunk_73c87c0131a065ed,PART_OF,chunk belongs to paper,regolith.pdf p.7 page_text chunk_73c87c0131a065ed,1.0,regolith.pdf p.7 page_text chunk_73c87c0131a065ed,,,
Document:doc_p7_chunk73c87c,Chunk:chunk_73c87c0131a065ed,EVIDENCED_BY:b910da80f0df5bdb,EVIDENCED_BY,supported by chunk,regolith.pdf p.7 page_text chunk_73c87c0131a065ed,1.0,regolith.pdf p.7 page_text chunk_73c87c0131a065ed,,,
Document:doc_p7_chunk73c87c,Paper:regolith,REPORTED_IN:bd9a256dd73fe232,REPORTED_IN,reported in this paper,regolith.pdf p.7 page_text chunk_73c87c0131a065ed,1.0,regolith.pdf p.7 page_text chunk_73c87c0131a065ed,,,
Concept:particle_size_histograms_fig4,Chunk:chunk_73c87c0131a065ed,EVIDENCED_BY:e17154d1c53c5bbb,EVIDENCED_BY,supported by chunk,regolith.pdf p.7 page_text chunk_73c87c0131a065ed,1.0,regolith.pdf p.7 page_text chunk_73c87c0131a065ed,,,
Concept:particle_size_histograms_fig4,Paper:regolith,REPORTED_IN:b94eaddd47e33fd4,REPORTED_IN,reported in this paper,regolith.pdf p.7 page_text chunk_73c87c0131a065ed,1.0,regolith.pdf p.7 page_text chunk_73c87c0131a065ed,,,
Concept:particle_size_histograms_fig4,Method:laser_diffraction,USES:a64c31d8475c34c3,USES,Figure 4 includes histograms obtained from laser diffraction for conditional distributions.,conditional distribution by laser diffraction,0.8,regolith.pdf p.7 page_text chunk_73c87c0131a065ed,chunk_73c87c0131a065ed,7,regolith.pdf
Concept:particle_size_histograms_fig4,Dataset:ct_image_data,COMPARES_WITH:fce7dc617f6d8b25,COMPARES_WITH,Figure 4 compares laser-diffraction-based histograms with particle sizes computed from CT image data.,in comparison to histograms of particle sizes computed from CT image data,0.85,regolith.pdf p.7 page_text chunk_73c87c0131a065ed,chunk_73c87c0131a065ed,7,regolith.pdf
Concept:particle_size_histograms_fig4,Document:doc_p7_chunk73c87c,REPORTED_IN:7d1f6b40544b010c,REPORTED_IN,The description of Figure 4 and histogram comparisons is contained in this document chunk.,Figure 4 shows the histograms of particle sizes,0.9,regolith.pdf p.7 page_text chunk_73c87c0131a065ed,chunk_73c87c0131a065ed,7,regolith.pdf
Method:laser_diffraction,Chunk:chunk_73c87c0131a065ed,EVIDENCED_BY:486c2be4210b43dc,EVIDENCED_BY,supported by chunk,regolith.pdf p.7 page_text chunk_73c87c0131a065ed,1.0,regolith.pdf p.7 page_text chunk_73c87c0131a065ed,,,
Method:laser_diffraction,Paper:regolith,REPORTED_IN:44920164bf8c1f40,REPORTED_IN,reported in this paper,regolith.pdf p.3 page_text chunk_99780812c420d780,1.0,regolith.pdf p.3 page_text chunk_99780812c420d780,,,
Method:laser_diffraction,Dataset:laser_diffraction_data,USES:3783d608e95a93ae,USES,Laser diffraction measurement produces the particle size data used in the histograms.,laser diffraction data,0.75,regolith.pdf p.7 page_text chunk_73c87c0131a065ed,chunk_73c87c0131a065ed,7,regolith.pdf
Method:laser_diffraction,Chunk:chunk_99780812c420d780,EVIDENCED_BY:1e4f96a1af0ecec9,EVIDENCED_BY,supported by chunk,regolith.pdf p.3 page_text chunk_99780812c420d780,1.0,regolith.pdf p.3 page_text chunk_99780812c420d780,,,
Method:laser_diffraction,Variable:particle_size_distribution,MEASURES:bd71a5c3f825c072,MEASURES,Laser diffraction was used to determine particle size distribution after sieving.,particle size distri- bution after sieving determined with laser diffraction,0.86,regolith.pdf p.3 page_text chunk_99780812c420d780,chunk_99780812c420d780,3,regolith.pdf
Method:ct_imaging,Chunk:chunk_73c87c0131a065ed,EVIDENCED_BY:24b57e9b56fea252,EVIDENCED_BY,supported by chunk,regolith.pdf p.7 page_text chunk_73c87c0131a065ed,1.0,regolith.pdf p.7 page_text chunk_73c87c0131a065ed,,,
Method:ct_imaging,Paper:regolith,REPORTED_IN:c16f2990801ff3d8,REPORTED_IN,reported in this paper,regolith.pdf p.13 page_text chunk_e99dbc4d11e11bdf,1.0,regolith.pdf p.13 page_text chunk_e99dbc4d11e11bdf,,,
Method:ct_imaging,Dataset:ct_image_data,USES:b5c1015677d5c370,USES,CT imaging provides CT image data used to compute particle sizes.,CT image data,0.7,regolith.pdf p.7 page_text chunk_73c87c0131a065ed,chunk_73c87c0131a065ed,7,regolith.pdf
Method:ct_imaging,Chunk:chunk_e99dbc4d11e11bdf,EVIDENCED_BY:d0957de6d1e8d305,EVIDENCED_BY,supported by chunk,regolith.pdf p.13 page_text chunk_e99dbc4d11e11bdf,1.0,regolith.pdf p.13 page_text chunk_e99dbc4d11e11bdf,,,
Method:ct_imaging,Concept:particle_descriptors,USES:afc405ec32cf52a6,USES,CT imaging is used to enable analysis of morphological and textural particle descriptors.,methodology needed for understanding key aspects of regolith by CT imaging and subsequent statistical analysis of certain morphological and textural particle descriptors,0.84,regolith.pdf p.13 page_text chunk_e99dbc4d11e11bdf,chunk_e99dbc4d11e11bdf,13,regolith.pdf
Method:ct_imaging,Variable:particle_size,MEASURES:9d9fea7175bda3a3,MEASURES,The approach analyzes simulant samples with respect to particle size.,"we analyzed seven samples ... with respect to their size, shape and texture",0.75,regolith.pdf p.13 page_text chunk_e99dbc4d11e11bdf,chunk_e99dbc4d11e11bdf,13,regolith.pdf
Method:ct_imaging,Variable:particle_shape,MEASURES:0376cd17ee634ab3,MEASURES,The approach analyzes simulant samples with respect to particle shape.,"we analyzed seven samples ... with respect to their size, shape and texture",0.75,regolith.pdf p.13 page_text chunk_e99dbc4d11e11bdf,chunk_e99dbc4d11e11bdf,13,regolith.pdf
Method:ct_imaging,Concept:texture,MEASURES:fe9b3ca506c8176f,MEASURES,The approach analyzes simulant samples with respect to texture.,"we analyzed seven samples ... with respect to their size, shape and texture",0.72,regolith.pdf p.13 page_text chunk_e99dbc4d11e11bdf,chunk_e99dbc4d11e11bdf,13,regolith.pdf
Dataset:laser_diffraction_data,Chunk:chunk_73c87c0131a065ed,EVIDENCED_BY:76e28f22d5ca2963,EVIDENCED_BY,supported by chunk,regolith.pdf p.7 page_text chunk_73c87c0131a065ed,1.0,regolith.pdf p.7 page_text chunk_73c87c0131a065ed,,,
Dataset:laser_diffraction_data,Paper:regolith,REPORTED_IN:49cfcc393f8c860d,REPORTED_IN,reported in this paper,regolith.pdf p.7 page_text chunk_73c87c0131a065ed,1.0,regolith.pdf p.7 page_text chunk_73c87c0131a065ed,,,
Dataset:ct_image_data,Chunk:chunk_73c87c0131a065ed,EVIDENCED_BY:5aa21aaaa0601ece,EVIDENCED_BY,supported by chunk,regolith.pdf p.7 page_text chunk_73c87c0131a065ed,1.0,regolith.pdf p.7 page_text chunk_73c87c0131a065ed,,,
Dataset:ct_image_data,Paper:regolith,REPORTED_IN:fe898d3392abf776,REPORTED_IN,reported in this paper,regolith.pdf p.7 page_text chunk_73c87c0131a065ed,1.0,regolith.pdf p.7 page_text chunk_73c87c0131a065ed,,,
Limitation:measurement_technique_diff_limitation,Chunk:chunk_73c87c0131a065ed,EVIDENCED_BY:a4d161e2d176d7d5,EVIDENCED_BY,supported by chunk,regolith.pdf p.7 page_text chunk_73c87c0131a065ed,1.0,regolith.pdf p.7 page_text chunk_73c87c0131a065ed,,,
Limitation:measurement_technique_diff_limitation,Paper:regolith,REPORTED_IN:8ab31aba662e86c7,REPORTED_IN,reported in this paper,regolith.pdf p.7 page_text chunk_73c87c0131a065ed,1.0,regolith.pdf p.7 page_text chunk_73c87c0131a065ed,,,
Limitation:measurement_technique_diff_limitation,Concept:particle_size_histograms_fig4,LIMITED_BY:94e3cbfa1a6a40e5,LIMITED_BY,Apparent differences between histograms may stem from differences between applied measurement techniques.,apparent differences between the histograms ... may stem from the differences between the applied measurement techniques,0.9,regolith.pdf p.7 page_text chunk_73c87c0131a065ed,chunk_73c87c0131a065ed,7,regolith.pdf
Limitation:measurement_technique_diff_limitation,Method:laser_diffraction,APPLIES_TO:ee6e62e8e08662ee,APPLIES_TO,The known comparison issue involves laser diffraction results.,comparing results obtained from laser diffraction with those of CT image data,0.85,regolith.pdf p.7 page_text chunk_73c87c0131a065ed,chunk_73c87c0131a065ed,7,regolith.pdf
Limitation:measurement_technique_diff_limitation,Method:ct_imaging,APPLIES_TO:b16b26c882b99a9e,APPLIES_TO,The known comparison issue involves CT image data.,with those of CT image data,0.8,regolith.pdf p.7 page_text chunk_73c87c0131a065ed,chunk_73c87c0131a065ed,7,regolith.pdf
Limitation:measurement_technique_diff_limitation,Person:erdogan_2007,EVIDENCED_BY:84cbf453ac99b294,EVIDENCED_BY,The issue when comparing laser diffraction with CT image data is cited to Erdogan et al. (2007).,"(Erdoğan et al., 2007)",0.7,regolith.pdf p.7 page_text chunk_73c87c0131a065ed,chunk_73c87c0131a065ed,7,regolith.pdf
Material:fines,Chunk:chunk_73c87c0131a065ed,EVIDENCED_BY:33a199e238b553d9,EVIDENCED_BY,supported by chunk,regolith.pdf p.7 page_text chunk_73c87c0131a065ed,1.0,regolith.pdf p.7 page_text chunk_73c87c0131a065ed,,,
Material:fines,Paper:regolith,REPORTED_IN:bf7e7158f4aa540f,REPORTED_IN,reported in this paper,regolith.pdf p.7 page_text chunk_73c87c0131a065ed,1.0,regolith.pdf p.7 page_text chunk_73c87c0131a065ed,,,
Material:fines,Dataset:laser_diffraction_data,MENTIONS:18b0373c570d9277,MENTIONS,Fines are stated as present in laser diffraction data.,fines which are present in the laser diffraction data,0.8,regolith.pdf p.7 page_text chunk_73c87c0131a065ed,chunk_73c87c0131a065ed,7,regolith.pdf
Material:fines,Dataset:ct_image_data,CONTRADICTS:3ed80c47b1bc0441,CONTRADICTS,Fines present in laser diffraction data are stated as not present in the samples used for CT imaging.,but not in the samples used for CT imaging,0.75,regolith.pdf p.7 page_text chunk_73c87c0131a065ed,chunk_73c87c0131a065ed,7,regolith.pdf
Limitation:sample_vs_bulk_limitation,Chunk:chunk_73c87c0131a065ed,EVIDENCED_BY:2a49f8cf13e74eb6,EVIDENCED_BY,supported by chunk,regolith.pdf p.7 page_text chunk_73c87c0131a065ed,1.0,regolith.pdf p.7 page_text chunk_73c87c0131a065ed,,,
Limitation:sample_vs_bulk_limitation,Paper:regolith,REPORTED_IN:0af60f88d1606333,REPORTED_IN,reported in this paper,regolith.pdf p.7 page_text chunk_73c87c0131a065ed,1.0,regolith.pdf p.7 page_text chunk_73c87c0131a065ed,,,
Limitation:sample_vs_bulk_limitation,Material:regolith_simulants,APPLIES_TO:df95cb45355f50b4,APPLIES_TO,The limitation concerns differences between measured samples and original bulk material for simulants.,measured samples and the original bulk material differ,0.75,regolith.pdf p.7 page_text chunk_73c87c0131a065ed,chunk_73c87c0131a065ed,7,regolith.pdf
Limitation:sample_vs_bulk_limitation,Concept:particle_size_histograms_fig4,INFLUENCES:4eadaebfe1f64ad6,INFLUENCES,Differences between measured samples and bulk material can affect particle size distributions underlying histogram comparisons.,differ obviously with respect to the particle size distribution,0.7,regolith.pdf p.7 page_text chunk_73c87c0131a065ed,chunk_73c87c0131a065ed,7,regolith.pdf
Descriptor:size_descriptors,Chunk:chunk_73c87c0131a065ed,EVIDENCED_BY:290e793a2f0cd308,EVIDENCED_BY,supported by chunk,regolith.pdf p.7 page_text chunk_73c87c0131a065ed,1.0,regolith.pdf p.7 page_text chunk_73c87c0131a065ed,,,
Descriptor:size_descriptors,Paper:regolith,REPORTED_IN:9a3b5a03999bf895,REPORTED_IN,reported in this paper,regolith.pdf p.7 page_text chunk_73c87c0131a065ed,1.0,regolith.pdf p.7 page_text chunk_73c87c0131a065ed,,,
Descriptor:shape_descriptors,Chunk:chunk_73c87c0131a065ed,EVIDENCED_BY:72724769cd271ce2,EVIDENCED_BY,supported by chunk,regolith.pdf p.7 page_text chunk_73c87c0131a065ed,1.0,regolith.pdf p.7 page_text chunk_73c87c0131a065ed,,,
Descriptor:shape_descriptors,Paper:regolith,REPORTED_IN:c261b19a9062e51c,REPORTED_IN,reported in this paper,regolith.pdf p.7 page_text chunk_73c87c0131a065ed,1.0,regolith.pdf p.7 page_text chunk_73c87c0131a065ed,,,
Descriptor:textural_descriptors,Chunk:chunk_73c87c0131a065ed,EVIDENCED_BY:3a652312d9fca8ae,EVIDENCED_BY,supported by chunk,regolith.pdf p.7 page_text chunk_73c87c0131a065ed,1.0,regolith.pdf p.7 page_text chunk_73c87c0131a065ed,,,
Descriptor:textural_descriptors,Paper:regolith,REPORTED_IN:91802546078a15f9,REPORTED_IN,reported in this paper,regolith.pdf p.7 page_text chunk_73c87c0131a065ed,1.0,regolith.pdf p.7 page_text chunk_73c87c0131a065ed,,,
Dataset:table3_mean_values,Chunk:chunk_73c87c0131a065ed,EVIDENCED_BY:f8357c0b63958eeb,EVIDENCED_BY,supported by chunk,regolith.pdf p.7 page_text chunk_73c87c0131a065ed,1.0,regolith.pdf p.7 page_text chunk_73c87c0131a065ed,,,
Dataset:table3_mean_values,Paper:regolith,REPORTED_IN:b7341ea5d25224eb,REPORTED_IN,reported in this paper,regolith.pdf p.7 page_text chunk_73c87c0131a065ed,1.0,regolith.pdf p.7 page_text chunk_73c87c0131a065ed,,,
Dataset:table3_mean_values,Descriptor:size_descriptors,MENTIONS:3a0a053d97677c8e,MENTIONS,Table 3 provides mean values for descriptors including those visualized for size.,Table 3 ... mean values ... for all descriptors and simulants,0.65,regolith.pdf p.7 page_text chunk_73c87c0131a065ed,chunk_73c87c0131a065ed,7,regolith.pdf
Dataset:table3_mean_values,Descriptor:shape_descriptors,MENTIONS:0a63d8c5f8c369a8,MENTIONS,Table 3 provides mean values for descriptors including those visualized for shape.,mean values ... for all descriptors and simulants,0.65,regolith.pdf p.7 page_text chunk_73c87c0131a065ed,chunk_73c87c0131a065ed,7,regolith.pdf
Dataset:table3_mean_values,Descriptor:textural_descriptors,MENTIONS:50f3489036466624,MENTIONS,Table 3 provides mean values for descriptors including those visualized for texture.,corresponding probability densities of textural descriptors are shown in Figure 6,0.6,regolith.pdf p.7 page_text chunk_73c87c0131a065ed,chunk_73c87c0131a065ed,7,regolith.pdf
Application:applications_focus,Chunk:chunk_73c87c0131a065ed,EVIDENCED_BY:659b27f9f98d2657,EVIDENCED_BY,supported by chunk,regolith.pdf p.7 page_text chunk_73c87c0131a065ed,1.0,regolith.pdf p.7 page_text chunk_73c87c0131a065ed,,,
Application:applications_focus,Paper:regolith,REPORTED_IN:c35e533cf436f74b,REPORTED_IN,reported in this paper,regolith.pdf p.7 page_text chunk_73c87c0131a065ed,1.0,regolith.pdf p.7 page_text chunk_73c87c0131a065ed,,,
Application:applications_focus,Material:regolith_simulants,APPLIES_TO:92b53cb9b1545797,APPLIES_TO,The application focus refers to how manufacturers specify regolith simulants.,manufacturers specify regolith simulants with focus on different applications,0.7,regolith.pdf p.7 page_text chunk_73c87c0131a065ed,chunk_73c87c0131a065ed,7,regolith.pdf
Variable:x1,Chunk:chunk_73c87c0131a065ed,EVIDENCED_BY:541acf5e4ea031c3,EVIDENCED_BY,supported by chunk,regolith.pdf p.7 page_text chunk_73c87c0131a065ed,1.0,regolith.pdf p.7 page_text chunk_73c87c0131a065ed,,,
Variable:x1,Paper:regolith,REPORTED_IN:302cd7cfef4fffb9,REPORTED_IN,reported in this paper,regolith.pdf p.7 page_text chunk_5647a24ba128bfa1,1.0,regolith.pdf p.7 page_text chunk_5647a24ba128bfa1,,,
Variable:x1,Chunk:chunk_5647a24ba128bfa1,EVIDENCED_BY:d3b0352e6b9b6287,EVIDENCED_BY,supported by chunk,regolith.pdf p.7 page_text chunk_5647a24ba128bfa1,1.0,regolith.pdf p.7 page_text chunk_5647a24ba128bfa1,,,
Variable:x2,Chunk:chunk_73c87c0131a065ed,EVIDENCED_BY:d4bc24c3c98b06c0,EVIDENCED_BY,supported by chunk,regolith.pdf p.7 page_text chunk_73c87c0131a065ed,1.0,regolith.pdf p.7 page_text chunk_73c87c0131a065ed,,,
Variable:x2,Paper:regolith,REPORTED_IN:c090d936dfdcc08a,REPORTED_IN,reported in this paper,regolith.pdf p.7 page_text chunk_5647a24ba128bfa1,1.0,regolith.pdf p.7 page_text chunk_5647a24ba128bfa1,,,
Variable:x2,Chunk:chunk_5647a24ba128bfa1,EVIDENCED_BY:02df336dba86ff8d,EVIDENCED_BY,supported by chunk,regolith.pdf p.7 page_text chunk_5647a24ba128bfa1,1.0,regolith.pdf p.7 page_text chunk_5647a24ba128bfa1,,,
Variable:x3,Chunk:chunk_73c87c0131a065ed,EVIDENCED_BY:79de020c3b038bdc,EVIDENCED_BY,supported by chunk,regolith.pdf p.7 page_text chunk_73c87c0131a065ed,1.0,regolith.pdf p.7 page_text chunk_73c87c0131a065ed,,,
Variable:x3,Paper:regolith,REPORTED_IN:7ea51b64cddddbc2,REPORTED_IN,reported in this paper,regolith.pdf p.7 page_text chunk_5647a24ba128bfa1,1.0,regolith.pdf p.7 page_text chunk_5647a24ba128bfa1,,,
Variable:x3,Chunk:chunk_5647a24ba128bfa1,EVIDENCED_BY:c2efa23cdf46c34e,EVIDENCED_BY,supported by chunk,regolith.pdf p.7 page_text chunk_5647a24ba128bfa1,1.0,regolith.pdf p.7 page_text chunk_5647a24ba128bfa1,,,
Variable:copula_density_c,Chunk:chunk_73c87c0131a065ed,EVIDENCED_BY:afba80ee55ed126d,EVIDENCED_BY,supported by chunk,regolith.pdf p.7 page_text chunk_73c87c0131a065ed,1.0,regolith.pdf p.7 page_text chunk_73c87c0131a065ed,,,
Variable:copula_density_c,Paper:regolith,REPORTED_IN:08f913038deb722b,REPORTED_IN,reported in this paper,regolith.pdf p.7 page_text chunk_73c87c0131a065ed,1.0,regolith.pdf p.7 page_text chunk_73c87c0131a065ed,,,
Variable:joint_density_f_r3,Chunk:chunk_73c87c0131a065ed,EVIDENCED_BY:92351a1aa8e1278e,EVIDENCED_BY,supported by chunk,regolith.pdf p.7 page_text chunk_73c87c0131a065ed,1.0,regolith.pdf p.7 page_text chunk_73c87c0131a065ed,,,
Variable:joint_density_f_r3,Paper:regolith,REPORTED_IN:4fbd53a33a3931d2,REPORTED_IN,reported in this paper,regolith.pdf p.7 page_text chunk_73c87c0131a065ed,1.0,regolith.pdf p.7 page_text chunk_73c87c0131a065ed,,,
Variable:joint_density_f_r3,Variable:random_vector_x,MEASURES:05887bc62f0dbf8b,MEASURES,"The joint density f is of the three-dimensional random vector X=(X1,X2,X3).","the three-dimensional random vector X=(X ,X ,X )",0.85,regolith.pdf p.7 page_text chunk_73c87c0131a065ed,chunk_73c87c0131a065ed,7,regolith.pdf
Concept:assumption_c_independent_of_x2,Chunk:chunk_73c87c0131a065ed,EVIDENCED_BY:be0d51e130a158f7,EVIDENCED_BY,supported by chunk,regolith.pdf p.7 page_text chunk_73c87c0131a065ed,1.0,regolith.pdf p.7 page_text chunk_73c87c0131a065ed,,,
Concept:assumption_c_independent_of_x2,Paper:regolith,REPORTED_IN:931bf0b795c432d7,REPORTED_IN,reported in this paper,regolith.pdf p.7 page_text chunk_73c87c0131a065ed,1.0,regolith.pdf p.7 page_text chunk_73c87c0131a065ed,,,
Concept:assumption_c_independent_of_x2,Variable:copula_density_c,HAS_PROPERTY:dd7df18e603bdbc2,HAS_PROPERTY,The copula density is assumed not to depend on the specific value of X2.,the copula density c does not depend on the specific value of X,0.85,regolith.pdf p.7 page_text chunk_73c87c0131a065ed,chunk_73c87c0131a065ed,7,regolith.pdf
Concept:assumption_c_independent_of_x2,Variable:x2,MENTIONS:32c40ba0ca24fe99,MENTIONS,The simplifying assumption explicitly refers to the value of X2.,does not depend on the specific value of X,0.7,regolith.pdf p.7 page_text chunk_73c87c0131a065ed,chunk_73c87c0131a065ed,7,regolith.pdf
Concept:assumption_c_independent_of_x2,Person:haff_2010,EVIDENCED_BY:0e27727de49de735,EVIDENCED_BY,The simplifying assumption about copula density independence from X2 is cited to Haff et al. (2010).,"see (Haff et al., 2010)",0.7,regolith.pdf p.7 page_text chunk_73c87c0131a065ed,chunk_73c87c0131a065ed,7,regolith.pdf
Equation:eq_conditional_cdf_x1_given_x2,Chunk:chunk_73c87c0131a065ed,EVIDENCED_BY:02d1286201ca2181,EVIDENCED_BY,supported by chunk,regolith.pdf p.7 page_text chunk_73c87c0131a065ed,1.0,regolith.pdf p.7 page_text chunk_73c87c0131a065ed,,,
Equation:eq_conditional_cdf_x1_given_x2,Paper:regolith,REPORTED_IN:dfe580015959b7d6,REPORTED_IN,reported in this paper,regolith.pdf p.7 page_text chunk_73c87c0131a065ed,1.0,regolith.pdf p.7 page_text chunk_73c87c0131a065ed,,,
Equation:eq_conditional_cdf_x1_given_x2,Variable:x1,MEASURES:7f95deb4bc9ec85c,MEASURES,The equation defines a conditional distribution function for X1 given X2=x2.,"F (x )=∫ x1 f 1,2 (x,x 2 ) dx",0.8,regolith.pdf p.7 page_text chunk_73c87c0131a065ed,chunk_73c87c0131a065ed,7,regolith.pdf
Equation:eq_conditional_cdf_x1_given_x2,Variable:x2,USES:526980fe78eb64ad,USES,The conditional CDF for X1 is defined given X2=x2.,F (x )=∫ x1 ... given that X =x,0.75,regolith.pdf p.7 page_text chunk_73c87c0131a065ed,chunk_73c87c0131a065ed,7,regolith.pdf
Equation:eq_conditional_cdf_x1_given_x2,Variable:copula_density_c,DERIVED_FROM:18b8413a488ce099,DERIVED_FROM,The conditional CDF for X1 is expressed using the copula density c and marginal distributions.,"c (F (x),F (x ))f (x)dx",0.8,regolith.pdf p.7 page_text chunk_73c87c0131a065ed,chunk_73c87c0131a065ed,7,regolith.pdf
Equation:eq_conditional_cdf_x1_given_x2,Document:doc_p7_chunk73c87c,REPORTED_IN:ab47234633b13a4d,REPORTED_IN,The conditional CDF formula for X1 given X2=x2 is presented in this chunk.,"F (x )=∫ x1 f 1,2 (x,x 2 ) dx",0.9,regolith.pdf p.7 page_text chunk_73c87c0131a065ed,chunk_73c87c0131a065ed,7,regolith.pdf
Equation:eq_conditional_cdf_x3_given_x2,Chunk:chunk_73c87c0131a065ed,EVIDENCED_BY:d638366a8bdb4821,EVIDENCED_BY,supported by chunk,regolith.pdf p.7 page_text chunk_73c87c0131a065ed,1.0,regolith.pdf p.7 page_text chunk_73c87c0131a065ed,,,
Equation:eq_conditional_cdf_x3_given_x2,Paper:regolith,REPORTED_IN:296b2d31cfde22f3,REPORTED_IN,reported in this paper,regolith.pdf p.7 page_text chunk_73c87c0131a065ed,1.0,regolith.pdf p.7 page_text chunk_73c87c0131a065ed,,,
Equation:eq_conditional_cdf_x3_given_x2,Variable:x3,MEASURES:28d7061486c06a57,MEASURES,The equation defines a conditional distribution function for X3 given X2=x2.,"F (x )=∫ x3 f (x ,x)",0.75,regolith.pdf p.7 page_text chunk_73c87c0131a065ed,chunk_73c87c0131a065ed,7,regolith.pdf
Equation:eq_conditional_cdf_x3_given_x2,Variable:x2,USES:61bb350b94e48224,USES,The conditional CDF for X3 is defined given X2=x2.,F (x )=∫ x3 ... / f (x ),0.7,regolith.pdf p.7 page_text chunk_73c87c0131a065ed,chunk_73c87c0131a065ed,7,regolith.pdf
Equation:eq_conditional_cdf_x3_given_x2,Variable:copula_density_c,DERIVED_FROM:0f561094479327c0,DERIVED_FROM,The conditional CDF for X3 is expressed using the copula density c and marginal distributions.,"c (F (x ),F (x))f (x)dx",0.8,regolith.pdf p.7 page_text chunk_73c87c0131a065ed,chunk_73c87c0131a065ed,7,regolith.pdf
Equation:eq_conditional_cdf_x3_given_x2,Document:doc_p7_chunk73c87c,REPORTED_IN:f06a9b02919c2af9,REPORTED_IN,The conditional CDF formula for X3 given X2=x2 is presented in this chunk.,"and, analogously,",0.7,regolith.pdf p.7 page_text chunk_73c87c0131a065ed,chunk_73c87c0131a065ed,7,regolith.pdf
Method:eq8_joint_density_approach,Chunk:chunk_73c87c0131a065ed,EVIDENCED_BY:8d0625da374e7915,EVIDENCED_BY,supported by chunk,regolith.pdf p.7 page_text chunk_73c87c0131a065ed,1.0,regolith.pdf p.7 page_text chunk_73c87c0131a065ed,,,
Method:eq8_joint_density_approach,Paper:regolith,REPORTED_IN:f95b0494a30f5fad,REPORTED_IN,reported in this paper,regolith.pdf p.7 page_text chunk_73c87c0131a065ed,1.0,regolith.pdf p.7 page_text chunk_73c87c0131a065ed,,,
Method:eq8_joint_density_approach,Variable:joint_density_f_r3,MEASURES:d735a724abb86045,MEASURES,"Equation (8) is stated to yield an approach for computing the joint probability density f:R3→[0,∞).","Equation (8) yields a suitable approach for computing the joint probability density f:R3 → [0,∞)",0.85,regolith.pdf p.7 page_text chunk_73c87c0131a065ed,chunk_73c87c0131a065ed,7,regolith.pdf
Finding:finding_mean_values_differ,Chunk:chunk_73c87c0131a065ed,EVIDENCED_BY:08e86ca141136a86,EVIDENCED_BY,supported by chunk,regolith.pdf p.7 page_text chunk_73c87c0131a065ed,1.0,regolith.pdf p.7 page_text chunk_73c87c0131a065ed,,,
Finding:finding_mean_values_differ,Paper:regolith,REPORTED_IN:e02c3fa90729cf18,REPORTED_IN,reported in this paper,regolith.pdf p.7 page_text chunk_73c87c0131a065ed,1.0,regolith.pdf p.7 page_text chunk_73c87c0131a065ed,,,
Finding:finding_mean_values_differ,Dataset:table3_mean_values,EVIDENCED_BY:3c3855d3f5fce7ce,EVIDENCED_BY,The finding about differences across simulants is supported by Table 3's summarized mean values.,the mean values in the respective rows of Table 3 are quite different from each other,0.8,regolith.pdf p.7 page_text chunk_73c87c0131a065ed,chunk_73c87c0131a065ed,7,regolith.pdf
Finding:finding_mean_values_differ,Application:applications_focus,SUPPORTS:591aab250ccf1a97,SUPPORTS,Different application focus and compositions are stated as a reason it is not surprising that mean values differ.,"manufacturers specify regolith simulants with focus on different applications and, thus different compositions",0.75,regolith.pdf p.7 page_text chunk_73c87c0131a065ed,chunk_73c87c0131a065ed,7,regolith.pdf
Person:erdogan_2007,Chunk:chunk_73c87c0131a065ed,EVIDENCED_BY:3874d9d3c010229e,EVIDENCED_BY,supported by chunk,regolith.pdf p.7 page_text chunk_73c87c0131a065ed,1.0,regolith.pdf p.7 page_text chunk_73c87c0131a065ed,,,
Person:erdogan_2007,Paper:regolith,REPORTED_IN:493633bd6784ee75,REPORTED_IN,reported in this paper,regolith.pdf p.7 page_text chunk_73c87c0131a065ed,1.0,regolith.pdf p.7 page_text chunk_73c87c0131a065ed,,,
Person:haff_2010,Chunk:chunk_73c87c0131a065ed,EVIDENCED_BY:676f5c954a4acff8,EVIDENCED_BY,supported by chunk,regolith.pdf p.7 page_text chunk_73c87c0131a065ed,1.0,regolith.pdf p.7 page_text chunk_73c87c0131a065ed,,,
Person:haff_2010,Paper:regolith,REPORTED_IN:4825fe46aaa4d5bd,REPORTED_IN,reported in this paper,regolith.pdf p.7 page_text chunk_73c87c0131a065ed,1.0,regolith.pdf p.7 page_text chunk_73c87c0131a065ed,,,
Chunk:chunk_44889c813b9be835,Paper:regolith,PART_OF:chunk_44889c813b9be835,PART_OF,chunk belongs to paper,regolith.pdf p.2 page_text chunk_44889c813b9be835,1.0,regolith.pdf p.2 page_text chunk_44889c813b9be835,,,
Document:doc_chunk,Chunk:chunk_44889c813b9be835,EVIDENCED_BY:fd7d96042b30a13f,EVIDENCED_BY,supported by chunk,regolith.pdf p.2 page_text chunk_44889c813b9be835,1.0,regolith.pdf p.2 page_text chunk_44889c813b9be835,,,
Document:doc_chunk,Paper:regolith,REPORTED_IN:4213a392b6e11899,REPORTED_IN,reported in this paper,regolith.pdf p.2 page_text chunk_44889c813b9be835,1.0,regolith.pdf p.2 page_text chunk_44889c813b9be835,,,
Document:doc_chunk,Method:multivariate_stat_analysis,MENTIONS:4d18a7fd5e8d3042,MENTIONS,The document chunk states that multivariate statistical analysis is used in the present paper.,"In the present paper, multivariate statistical analysis",0.95,regolith.pdf p.2 page_text chunk_44889c813b9be835,chunk_44889c813b9be835,2,regolith.pdf
Document:doc_chunk,Method:parametric_models,MENTIONS:492bbc2a3b9b8b36,MENTIONS,The document chunk states that parametric models are used in the present paper.,and parametric models,0.95,regolith.pdf p.2 page_text chunk_44889c813b9be835,chunk_44889c813b9be835,2,regolith.pdf
Material:lunar_regolith,Chunk:chunk_44889c813b9be835,EVIDENCED_BY:c022e08e1e8e9dd4,EVIDENCED_BY,supported by chunk,regolith.pdf p.2 page_text chunk_44889c813b9be835,1.0,regolith.pdf p.2 page_text chunk_44889c813b9be835,,,
Material:lunar_regolith,Paper:regolith,REPORTED_IN:625177ec66215167,REPORTED_IN,reported in this paper,regolith.pdf p.13 page_text chunk_384212dd00619739,1.0,regolith.pdf p.13 page_text chunk_384212dd00619739,,,
Material:lunar_regolith,Limitation:limited_shape_analysis_past,LIMITED_BY:7f84e455069cef71,LIMITED_BY,The chunk states that lunar regolith particle shapes have only been analyzed for very few particles in past work.,the shapes of lunar regolith particles have only been analyzed for single ... or a small number of particles,0.85,regolith.pdf p.2 page_text chunk_44889c813b9be835,chunk_44889c813b9be835,2,regolith.pdf
Material:lunar_regolith,Chunk:chunk_e99dbc4d11e11bdf,EVIDENCED_BY:da7126f240e6567f,EVIDENCED_BY,supported by chunk,regolith.pdf p.13 page_text chunk_e99dbc4d11e11bdf,1.0,regolith.pdf p.13 page_text chunk_e99dbc4d11e11bdf,,,
Material:lunar_regolith,Chunk:chunk_2ca960600a9df8b8,EVIDENCED_BY:ec00d64e95a692bf,EVIDENCED_BY,supported by chunk,regolith.pdf p.10 page_text chunk_2ca960600a9df8b8,1.0,regolith.pdf p.10 page_text chunk_2ca960600a9df8b8,,,
Material:lunar_regolith,Chunk:chunk_384212dd00619739,EVIDENCED_BY:83b2ef5785057118,EVIDENCED_BY,supported by chunk,regolith.pdf p.13 page_text chunk_384212dd00619739,1.0,regolith.pdf p.13 page_text chunk_384212dd00619739,,,
Variable:mech_properties,Chunk:chunk_44889c813b9be835,EVIDENCED_BY:d2254815312a0f0b,EVIDENCED_BY,supported by chunk,regolith.pdf p.2 page_text chunk_44889c813b9be835,1.0,regolith.pdf p.2 page_text chunk_44889c813b9be835,,,
Variable:mech_properties,Paper:regolith,REPORTED_IN:691e3c29ee8a76b5,REPORTED_IN,reported in this paper,regolith.pdf p.2 page_text chunk_44889c813b9be835,1.0,regolith.pdf p.2 page_text chunk_44889c813b9be835,,,
Variable:mineralogical_properties,Chunk:chunk_44889c813b9be835,EVIDENCED_BY:968ea6fc84482e2e,EVIDENCED_BY,supported by chunk,regolith.pdf p.2 page_text chunk_44889c813b9be835,1.0,regolith.pdf p.2 page_text chunk_44889c813b9be835,,,
Variable:mineralogical_properties,Paper:regolith,REPORTED_IN:b11cc4917bd28e28,REPORTED_IN,reported in this paper,regolith.pdf p.2 page_text chunk_44889c813b9be835,1.0,regolith.pdf p.2 page_text chunk_44889c813b9be835,,,
Variable:mineralogical_properties,Variable:mech_properties,INFLUENCES:e72e6d65e0792f58,INFLUENCES,Mineralogical properties influence mechanical properties.,"mechanical properties, as these are not only influenced by mineralogical properties",0.85,regolith.pdf p.2 page_text chunk_44889c813b9be835,chunk_44889c813b9be835,2,regolith.pdf
Variable:particle_shape,Chunk:chunk_44889c813b9be835,EVIDENCED_BY:a26ecc7e5e942442,EVIDENCED_BY,supported by chunk,regolith.pdf p.2 page_text chunk_44889c813b9be835,1.0,regolith.pdf p.2 page_text chunk_44889c813b9be835,,,
Variable:particle_shape,Paper:regolith,REPORTED_IN:9be4cb2257c6dcf5,REPORTED_IN,reported in this paper,regolith.pdf p.13 page_text chunk_e99dbc4d11e11bdf,1.0,regolith.pdf p.13 page_text chunk_e99dbc4d11e11bdf,,,
Variable:particle_shape,Variable:mech_properties,INFLUENCES:412fbffd5a7451c2,INFLUENCES,Particle shape influences mechanical properties.,and shape of regolith particles,0.75,regolith.pdf p.2 page_text chunk_44889c813b9be835,chunk_44889c813b9be835,2,regolith.pdf
Variable:particle_shape,Chunk:chunk_e99dbc4d11e11bdf,EVIDENCED_BY:b5f5409d508ce88e,EVIDENCED_BY,supported by chunk,regolith.pdf p.13 page_text chunk_e99dbc4d11e11bdf,1.0,regolith.pdf p.13 page_text chunk_e99dbc4d11e11bdf,,,
Limitation:simulant_representativeness_unclear,Chunk:chunk_44889c813b9be835,EVIDENCED_BY:4ae7b1cf145d58d6,EVIDENCED_BY,supported by chunk,regolith.pdf p.2 page_text chunk_44889c813b9be835,1.0,regolith.pdf p.2 page_text chunk_44889c813b9be835,,,
Limitation:simulant_representativeness_unclear,Paper:regolith,REPORTED_IN:5ebe06e83f8fb976,REPORTED_IN,reported in this paper,regolith.pdf p.2 page_text chunk_44889c813b9be835,1.0,regolith.pdf p.2 page_text chunk_44889c813b9be835,,,
Limitation:predict_behavior_limitation,Chunk:chunk_44889c813b9be835,EVIDENCED_BY:b3ded854a99db0cf,EVIDENCED_BY,supported by chunk,regolith.pdf p.2 page_text chunk_44889c813b9be835,1.0,regolith.pdf p.2 page_text chunk_44889c813b9be835,,,
Limitation:predict_behavior_limitation,Paper:regolith,REPORTED_IN:5a31be88bf5bdcf8,REPORTED_IN,reported in this paper,regolith.pdf p.2 page_text chunk_44889c813b9be835,1.0,regolith.pdf p.2 page_text chunk_44889c813b9be835,,,
Limitation:limited_shape_analysis_past,Chunk:chunk_44889c813b9be835,EVIDENCED_BY:cb52ac4ab5d04969,EVIDENCED_BY,supported by chunk,regolith.pdf p.2 page_text chunk_44889c813b9be835,1.0,regolith.pdf p.2 page_text chunk_44889c813b9be835,,,
Limitation:limited_shape_analysis_past,Paper:regolith,REPORTED_IN:c6950b7c69317e2b,REPORTED_IN,reported in this paper,regolith.pdf p.2 page_text chunk_44889c813b9be835,1.0,regolith.pdf p.2 page_text chunk_44889c813b9be835,,,
Method:stochastic_3d_modeling,Chunk:chunk_44889c813b9be835,EVIDENCED_BY:c76c4ff01107acf5,EVIDENCED_BY,supported by chunk,regolith.pdf p.2 page_text chunk_44889c813b9be835,1.0,regolith.pdf p.2 page_text chunk_44889c813b9be835,,,
Method:stochastic_3d_modeling,Paper:regolith,REPORTED_IN:70d8d30ab869944f,REPORTED_IN,reported in this paper,regolith.pdf p.2 page_text chunk_44889c813b9be835,1.0,regolith.pdf p.2 page_text chunk_44889c813b9be835,,,
Method:stochastic_3d_modeling,Variable:particle_shape,APPLIES_TO:73ab976d22b79e48,APPLIES_TO,Stochastic 3D modeling is applied to the shape of lunar regolith particles.,stochastic 3D modeling of the shape,0.8,regolith.pdf p.2 page_text chunk_44889c813b9be835,chunk_44889c813b9be835,2,regolith.pdf
Method:stochastic_3d_modeling,Variable:mineralogical_composition,APPLIES_TO:493de9021e298412,APPLIES_TO,Stochastic 3D modeling is applied to mineralogical composition of lunar regolith particles.,and mineralogical composition of lunar regolith particles,0.8,regolith.pdf p.2 page_text chunk_44889c813b9be835,chunk_44889c813b9be835,2,regolith.pdf
Method:stochastic_3d_model,Chunk:chunk_44889c813b9be835,EVIDENCED_BY:86d5d95b4153a16f,EVIDENCED_BY,supported by chunk,regolith.pdf p.2 page_text chunk_44889c813b9be835,1.0,regolith.pdf p.2 page_text chunk_44889c813b9be835,,,
Method:stochastic_3d_model,Paper:regolith,REPORTED_IN:66bf26361dfce19a,REPORTED_IN,reported in this paper,regolith.pdf p.2 page_text chunk_44889c813b9be835,1.0,regolith.pdf p.2 page_text chunk_44889c813b9be835,,,
Method:stochastic_3d_model,Application:virtual_materials_testing,SUPPORTS:9ef7964f6de0855c,SUPPORTS,Stochastic 3D models can generate virtual realistic particles for virtual materials testing.,stochastic 3D models from which ... realistic regolith particles can be generated for the purpose of virtual materials testing,0.85,regolith.pdf p.2 page_text chunk_44889c813b9be835,chunk_44889c813b9be835,2,regolith.pdf
Concept:digital_twin,Chunk:chunk_44889c813b9be835,EVIDENCED_BY:6362d2ac64ac4e85,EVIDENCED_BY,supported by chunk,regolith.pdf p.2 page_text chunk_44889c813b9be835,1.0,regolith.pdf p.2 page_text chunk_44889c813b9be835,,,
Concept:digital_twin,Paper:regolith,REPORTED_IN:53e5090745d1b80a,REPORTED_IN,reported in this paper,regolith.pdf p.2 page_text chunk_44889c813b9be835,1.0,regolith.pdf p.2 page_text chunk_44889c813b9be835,,,
Concept:digital_twin,Method:stochastic_3d_modeling,DERIVED_FROM:8191c8c050321775,DERIVED_FROM,A digital twin can be obtained by stochastic 3D modeling.,Such a digital twin of lunar regolith can be obtained by stochastic 3D modeling,0.85,regolith.pdf p.2 page_text chunk_44889c813b9be835,chunk_44889c813b9be835,2,regolith.pdf
Method:numerical_simulations,Chunk:chunk_44889c813b9be835,EVIDENCED_BY:bba4d2004e00a0eb,EVIDENCED_BY,supported by chunk,regolith.pdf p.2 page_text chunk_44889c813b9be835,1.0,regolith.pdf p.2 page_text chunk_44889c813b9be835,,,
Method:numerical_simulations,Paper:regolith,REPORTED_IN:be6ef775f2eb1f7a,REPORTED_IN,reported in this paper,regolith.pdf p.2 page_text chunk_44889c813b9be835,1.0,regolith.pdf p.2 page_text chunk_44889c813b9be835,,,
Method:numerical_simulations,Concept:digital_twin,USES:ae6422f34001f25b,USES,Numerical simulations are proposed to be applied to a digital twin of lunar regolith morphology and composition.,numerical simulations applied to a digital twin of the 3D morphology and mineralogical composition,0.85,regolith.pdf p.2 page_text chunk_44889c813b9be835,chunk_44889c813b9be835,2,regolith.pdf
Application:virtual_materials_testing,Chunk:chunk_44889c813b9be835,EVIDENCED_BY:6877577284392cd3,EVIDENCED_BY,supported by chunk,regolith.pdf p.2 page_text chunk_44889c813b9be835,1.0,regolith.pdf p.2 page_text chunk_44889c813b9be835,,,
Application:virtual_materials_testing,Paper:regolith,REPORTED_IN:7d6018de3447a91e,REPORTED_IN,reported in this paper,regolith.pdf p.2 page_text chunk_44889c813b9be835,1.0,regolith.pdf p.2 page_text chunk_44889c813b9be835,,,
Method:precise_shape_matching,Chunk:chunk_44889c813b9be835,EVIDENCED_BY:42bdbe3f575df895,EVIDENCED_BY,supported by chunk,regolith.pdf p.2 page_text chunk_44889c813b9be835,1.0,regolith.pdf p.2 page_text chunk_44889c813b9be835,,,
Method:precise_shape_matching,Paper:regolith,REPORTED_IN:e0e89d0592b54fdd,REPORTED_IN,reported in this paper,regolith.pdf p.2 page_text chunk_44889c813b9be835,1.0,regolith.pdf p.2 page_text chunk_44889c813b9be835,,,
Method:precise_shape_matching,Limitation:overfitting_limitation,LIMITED_BY:583bc6102799646c,LIMITED_BY,Matching precise individual particle shapes is described as potential overfitting.,matching the precise shapes of individual particles could be considered overfitting,0.85,regolith.pdf p.2 page_text chunk_44889c813b9be835,chunk_44889c813b9be835,2,regolith.pdf
Limitation:overfitting_limitation,Chunk:chunk_44889c813b9be835,EVIDENCED_BY:cfa702880ef3ceb2,EVIDENCED_BY,supported by chunk,regolith.pdf p.2 page_text chunk_44889c813b9be835,1.0,regolith.pdf p.2 page_text chunk_44889c813b9be835,,,
Limitation:overfitting_limitation,Paper:regolith,REPORTED_IN:c502fd8d43c47620,REPORTED_IN,reported in this paper,regolith.pdf p.2 page_text chunk_44889c813b9be835,1.0,regolith.pdf p.2 page_text chunk_44889c813b9be835,,,
Descriptor:morph_descriptors,Chunk:chunk_44889c813b9be835,EVIDENCED_BY:ff1db95897e4a268,EVIDENCED_BY,supported by chunk,regolith.pdf p.2 page_text chunk_44889c813b9be835,1.0,regolith.pdf p.2 page_text chunk_44889c813b9be835,,,
Descriptor:morph_descriptors,Paper:regolith,REPORTED_IN:4f8afa3001537d45,REPORTED_IN,reported in this paper,regolith.pdf p.2 page_text chunk_44889c813b9be835,1.0,regolith.pdf p.2 page_text chunk_44889c813b9be835,,,
Concept:univariate_distributions,Chunk:chunk_44889c813b9be835,EVIDENCED_BY:b8a7f85011c3a144,EVIDENCED_BY,supported by chunk,regolith.pdf p.2 page_text chunk_44889c813b9be835,1.0,regolith.pdf p.2 page_text chunk_44889c813b9be835,,,
Concept:univariate_distributions,Paper:regolith,REPORTED_IN:90427514fad519b9,REPORTED_IN,reported in this paper,regolith.pdf p.2 page_text chunk_44889c813b9be835,1.0,regolith.pdf p.2 page_text chunk_44889c813b9be835,,,
Concept:multivariate_distributions,Chunk:chunk_44889c813b9be835,EVIDENCED_BY:c0212c0583c51e9b,EVIDENCED_BY,supported by chunk,regolith.pdf p.2 page_text chunk_44889c813b9be835,1.0,regolith.pdf p.2 page_text chunk_44889c813b9be835,,,
Concept:multivariate_distributions,Paper:regolith,REPORTED_IN:bd8ef8046f01983e,REPORTED_IN,reported in this paper,regolith.pdf p.2 page_text chunk_44889c813b9be835,1.0,regolith.pdf p.2 page_text chunk_44889c813b9be835,,,
Method:distribution_fitting,Chunk:chunk_44889c813b9be835,EVIDENCED_BY:a5deb4f010f38f03,EVIDENCED_BY,supported by chunk,regolith.pdf p.2 page_text chunk_44889c813b9be835,1.0,regolith.pdf p.2 page_text chunk_44889c813b9be835,,,
Method:distribution_fitting,Paper:regolith,REPORTED_IN:7e6d914ab6e80147,REPORTED_IN,reported in this paper,regolith.pdf p.2 page_text chunk_44889c813b9be835,1.0,regolith.pdf p.2 page_text chunk_44889c813b9be835,,,
Method:distribution_fitting,Descriptor:morph_descriptors,USES:eaf4fd5c5ed7b6e2,USES,Distribution fitting uses morphological particle descriptors.,fitting of univariate distributions of individual morphological particle descriptors,0.85,regolith.pdf p.2 page_text chunk_44889c813b9be835,chunk_44889c813b9be835,2,regolith.pdf
Method:distribution_fitting,Concept:multivariate_distributions,USES:5a82522425ae31b3,USES,Distribution fitting can use multivariate distributions for assessment.,"or, even better, multivariate distributions can be used",0.8,regolith.pdf p.2 page_text chunk_44889c813b9be835,chunk_44889c813b9be835,2,regolith.pdf
Method:distribution_fitting,Variable:model_performance,MEASURES:79216badd2ed0cc1,MEASURES,Fitting descriptor distributions is used to assess stochastic 3D model performance.,can be used for assessing the performance of a stochastic 3D model,0.85,regolith.pdf p.2 page_text chunk_44889c813b9be835,chunk_44889c813b9be835,2,regolith.pdf
Method:distribution_fitting,Method:stochastic_3d_model,VALIDATES:507a3e7ad8263676,VALIDATES,Descriptor-distribution fitting is presented as a way to assess/validate a stochastic 3D model.,used for assessing the performance of a stochastic 3D model,0.75,regolith.pdf p.2 page_text chunk_44889c813b9be835,chunk_44889c813b9be835,2,regolith.pdf
Variable:model_performance,Chunk:chunk_44889c813b9be835,EVIDENCED_BY:8cf6280a9a1a162b,EVIDENCED_BY,supported by chunk,regolith.pdf p.2 page_text chunk_44889c813b9be835,1.0,regolith.pdf p.2 page_text chunk_44889c813b9be835,,,
Variable:model_performance,Paper:regolith,REPORTED_IN:0bffd6d33772bfc2,REPORTED_IN,reported in this paper,regolith.pdf p.2 page_text chunk_44889c813b9be835,1.0,regolith.pdf p.2 page_text chunk_44889c813b9be835,,,
Method:multivariate_stat_analysis,Chunk:chunk_44889c813b9be835,EVIDENCED_BY:61fb9e30b5234bf0,EVIDENCED_BY,supported by chunk,regolith.pdf p.2 page_text chunk_44889c813b9be835,1.0,regolith.pdf p.2 page_text chunk_44889c813b9be835,,,
Method:multivariate_stat_analysis,Paper:regolith,REPORTED_IN:dcd461026741aac8,REPORTED_IN,reported in this paper,regolith.pdf p.2 page_text chunk_44889c813b9be835,1.0,regolith.pdf p.2 page_text chunk_44889c813b9be835,,,
Method:multivariate_stat_analysis,Finding:similarities_differences_understanding,SUPPORTS:05a5c86a5a21d23a,SUPPORTS,Multivariate statistical analysis is used to better understand similarities and differences of simulant particles.,multivariate statistical analysis ... are used to better understand similarities and differences of regolith simulant particles,0.85,regolith.pdf p.2 page_text chunk_44889c813b9be835,chunk_44889c813b9be835,2,regolith.pdf
Method:multivariate_stat_analysis,Dataset:micro_ct_data,USES:357d9d486328fb52,USES,The methods are applied to 3D X-ray micro-CT data.,We apply these methods to 3D X-ray micro-CT data,0.9,regolith.pdf p.2 page_text chunk_44889c813b9be835,chunk_44889c813b9be835,2,regolith.pdf
Method:parametric_models,Chunk:chunk_44889c813b9be835,EVIDENCED_BY:426223ea4be5fb80,EVIDENCED_BY,supported by chunk,regolith.pdf p.2 page_text chunk_44889c813b9be835,1.0,regolith.pdf p.2 page_text chunk_44889c813b9be835,,,
Method:parametric_models,Paper:regolith,REPORTED_IN:157a4a523ae51571,REPORTED_IN,reported in this paper,regolith.pdf p.2 page_text chunk_44889c813b9be835,1.0,regolith.pdf p.2 page_text chunk_44889c813b9be835,,,
Method:parametric_models,Concept:non_gaussian_multivar_dists,APPLIES_TO:727ce413a2e89480,APPLIES_TO,Parametric models are used for multivariate non-Gaussian probability distributions.,parametric models for multivariate non-Gaussian probability distributions,0.85,regolith.pdf p.2 page_text chunk_44889c813b9be835,chunk_44889c813b9be835,2,regolith.pdf
Concept:non_gaussian_multivar_dists,Chunk:chunk_44889c813b9be835,EVIDENCED_BY:e2a4f3e936812587,EVIDENCED_BY,supported by chunk,regolith.pdf p.2 page_text chunk_44889c813b9be835,1.0,regolith.pdf p.2 page_text chunk_44889c813b9be835,,,
Concept:non_gaussian_multivar_dists,Paper:regolith,REPORTED_IN:60049b1ceb82948d,REPORTED_IN,reported in this paper,regolith.pdf p.2 page_text chunk_44889c813b9be835,1.0,regolith.pdf p.2 page_text chunk_44889c813b9be835,,,
Concept:non_gaussian_multivar_dists,Variable:descriptor_vectors,DERIVED_FROM:004228b9f20447e7,DERIVED_FROM,The modeled distributions are distributions of descriptor vectors.,probability distributions of descriptor vectors,0.8,regolith.pdf p.2 page_text chunk_44889c813b9be835,chunk_44889c813b9be835,2,regolith.pdf
Variable:descriptor_vectors,Chunk:chunk_44889c813b9be835,EVIDENCED_BY:79ead15acb2eb00f,EVIDENCED_BY,supported by chunk,regolith.pdf p.2 page_text chunk_44889c813b9be835,1.0,regolith.pdf p.2 page_text chunk_44889c813b9be835,,,
Variable:descriptor_vectors,Paper:regolith,REPORTED_IN:a94342bd76c1fa9f,REPORTED_IN,reported in this paper,regolith.pdf p.2 page_text chunk_44889c813b9be835,1.0,regolith.pdf p.2 page_text chunk_44889c813b9be835,,,
Dataset:micro_ct_data,Chunk:chunk_44889c813b9be835,EVIDENCED_BY:0319f1fe460d18c2,EVIDENCED_BY,supported by chunk,regolith.pdf p.2 page_text chunk_44889c813b9be835,1.0,regolith.pdf p.2 page_text chunk_44889c813b9be835,,,
Dataset:micro_ct_data,Paper:regolith,REPORTED_IN:872f9a7d92526011,REPORTED_IN,reported in this paper,regolith.pdf p.2 page_text chunk_44889c813b9be835,1.0,regolith.pdf p.2 page_text chunk_44889c813b9be835,,,
Dataset:micro_ct_data,Instrument:xray_micro_ct,DERIVED_FROM:2ace2f683242dad4,DERIVED_FROM,"The dataset is identified as 3D X-ray micro-CT data, implying it comes from X-ray micro-CT.",3D X-ray micro-CT data,0.7,regolith.pdf p.2 page_text chunk_44889c813b9be835,chunk_44889c813b9be835,2,regolith.pdf
Dataset:micro_ct_data,Material:regolith_simulants,APPLIES_TO:8557e6d9926f7a05,APPLIES_TO,The micro-CT data are of different regolith simulants.,data of different regolith simulants,0.85,regolith.pdf p.2 page_text chunk_44889c813b9be835,chunk_44889c813b9be835,2,regolith.pdf
Instrument:xray_micro_ct,Chunk:chunk_44889c813b9be835,EVIDENCED_BY:6b5067f9fdab56d2,EVIDENCED_BY,supported by chunk,regolith.pdf p.2 page_text chunk_44889c813b9be835,1.0,regolith.pdf p.2 page_text chunk_44889c813b9be835,,,
Instrument:xray_micro_ct,Paper:regolith,REPORTED_IN:516469f792895eee,REPORTED_IN,reported in this paper,regolith.pdf p.2 page_text chunk_44889c813b9be835,1.0,regolith.pdf p.2 page_text chunk_44889c813b9be835,,,
Concept:mare_regolith,Chunk:chunk_44889c813b9be835,EVIDENCED_BY:cb8c3634ea448e68,EVIDENCED_BY,supported by chunk,regolith.pdf p.2 page_text chunk_44889c813b9be835,1.0,regolith.pdf p.2 page_text chunk_44889c813b9be835,,,
Concept:mare_regolith,Paper:regolith,REPORTED_IN:f3ea6a7c8e3da207,REPORTED_IN,reported in this paper,regolith.pdf p.2 page_text chunk_44889c813b9be835,1.0,regolith.pdf p.2 page_text chunk_44889c813b9be835,,,
Concept:highlands_regolith,Chunk:chunk_44889c813b9be835,EVIDENCED_BY:24070d6155516e0c,EVIDENCED_BY,supported by chunk,regolith.pdf p.2 page_text chunk_44889c813b9be835,1.0,regolith.pdf p.2 page_text chunk_44889c813b9be835,,,
Concept:highlands_regolith,Paper:regolith,REPORTED_IN:03d0f5abf86c0897,REPORTED_IN,reported in this paper,regolith.pdf p.2 page_text chunk_44889c813b9be835,1.0,regolith.pdf p.2 page_text chunk_44889c813b9be835,,,
Dataset:three_lunar_samples,Chunk:chunk_44889c813b9be835,EVIDENCED_BY:2e00098cd0e853ee,EVIDENCED_BY,supported by chunk,regolith.pdf p.2 page_text chunk_44889c813b9be835,1.0,regolith.pdf p.2 page_text chunk_44889c813b9be835,,,
Dataset:three_lunar_samples,Paper:regolith,REPORTED_IN:f393310f06926584,REPORTED_IN,reported in this paper,regolith.pdf p.2 page_text chunk_44889c813b9be835,1.0,regolith.pdf p.2 page_text chunk_44889c813b9be835,,,
Dataset:three_lunar_samples,Material:lunar_regolith,PART_OF:ccca77a1242f2ba1,PART_OF,The three samples are samples of lunar regolith.,three different samples of lunar regolith,0.9,regolith.pdf p.2 page_text chunk_44889c813b9be835,chunk_44889c813b9be835,2,regolith.pdf
Finding:shape_investigation_necessity,Chunk:chunk_44889c813b9be835,EVIDENCED_BY:72125f58080cf7a9,EVIDENCED_BY,supported by chunk,regolith.pdf p.2 page_text chunk_44889c813b9be835,1.0,regolith.pdf p.2 page_text chunk_44889c813b9be835,,,
Finding:shape_investigation_necessity,Paper:regolith,REPORTED_IN:145a9c849436ff7e,REPORTED_IN,reported in this paper,regolith.pdf p.2 page_text chunk_44889c813b9be835,1.0,regolith.pdf p.2 page_text chunk_44889c813b9be835,,,
Finding:similarities_differences_understanding,Chunk:chunk_44889c813b9be835,EVIDENCED_BY:d7ebc72a9604ceb1,EVIDENCED_BY,supported by chunk,regolith.pdf p.2 page_text chunk_44889c813b9be835,1.0,regolith.pdf p.2 page_text chunk_44889c813b9be835,,,
Finding:similarities_differences_understanding,Paper:regolith,REPORTED_IN:eb6ad45c7c29f438,REPORTED_IN,reported in this paper,regolith.pdf p.2 page_text chunk_44889c813b9be835,1.0,regolith.pdf p.2 page_text chunk_44889c813b9be835,,,
Variable:mineralogical_composition,Chunk:chunk_44889c813b9be835,EVIDENCED_BY:cadd45a45328d57e,EVIDENCED_BY,supported by chunk,regolith.pdf p.2 page_text chunk_44889c813b9be835,1.0,regolith.pdf p.2 page_text chunk_44889c813b9be835,,,
Variable:mineralogical_composition,Paper:regolith,REPORTED_IN:d0e6d074cf1830b4,REPORTED_IN,reported in this paper,regolith.pdf p.2 page_text chunk_44889c813b9be835,1.0,regolith.pdf p.2 page_text chunk_44889c813b9be835,,,
Chunk:chunk_5647a24ba128bfa1,Paper:regolith,PART_OF:chunk_5647a24ba128bfa1,PART_OF,chunk belongs to paper,regolith.pdf p.7 page_text chunk_5647a24ba128bfa1,1.0,regolith.pdf p.7 page_text chunk_5647a24ba128bfa1,,,
Document:doc_regolith_p7_chunk5647,Chunk:chunk_5647a24ba128bfa1,EVIDENCED_BY:e84d49e2ce7ffc28,EVIDENCED_BY,supported by chunk,regolith.pdf p.7 page_text chunk_5647a24ba128bfa1,1.0,regolith.pdf p.7 page_text chunk_5647a24ba128bfa1,,,
Document:doc_regolith_p7_chunk5647,Paper:regolith,REPORTED_IN:0163f0adf1551c10,REPORTED_IN,reported in this paper,regolith.pdf p.7 page_text chunk_5647a24ba128bfa1,1.0,regolith.pdf p.7 page_text chunk_5647a24ba128bfa1,,,
Variable:x_trivariate,Chunk:chunk_5647a24ba128bfa1,EVIDENCED_BY:98e114ae2ed1e9e9,EVIDENCED_BY,supported by chunk,regolith.pdf p.7 page_text chunk_5647a24ba128bfa1,1.0,regolith.pdf p.7 page_text chunk_5647a24ba128bfa1,,,
Variable:x_trivariate,Paper:regolith,REPORTED_IN:17d1f8ce132dd2c2,REPORTED_IN,reported in this paper,regolith.pdf p.7 page_text chunk_5647a24ba128bfa1,1.0,regolith.pdf p.7 page_text chunk_5647a24ba128bfa1,,,
Variable:x_trivariate,Variable:x1,PART_OF:0d78ff773900c7fc,PART_OF,X1 is a component of the trivariate random vector X.,"X=(X ,X ,X )",0.92,regolith.pdf p.7 page_text chunk_5647a24ba128bfa1,chunk_5647a24ba128bfa1,7,regolith.pdf
Variable:x_trivariate,Variable:x2,PART_OF:f5add5ff588148b6,PART_OF,X2 is a component of the trivariate random vector X.,"X=(X ,X ,X )",0.92,regolith.pdf p.7 page_text chunk_5647a24ba128bfa1,chunk_5647a24ba128bfa1,7,regolith.pdf
Variable:x_trivariate,Variable:x3,PART_OF:b58c78282d206f48,PART_OF,X3 is a component of the trivariate random vector X.,"X=(X ,X ,X )",0.92,regolith.pdf p.7 page_text chunk_5647a24ba128bfa1,chunk_5647a24ba128bfa1,7,regolith.pdf
Concept:univariate_densities_f1_f2_f3,Chunk:chunk_5647a24ba128bfa1,EVIDENCED_BY:083c71f63abf3403,EVIDENCED_BY,supported by chunk,regolith.pdf p.7 page_text chunk_5647a24ba128bfa1,1.0,regolith.pdf p.7 page_text chunk_5647a24ba128bfa1,,,
Concept:univariate_densities_f1_f2_f3,Paper:regolith,REPORTED_IN:951b9e345bedde20,REPORTED_IN,reported in this paper,regolith.pdf p.7 page_text chunk_5647a24ba128bfa1,1.0,regolith.pdf p.7 page_text chunk_5647a24ba128bfa1,,,
Concept:bivariate_copula_densities,Chunk:chunk_5647a24ba128bfa1,EVIDENCED_BY:0f108240cb731dc3,EVIDENCED_BY,supported by chunk,regolith.pdf p.7 page_text chunk_5647a24ba128bfa1,1.0,regolith.pdf p.7 page_text chunk_5647a24ba128bfa1,,,
Concept:bivariate_copula_densities,Paper:regolith,REPORTED_IN:7ab5743961272899,REPORTED_IN,reported in this paper,regolith.pdf p.7 page_text chunk_5647a24ba128bfa1,1.0,regolith.pdf p.7 page_text chunk_5647a24ba128bfa1,,,
Concept:rvine_copulas,Chunk:chunk_5647a24ba128bfa1,EVIDENCED_BY:d91658a59c400a9a,EVIDENCED_BY,supported by chunk,regolith.pdf p.7 page_text chunk_5647a24ba128bfa1,1.0,regolith.pdf p.7 page_text chunk_5647a24ba128bfa1,,,
Concept:rvine_copulas,Paper:regolith,REPORTED_IN:a78c0b213ac98af9,REPORTED_IN,reported in this paper,regolith.pdf p.7 page_text chunk_5647a24ba128bfa1,1.0,regolith.pdf p.7 page_text chunk_5647a24ba128bfa1,,,
Concept:rvine_copulas,Person:joe_2014,MENTIONS:aee014d9c0725035,MENTIONS,Joe (2014) is referenced for further details on copulas for d>3.,"refer to (Joe, 2014;",0.72,regolith.pdf p.7 page_text chunk_5647a24ba128bfa1,chunk_5647a24ba128bfa1,7,regolith.pdf
Concept:rvine_copulas,Person:czado_2019,MENTIONS:0d6f00253a0a4f26,MENTIONS,Czado (2019) is referenced for further details on copulas for d>3.,"Czado, 2019;",0.7,regolith.pdf p.7 page_text chunk_5647a24ba128bfa1,chunk_5647a24ba128bfa1,7,regolith.pdf
Concept:rvine_copulas,Person:aigner_2023,MENTIONS:ae46e13d36b3d63b,MENTIONS,Aigner et al. (2023) is referenced for further details on copulas for d>3.,"Aigner et al., 2023;",0.7,regolith.pdf p.7 page_text chunk_5647a24ba128bfa1,chunk_5647a24ba128bfa1,7,regolith.pdf
Concept:rvine_copulas,Person:furat_2024,MENTIONS:61742bdabd72eaac,MENTIONS,Furat et al. (2024) is referenced for further details on copulas for d>3.,"Furat et al., 2024",0.7,regolith.pdf p.7 page_text chunk_5647a24ba128bfa1,chunk_5647a24ba128bfa1,7,regolith.pdf
Method:trivariate_copula_models,Chunk:chunk_5647a24ba128bfa1,EVIDENCED_BY:9fb32b0be2c5b486,EVIDENCED_BY,supported by chunk,regolith.pdf p.7 page_text chunk_5647a24ba128bfa1,1.0,regolith.pdf p.7 page_text chunk_5647a24ba128bfa1,,,
Method:trivariate_copula_models,Paper:regolith,REPORTED_IN:f4b67b0b0ae6a535,REPORTED_IN,reported in this paper,regolith.pdf p.7 page_text chunk_5647a24ba128bfa1,1.0,regolith.pdf p.7 page_text chunk_5647a24ba128bfa1,,,
Method:trivariate_copula_models,Limitation:limitation_trivariate_only,LIMITED_BY:044f657d23af57bb,LIMITED_BY,The study limits modeling to trivariate copula models and omits general d>3 R-vine construction details.,"since in the present paper only trivariate copula models will be used, we will not elaborate further",0.85,regolith.pdf p.7 page_text chunk_5647a24ba128bfa1,chunk_5647a24ba128bfa1,7,regolith.pdf
Limitation:limitation_trivariate_only,Chunk:chunk_5647a24ba128bfa1,EVIDENCED_BY:1341b0d533a0c041,EVIDENCED_BY,supported by chunk,regolith.pdf p.7 page_text chunk_5647a24ba128bfa1,1.0,regolith.pdf p.7 page_text chunk_5647a24ba128bfa1,,,
Limitation:limitation_trivariate_only,Paper:regolith,REPORTED_IN:048f4ec6c2fb846a,REPORTED_IN,reported in this paper,regolith.pdf p.7 page_text chunk_5647a24ba128bfa1,1.0,regolith.pdf p.7 page_text chunk_5647a24ba128bfa1,,,
Method:fit_rvine_copulas_to_data,Chunk:chunk_5647a24ba128bfa1,EVIDENCED_BY:6cb3420ccc74bbd7,EVIDENCED_BY,supported by chunk,regolith.pdf p.7 page_text chunk_5647a24ba128bfa1,1.0,regolith.pdf p.7 page_text chunk_5647a24ba128bfa1,,,
Method:fit_rvine_copulas_to_data,Paper:regolith,REPORTED_IN:e02cbbf9238c633b,REPORTED_IN,reported in this paper,regolith.pdf p.7 page_text chunk_5647a24ba128bfa1,1.0,regolith.pdf p.7 page_text chunk_5647a24ba128bfa1,,,
Method:fit_rvine_copulas_to_data,Instrument:pyvinecopulib,USES:3a228da0001b432b,USES,Fitting (R-vine) copulas to data is performed using the pyvinecopulib package.,"For fitting (R-vine) copulas to data, we will make use of the pyvinecopulib package",0.9,regolith.pdf p.7 page_text chunk_5647a24ba128bfa1,chunk_5647a24ba128bfa1,7,regolith.pdf
Instrument:pyvinecopulib,Chunk:chunk_5647a24ba128bfa1,EVIDENCED_BY:093685ce2fa6b861,EVIDENCED_BY,supported by chunk,regolith.pdf p.7 page_text chunk_5647a24ba128bfa1,1.0,regolith.pdf p.7 page_text chunk_5647a24ba128bfa1,,,
Instrument:pyvinecopulib,Paper:regolith,REPORTED_IN:c1b92a6d9a939103,REPORTED_IN,reported in this paper,regolith.pdf p.7 page_text chunk_5647a24ba128bfa1,1.0,regolith.pdf p.7 page_text chunk_5647a24ba128bfa1,,,
Method:multivariate_data_analysis,Chunk:chunk_5647a24ba128bfa1,EVIDENCED_BY:48205034c894e5a9,EVIDENCED_BY,supported by chunk,regolith.pdf p.7 page_text chunk_5647a24ba128bfa1,1.0,regolith.pdf p.7 page_text chunk_5647a24ba128bfa1,,,
Method:multivariate_data_analysis,Paper:regolith,REPORTED_IN:7282c5a8fd8f93b8,REPORTED_IN,reported in this paper,regolith.pdf p.13 page_text chunk_384212dd00619739,1.0,regolith.pdf p.13 page_text chunk_384212dd00619739,,,
Method:multivariate_data_analysis,Application:application_stochastic_3d_modeling,SUPPORTS:288545a83678ce8c,SUPPORTS,Multivariate analysis is framed as a first step toward stochastic 3D modeling of regolith particles.,serve as a first step towards stochastic 3D modeling of regolith particles,0.86,regolith.pdf p.7 page_text chunk_5647a24ba128bfa1,chunk_5647a24ba128bfa1,7,regolith.pdf
Method:multivariate_data_analysis,Material:csm_lht_1,APPLIES_TO:0a7e68f435ba1344,APPLIES_TO,The multivariate methods are demonstrated using the CSM-LHT-1 simulant.,we chose CSM-LHT-1 to demonstrate their capabilities,0.86,regolith.pdf p.7 page_text chunk_5647a24ba128bfa1,chunk_5647a24ba128bfa1,7,regolith.pdf
Method:multivariate_data_analysis,Chunk:chunk_384212dd00619739,EVIDENCED_BY:0d4af7127813b0fe,EVIDENCED_BY,supported by chunk,regolith.pdf p.13 page_text chunk_384212dd00619739,1.0,regolith.pdf p.13 page_text chunk_384212dd00619739,,,
Method:multivariate_data_analysis,Material:csm-lht-1_particles,APPLIES_TO:4f9fc32e7a368aaa,APPLIES_TO,Multivariate analysis was performed for CSM-LHT-1 particles.,multivariate analysis and parametric modeling performed for CSM-LHT-1 particles,0.9,regolith.pdf p.13 page_text chunk_384212dd00619739,chunk_384212dd00619739,13,regolith.pdf
Application:application_stochastic_3d_modeling,Chunk:chunk_5647a24ba128bfa1,EVIDENCED_BY:659b354d425be363,EVIDENCED_BY,supported by chunk,regolith.pdf p.7 page_text chunk_5647a24ba128bfa1,1.0,regolith.pdf p.7 page_text chunk_5647a24ba128bfa1,,,
Application:application_stochastic_3d_modeling,Paper:regolith,REPORTED_IN:f61c5b05a127f170,REPORTED_IN,reported in this paper,regolith.pdf p.7 page_text chunk_5647a24ba128bfa1,1.0,regolith.pdf p.7 page_text chunk_5647a24ba128bfa1,,,
Method:spearman_rank_correlation,Chunk:chunk_5647a24ba128bfa1,EVIDENCED_BY:af30bc4ad9ad5b20,EVIDENCED_BY,supported by chunk,regolith.pdf p.7 page_text chunk_5647a24ba128bfa1,1.0,regolith.pdf p.7 page_text chunk_5647a24ba128bfa1,,,
Method:spearman_rank_correlation,Paper:regolith,REPORTED_IN:c018a9da784269f4,REPORTED_IN,reported in this paper,regolith.pdf p.10 page_text chunk_2ca960600a9df8b8,1.0,regolith.pdf p.10 page_text chunk_2ca960600a9df8b8,,,
Method:spearman_rank_correlation,Concept:particle_descriptors,MEASURES:b820add208cc4543,MEASURES,Spearman rank correlation coefficients are computed for pairs of particle descriptors.,"The Spearman rank correlation coefficients (Joe, 2014) of the pairs of particle descriptors",0.88,regolith.pdf p.7 page_text chunk_5647a24ba128bfa1,chunk_5647a24ba128bfa1,7,regolith.pdf
Method:spearman_rank_correlation,Chunk:chunk_2ca960600a9df8b8,EVIDENCED_BY:470e588540a38244,EVIDENCED_BY,supported by chunk,regolith.pdf p.10 page_text chunk_2ca960600a9df8b8,1.0,regolith.pdf p.10 page_text chunk_2ca960600a9df8b8,,,
Method:spearman_rank_correlation,Variable:rs,USES:fe08130fefd0cb4a,USES,Spearman’s rank correlation is quantified by the coefficient rs.,"Spearman’s rank correlation coefficients, denoted by rs",0.95,regolith.pdf p.10 page_text chunk_2ca960600a9df8b8,chunk_2ca960600a9df8b8,10,regolith.pdf
Method:spearman_rank_correlation,Descriptor:particle_descriptors,MEASURES:fc7ba04778c78b96,MEASURES,Spearman’s rank correlation measures associations for pairs of particle descriptors.,for pairs of particle descriptors,0.9,regolith.pdf p.10 page_text chunk_2ca960600a9df8b8,chunk_2ca960600a9df8b8,10,regolith.pdf
Concept:particle_descriptors,Chunk:chunk_5647a24ba128bfa1,EVIDENCED_BY:e24a7b9902662b64,EVIDENCED_BY,supported by chunk,regolith.pdf p.7 page_text chunk_5647a24ba128bfa1,1.0,regolith.pdf p.7 page_text chunk_5647a24ba128bfa1,,,
Concept:particle_descriptors,Paper:regolith,REPORTED_IN:5accb9560f960bf8,REPORTED_IN,reported in this paper,regolith.pdf p.13 page_text chunk_e99dbc4d11e11bdf,1.0,regolith.pdf p.13 page_text chunk_e99dbc4d11e11bdf,,,
Concept:particle_descriptors,Chunk:chunk_e99dbc4d11e11bdf,EVIDENCED_BY:f9160e768f0df047,EVIDENCED_BY,supported by chunk,regolith.pdf p.13 page_text chunk_e99dbc4d11e11bdf,1.0,regolith.pdf p.13 page_text chunk_e99dbc4d11e11bdf,,,
Concept:particle_descriptors,Concept:morphology,PART_OF:77d375045993b830,PART_OF,Morphological descriptors are a component of the particle descriptors used.,morphological and textural particle descriptors,0.7,regolith.pdf p.13 page_text chunk_e99dbc4d11e11bdf,chunk_e99dbc4d11e11bdf,13,regolith.pdf
Concept:particle_descriptors,Concept:texture,PART_OF:8b7c0ffbd1be4df8,PART_OF,Textural descriptors are a component of the particle descriptors used.,morphological and textural particle descriptors,0.7,regolith.pdf p.13 page_text chunk_e99dbc4d11e11bdf,chunk_e99dbc4d11e11bdf,13,regolith.pdf
Descriptor:volume_descriptor,Chunk:chunk_5647a24ba128bfa1,EVIDENCED_BY:76fa34147f8b7e31,EVIDENCED_BY,supported by chunk,regolith.pdf p.7 page_text chunk_5647a24ba128bfa1,1.0,regolith.pdf p.7 page_text chunk_5647a24ba128bfa1,,,
Descriptor:volume_descriptor,Paper:regolith,REPORTED_IN:a3e28a3d737a44be,REPORTED_IN,reported in this paper,regolith.pdf p.7 page_text chunk_5647a24ba128bfa1,1.0,regolith.pdf p.7 page_text chunk_5647a24ba128bfa1,,,
Descriptor:surface_area_descriptor,Chunk:chunk_5647a24ba128bfa1,EVIDENCED_BY:e4efad5d9a79e172,EVIDENCED_BY,supported by chunk,regolith.pdf p.7 page_text chunk_5647a24ba128bfa1,1.0,regolith.pdf p.7 page_text chunk_5647a24ba128bfa1,,,
Descriptor:surface_area_descriptor,Paper:regolith,REPORTED_IN:f1689167054602aa,REPORTED_IN,reported in this paper,regolith.pdf p.7 page_text chunk_5647a24ba128bfa1,1.0,regolith.pdf p.7 page_text chunk_5647a24ba128bfa1,,,
Finding:finding_volume_surface_area_high_corr,Chunk:chunk_5647a24ba128bfa1,EVIDENCED_BY:9dd6ca0162a070dc,EVIDENCED_BY,supported by chunk,regolith.pdf p.7 page_text chunk_5647a24ba128bfa1,1.0,regolith.pdf p.7 page_text chunk_5647a24ba128bfa1,,,
Finding:finding_volume_surface_area_high_corr,Paper:regolith,REPORTED_IN:9d571bb439e43406,REPORTED_IN,reported in this paper,regolith.pdf p.7 page_text chunk_5647a24ba128bfa1,1.0,regolith.pdf p.7 page_text chunk_5647a24ba128bfa1,,,
Finding:finding_volume_surface_area_high_corr,Descriptor:volume_descriptor,APPLIES_TO:5063721e9830001a,APPLIES_TO,The reported high correlation involves particle volumes.,the volumes and surface areas of particles are highly correlated,0.9,regolith.pdf p.7 page_text chunk_5647a24ba128bfa1,chunk_5647a24ba128bfa1,7,regolith.pdf
Finding:finding_volume_surface_area_high_corr,Descriptor:surface_area_descriptor,APPLIES_TO:a3f629fa2fb90336,APPLIES_TO,The reported high correlation involves particle surface areas.,the volumes and surface areas of particles are highly correlated,0.9,regolith.pdf p.7 page_text chunk_5647a24ba128bfa1,chunk_5647a24ba128bfa1,7,regolith.pdf
Finding:finding_volume_surface_area_high_corr,Method:spearman_rank_correlation,EVIDENCED_BY:ed0fa9ac2ec05397,EVIDENCED_BY,The high correlation between volume and surface area is supported by Spearman rank correlation results.,"The Spearman rank correlation coefficients ... show the expected behavior. In particular, the volumes and surface areas of particles are highly correlated.",0.78,regolith.pdf p.7 page_text chunk_5647a24ba128bfa1,chunk_5647a24ba128bfa1,7,regolith.pdf
Dataset:dataset_image_data_189504,Chunk:chunk_5647a24ba128bfa1,EVIDENCED_BY:d5e6f556311baa2a,EVIDENCED_BY,supported by chunk,regolith.pdf p.7 page_text chunk_5647a24ba128bfa1,1.0,regolith.pdf p.7 page_text chunk_5647a24ba128bfa1,,,
Dataset:dataset_image_data_189504,Paper:regolith,REPORTED_IN:4a0ff74719bd0bc3,REPORTED_IN,reported in this paper,regolith.pdf p.7 page_text chunk_5647a24ba128bfa1,1.0,regolith.pdf p.7 page_text chunk_5647a24ba128bfa1,,,
Dataset:dataset_image_data_189504,Material:regolith_simulants,APPLIES_TO:01e53d7a5b94c94a,APPLIES_TO,The dataset comprises particles from seven different regolith simulants.,189504 individual particles of seven different regolith simulants,0.9,regolith.pdf p.7 page_text chunk_5647a24ba128bfa1,chunk_5647a24ba128bfa1,7,regolith.pdf
Dataset:dataset_image_data_189504,Document:doc_regolith_p7_chunk5647,REPORTED_IN:a0facb760606d9f4,REPORTED_IN,The image dataset is described in this document chunk.,The image data considered in this paper refers to 189504 individual particles,0.84,regolith.pdf p.7 page_text chunk_5647a24ba128bfa1,chunk_5647a24ba128bfa1,7,regolith.pdf
Material:csm_lht_1,Chunk:chunk_5647a24ba128bfa1,EVIDENCED_BY:b7151ad167658345,EVIDENCED_BY,supported by chunk,regolith.pdf p.7 page_text chunk_5647a24ba128bfa1,1.0,regolith.pdf p.7 page_text chunk_5647a24ba128bfa1,,,
Material:csm_lht_1,Paper:regolith,REPORTED_IN:02fe638b83f155ba,REPORTED_IN,reported in this paper,regolith.pdf p.7 page_text chunk_5647a24ba128bfa1,1.0,regolith.pdf p.7 page_text chunk_5647a24ba128bfa1,,,
Person:joe_2014,Chunk:chunk_5647a24ba128bfa1,EVIDENCED_BY:311fa3daab9a5ae0,EVIDENCED_BY,supported by chunk,regolith.pdf p.7 page_text chunk_5647a24ba128bfa1,1.0,regolith.pdf p.7 page_text chunk_5647a24ba128bfa1,,,
Person:joe_2014,Paper:regolith,REPORTED_IN:1e9cad0a41f0ddf2,REPORTED_IN,reported in this paper,regolith.pdf p.7 page_text chunk_5647a24ba128bfa1,1.0,regolith.pdf p.7 page_text chunk_5647a24ba128bfa1,,,
Person:czado_2019,Chunk:chunk_5647a24ba128bfa1,EVIDENCED_BY:42d1db1f51d685f1,EVIDENCED_BY,supported by chunk,regolith.pdf p.7 page_text chunk_5647a24ba128bfa1,1.0,regolith.pdf p.7 page_text chunk_5647a24ba128bfa1,,,
Person:czado_2019,Paper:regolith,REPORTED_IN:d825351f46765976,REPORTED_IN,reported in this paper,regolith.pdf p.7 page_text chunk_5647a24ba128bfa1,1.0,regolith.pdf p.7 page_text chunk_5647a24ba128bfa1,,,
Person:aigner_2023,Chunk:chunk_5647a24ba128bfa1,EVIDENCED_BY:d453d0379fc98f52,EVIDENCED_BY,supported by chunk,regolith.pdf p.7 page_text chunk_5647a24ba128bfa1,1.0,regolith.pdf p.7 page_text chunk_5647a24ba128bfa1,,,
Person:aigner_2023,Paper:regolith,REPORTED_IN:cfb92fabab6b8d79,REPORTED_IN,reported in this paper,regolith.pdf p.7 page_text chunk_5647a24ba128bfa1,1.0,regolith.pdf p.7 page_text chunk_5647a24ba128bfa1,,,
Person:furat_2024,Chunk:chunk_5647a24ba128bfa1,EVIDENCED_BY:50b17bec5cebfa40,EVIDENCED_BY,supported by chunk,regolith.pdf p.7 page_text chunk_5647a24ba128bfa1,1.0,regolith.pdf p.7 page_text chunk_5647a24ba128bfa1,,,
Person:furat_2024,Paper:regolith,REPORTED_IN:26f88f6aa387b26d,REPORTED_IN,reported in this paper,regolith.pdf p.7 page_text chunk_5647a24ba128bfa1,1.0,regolith.pdf p.7 page_text chunk_5647a24ba128bfa1,,,
Chunk:chunk_e99dbc4d11e11bdf,Paper:regolith,PART_OF:chunk_e99dbc4d11e11bdf,PART_OF,chunk belongs to paper,regolith.pdf p.13 page_text chunk_e99dbc4d11e11bdf,1.0,regolith.pdf p.13 page_text chunk_e99dbc4d11e11bdf,,,
Document:regolith.pdf_p13,Chunk:chunk_e99dbc4d11e11bdf,EVIDENCED_BY:a0124650bb997f57,EVIDENCED_BY,supported by chunk,regolith.pdf p.13 page_text chunk_e99dbc4d11e11bdf,1.0,regolith.pdf p.13 page_text chunk_e99dbc4d11e11bdf,,,
Document:regolith.pdf_p13,Paper:regolith,REPORTED_IN:486c52aa98e444d4,REPORTED_IN,reported in this paper,regolith.pdf p.13 page_text chunk_e99dbc4d11e11bdf,1.0,regolith.pdf p.13 page_text chunk_e99dbc4d11e11bdf,,,
Document:regolith.pdf_p13,Material:lunar_regolith,MENTIONS:87e54a88bed8e69c,MENTIONS,The document discusses understanding lunar regolith properties and conditions.,understanding the mechanical properties of lunar regolith,0.85,regolith.pdf p.13 page_text chunk_e99dbc4d11e11bdf,chunk_e99dbc4d11e11bdf,13,regolith.pdf
Concept:mechanical_properties,Chunk:chunk_e99dbc4d11e11bdf,EVIDENCED_BY:cc4b8e452df2bdd5,EVIDENCED_BY,supported by chunk,regolith.pdf p.13 page_text chunk_e99dbc4d11e11bdf,1.0,regolith.pdf p.13 page_text chunk_e99dbc4d11e11bdf,,,
Concept:mechanical_properties,Paper:regolith,REPORTED_IN:699359b419014c1f,REPORTED_IN,reported in this paper,regolith.pdf p.13 page_text chunk_e99dbc4d11e11bdf,1.0,regolith.pdf p.13 page_text chunk_e99dbc4d11e11bdf,,,
Concept:mechanical_properties,Descriptor:reduced_gravity,HAS_DESCRIPTOR:9255aa272940e550,HAS_DESCRIPTOR,Mechanical properties are considered under reduced gravity conditions.,especially under the conditions of reduced gravity,0.82,regolith.pdf p.13 page_text chunk_e99dbc4d11e11bdf,chunk_e99dbc4d11e11bdf,13,regolith.pdf
Concept:mechanical_properties,Descriptor:vacuum,HAS_DESCRIPTOR:86a7921ea23f9242,HAS_DESCRIPTOR,Mechanical properties are considered under vacuum conditions.,and vacuum,0.82,regolith.pdf p.13 page_text chunk_e99dbc4d11e11bdf,chunk_e99dbc4d11e11bdf,13,regolith.pdf
Concept:mechanical_properties,Application:regolith_handling_equipment,SUPPORTS:2d03049c55b3c58e,SUPPORTS,Understanding regolith mechanical properties enables reliable regolith handling and processing.,is essential for enabling reliable regolith handling and processing,0.8,regolith.pdf p.13 page_text chunk_e99dbc4d11e11bdf,chunk_e99dbc4d11e11bdf,13,regolith.pdf
Descriptor:reduced_gravity,Chunk:chunk_e99dbc4d11e11bdf,EVIDENCED_BY:1c1e6ab1de323c41,EVIDENCED_BY,supported by chunk,regolith.pdf p.13 page_text chunk_e99dbc4d11e11bdf,1.0,regolith.pdf p.13 page_text chunk_e99dbc4d11e11bdf,,,
Descriptor:reduced_gravity,Paper:regolith,REPORTED_IN:d63abd416da14172,REPORTED_IN,reported in this paper,regolith.pdf p.13 page_text chunk_e99dbc4d11e11bdf,1.0,regolith.pdf p.13 page_text chunk_e99dbc4d11e11bdf,,,
Descriptor:vacuum,Chunk:chunk_e99dbc4d11e11bdf,EVIDENCED_BY:478d56f5a4172645,EVIDENCED_BY,supported by chunk,regolith.pdf p.13 page_text chunk_e99dbc4d11e11bdf,1.0,regolith.pdf p.13 page_text chunk_e99dbc4d11e11bdf,,,
Descriptor:vacuum,Paper:regolith,REPORTED_IN:7e503ee100d36c27,REPORTED_IN,reported in this paper,regolith.pdf p.13 page_text chunk_e99dbc4d11e11bdf,1.0,regolith.pdf p.13 page_text chunk_e99dbc4d11e11bdf,,,
Concept:rheology,Chunk:chunk_e99dbc4d11e11bdf,EVIDENCED_BY:b2dadeda71463402,EVIDENCED_BY,supported by chunk,regolith.pdf p.13 page_text chunk_e99dbc4d11e11bdf,1.0,regolith.pdf p.13 page_text chunk_e99dbc4d11e11bdf,,,
Concept:rheology,Paper:regolith,REPORTED_IN:208a1c52e3644e27,REPORTED_IN,reported in this paper,regolith.pdf p.13 page_text chunk_e99dbc4d11e11bdf,1.0,regolith.pdf p.13 page_text chunk_e99dbc4d11e11bdf,,,
Concept:rheology,Application:regolith_handling_equipment,SUPPORTS:f82fc647e78f6e1a,SUPPORTS,Understanding the rheology of lunar regolith is required to develop regolith handling equipment.,understanding of the rheology of lunar regolith is required for fast and reliable development of regolith handling equipment,0.84,regolith.pdf p.13 page_text chunk_e99dbc4d11e11bdf,chunk_e99dbc4d11e11bdf,13,regolith.pdf
Application:regolith_handling_equipment,Chunk:chunk_e99dbc4d11e11bdf,EVIDENCED_BY:29d8b70263506ef5,EVIDENCED_BY,supported by chunk,regolith.pdf p.13 page_text chunk_e99dbc4d11e11bdf,1.0,regolith.pdf p.13 page_text chunk_e99dbc4d11e11bdf,,,
Application:regolith_handling_equipment,Paper:regolith,REPORTED_IN:bc7bb20cbd527264,REPORTED_IN,reported in this paper,regolith.pdf p.13 page_text chunk_e99dbc4d11e11bdf,1.0,regolith.pdf p.13 page_text chunk_e99dbc4d11e11bdf,,,
Method:statistical_analysis,Chunk:chunk_e99dbc4d11e11bdf,EVIDENCED_BY:cb64de7cc73e1466,EVIDENCED_BY,supported by chunk,regolith.pdf p.13 page_text chunk_e99dbc4d11e11bdf,1.0,regolith.pdf p.13 page_text chunk_e99dbc4d11e11bdf,,,
Method:statistical_analysis,Paper:regolith,REPORTED_IN:c0ebd41335309794,REPORTED_IN,reported in this paper,regolith.pdf p.13 page_text chunk_e99dbc4d11e11bdf,1.0,regolith.pdf p.13 page_text chunk_e99dbc4d11e11bdf,,,
Method:statistical_analysis,Concept:particle_descriptors,USES:611b0a7aafc47e98,USES,Statistical analysis is applied to morphological and textural particle descriptors after CT imaging.,subsequent statistical analysis of certain morphological and textural particle descriptors,0.84,regolith.pdf p.13 page_text chunk_e99dbc4d11e11bdf,chunk_e99dbc4d11e11bdf,13,regolith.pdf
Concept:morphology,Chunk:chunk_e99dbc4d11e11bdf,EVIDENCED_BY:38c7daced626f085,EVIDENCED_BY,supported by chunk,regolith.pdf p.13 page_text chunk_e99dbc4d11e11bdf,1.0,regolith.pdf p.13 page_text chunk_e99dbc4d11e11bdf,,,
Concept:morphology,Paper:regolith,REPORTED_IN:b9209b3b7b1b0b1b,REPORTED_IN,reported in this paper,regolith.pdf p.13 page_text chunk_e99dbc4d11e11bdf,1.0,regolith.pdf p.13 page_text chunk_e99dbc4d11e11bdf,,,
Concept:morphology,Concept:mechanical_properties,INFLUENCES:71ba76c40e116b79,INFLUENCES,Particle morphology affects mechanical properties.,morphology and composition of particles also affect their mechanical properties,0.83,regolith.pdf p.13 page_text chunk_e99dbc4d11e11bdf,chunk_e99dbc4d11e11bdf,13,regolith.pdf
Concept:texture,Chunk:chunk_e99dbc4d11e11bdf,EVIDENCED_BY:d329f990f8748c1f,EVIDENCED_BY,supported by chunk,regolith.pdf p.13 page_text chunk_e99dbc4d11e11bdf,1.0,regolith.pdf p.13 page_text chunk_e99dbc4d11e11bdf,,,
Concept:texture,Paper:regolith,REPORTED_IN:f855a247180b9fd8,REPORTED_IN,reported in this paper,regolith.pdf p.13 page_text chunk_e99dbc4d11e11bdf,1.0,regolith.pdf p.13 page_text chunk_e99dbc4d11e11bdf,,,
Variable:gray_values,Chunk:chunk_e99dbc4d11e11bdf,EVIDENCED_BY:d4614234461fce8d,EVIDENCED_BY,supported by chunk,regolith.pdf p.13 page_text chunk_e99dbc4d11e11bdf,1.0,regolith.pdf p.13 page_text chunk_e99dbc4d11e11bdf,,,
Variable:gray_values,Paper:regolith,REPORTED_IN:3f4cfdf2052733eb,REPORTED_IN,reported in this paper,regolith.pdf p.13 page_text chunk_e99dbc4d11e11bdf,1.0,regolith.pdf p.13 page_text chunk_e99dbc4d11e11bdf,,,
Method:univariate_analysis,Chunk:chunk_e99dbc4d11e11bdf,EVIDENCED_BY:beeaf776d3039cdf,EVIDENCED_BY,supported by chunk,regolith.pdf p.13 page_text chunk_e99dbc4d11e11bdf,1.0,regolith.pdf p.13 page_text chunk_e99dbc4d11e11bdf,,,
Method:univariate_analysis,Paper:regolith,REPORTED_IN:f3d8077e0f7664a2,REPORTED_IN,reported in this paper,regolith.pdf p.13 page_text chunk_e99dbc4d11e11bdf,1.0,regolith.pdf p.13 page_text chunk_e99dbc4d11e11bdf,,,
Method:univariate_analysis,Finding:finding_simulants_differ,EVIDENCED_BY:11a926afe5f03210,EVIDENCED_BY,The finding is based on a univariate analysis performed in the work.,the univariate analysis performed in this work indicates that regolith simulants ... differ significantly,0.78,regolith.pdf p.13 page_text chunk_e99dbc4d11e11bdf,chunk_e99dbc4d11e11bdf,13,regolith.pdf
Finding:finding_simulants_differ,Chunk:chunk_e99dbc4d11e11bdf,EVIDENCED_BY:76e65421d3b2dab9,EVIDENCED_BY,supported by chunk,regolith.pdf p.13 page_text chunk_e99dbc4d11e11bdf,1.0,regolith.pdf p.13 page_text chunk_e99dbc4d11e11bdf,,,
Finding:finding_simulants_differ,Paper:regolith,REPORTED_IN:a72356a14cb479e9,REPORTED_IN,reported in this paper,regolith.pdf p.10 page_text chunk_2ca960600a9df8b8,1.0,regolith.pdf p.10 page_text chunk_2ca960600a9df8b8,,,
Finding:finding_simulants_differ,Concept:morphology,AFFECTS:c7c26d02050b768d,AFFECTS,Differences among simulants include morphology differences.,differ significantly in terms of morphology and texture,0.8,regolith.pdf p.13 page_text chunk_e99dbc4d11e11bdf,chunk_e99dbc4d11e11bdf,13,regolith.pdf
Finding:finding_simulants_differ,Concept:texture,AFFECTS:e27b1fb241298548,AFFECTS,Differences among simulants include texture differences.,differ significantly in terms of morphology and texture,0.8,regolith.pdf p.13 page_text chunk_e99dbc4d11e11bdf,chunk_e99dbc4d11e11bdf,13,regolith.pdf
Finding:finding_simulants_differ,Chunk:chunk_2ca960600a9df8b8,EVIDENCED_BY:31212db2190281a4,EVIDENCED_BY,supported by chunk,regolith.pdf p.10 page_text chunk_2ca960600a9df8b8,1.0,regolith.pdf p.10 page_text chunk_2ca960600a9df8b8,,,
Finding:finding_simulants_differ,Material:regolith_simulants,APPLIES_TO:84896ca17e4d2ec1,APPLIES_TO,The significant-differences finding concerns the considered regolith simulants.,significant differences between the considered regolith simulants,0.85,regolith.pdf p.10 page_text chunk_2ca960600a9df8b8,chunk_2ca960600a9df8b8,10,regolith.pdf
Finding:finding_simulants_differ,Descriptor:particle_descriptors,APPLIES_TO:138523b4b1ad31cc,APPLIES_TO,The significant differences are with respect to descriptors of shape and texture.,with respect to various descriptors of shape and texture,0.85,regolith.pdf p.10 page_text chunk_2ca960600a9df8b8,chunk_2ca960600a9df8b8,10,regolith.pdf
Finding:finding_simulants_differ,Document:doc_regolith_p10_c2ca,REPORTED_IN:4cdd265d7ab0b992,REPORTED_IN,The significant-differences statement is reported in the document chunk.,the analysis showed significant differences between the considered regolith simulants,0.85,regolith.pdf p.10 page_text chunk_2ca960600a9df8b8,chunk_2ca960600a9df8b8,10,regolith.pdf
Limitation:limitation_comparability_unclear,Chunk:chunk_e99dbc4d11e11bdf,EVIDENCED_BY:4e2951834cb0f755,EVIDENCED_BY,supported by chunk,regolith.pdf p.13 page_text chunk_e99dbc4d11e11bdf,1.0,regolith.pdf p.13 page_text chunk_e99dbc4d11e11bdf,,,
Limitation:limitation_comparability_unclear,Paper:regolith,REPORTED_IN:44a2d20c6491ba1c,REPORTED_IN,reported in this paper,regolith.pdf p.13 page_text chunk_e99dbc4d11e11bdf,1.0,regolith.pdf p.13 page_text chunk_e99dbc4d11e11bdf,,,
Finding:finding_texture_shape_differences,Chunk:chunk_e99dbc4d11e11bdf,EVIDENCED_BY:9f2a158ca2329a27,EVIDENCED_BY,supported by chunk,regolith.pdf p.13 page_text chunk_e99dbc4d11e11bdf,1.0,regolith.pdf p.13 page_text chunk_e99dbc4d11e11bdf,,,
Finding:finding_texture_shape_differences,Paper:regolith,REPORTED_IN:85674e6ff421720a,REPORTED_IN,reported in this paper,regolith.pdf p.13 page_text chunk_e99dbc4d11e11bdf,1.0,regolith.pdf p.13 page_text chunk_e99dbc4d11e11bdf,,,
Finding:finding_texture_shape_differences,Variable:gray_values,MEASURES:c0a2d80d3c41f2f5,MEASURES,Texture differences are expressed as differences in gray values.,significant differences with respect to particle-wise texture (gray values),0.82,regolith.pdf p.13 page_text chunk_e99dbc4d11e11bdf,chunk_e99dbc4d11e11bdf,13,regolith.pdf
Finding:finding_texture_shape_differences,Variable:particle_shape,AFFECTS:e0c486ae6cb36946,AFFECTS,Some simulants also differ with respect to particle shape.,"and, for some simulants, also with respect to particle shape",0.8,regolith.pdf p.13 page_text chunk_e99dbc4d11e11bdf,chunk_e99dbc4d11e11bdf,13,regolith.pdf
Concept:concept_descriptor_behavior_correlation,Chunk:chunk_e99dbc4d11e11bdf,EVIDENCED_BY:4d93142baad030bf,EVIDENCED_BY,supported by chunk,regolith.pdf p.13 page_text chunk_e99dbc4d11e11bdf,1.0,regolith.pdf p.13 page_text chunk_e99dbc4d11e11bdf,,,
Concept:concept_descriptor_behavior_correlation,Paper:regolith,REPORTED_IN:de93be2891860651,REPORTED_IN,reported in this paper,regolith.pdf p.13 page_text chunk_e99dbc4d11e11bdf,1.0,regolith.pdf p.13 page_text chunk_e99dbc4d11e11bdf,,,
Concept:concept_descriptor_behavior_correlation,Concept:particle_descriptors,SUPPORTS:95e852ea93a573dd,SUPPORTS,Particle descriptors are stated to correlate with behavior in mechanical processing for other particulate materials.,descriptors of particles correlate with their behavior in mechanical processing,0.76,regolith.pdf p.13 page_text chunk_e99dbc4d11e11bdf,chunk_e99dbc4d11e11bdf,13,regolith.pdf
Concept:concept_descriptor_behavior_correlation,Material:regolith_simulants,APPLIES_TO:87b6ade782e55ea1,APPLIES_TO,The text suggests similar descriptor-behavior correlations may apply to regolith simulants.,we may expect similar correlations for regolith simulants,0.68,regolith.pdf p.13 page_text chunk_e99dbc4d11e11bdf,chunk_e99dbc4d11e11bdf,13,regolith.pdf
Chunk:chunk_2ca960600a9df8b8,Paper:regolith,PART_OF:chunk_2ca960600a9df8b8,PART_OF,chunk belongs to paper,regolith.pdf p.10 page_text chunk_2ca960600a9df8b8,1.0,regolith.pdf p.10 page_text chunk_2ca960600a9df8b8,,,
Document:doc_regolith_p10_c2ca,Chunk:chunk_2ca960600a9df8b8,EVIDENCED_BY:a0f2f84af0d6a906,EVIDENCED_BY,supported by chunk,regolith.pdf p.10 page_text chunk_2ca960600a9df8b8,1.0,regolith.pdf p.10 page_text chunk_2ca960600a9df8b8,,,
Document:doc_regolith_p10_c2ca,Paper:regolith,REPORTED_IN:6bcf64dcf1c9a9c6,REPORTED_IN,reported in this paper,regolith.pdf p.10 page_text chunk_2ca960600a9df8b8,1.0,regolith.pdf p.10 page_text chunk_2ca960600a9df8b8,,,
Document:doc_regolith_p10_c2ca,Material:csm-lht-1,MENTIONS:ff9001ac6a1c1527,MENTIONS,The document chunk analyzes particle descriptors of CSM-LHT-1.,particle descriptors of CSM-LHT-1,0.95,regolith.pdf p.10 page_text chunk_2ca960600a9df8b8,chunk_2ca960600a9df8b8,10,regolith.pdf
Document:doc_regolith_p10_c2ca,Person:person_chiaramonti,MENTIONS:2ea5e4b67417c992,MENTIONS,The chunk cites Chiaramonti as a source for Apollo sample 3D lunar regolith data.,"(Chiaramonti & Garboczi, 2024)",0.85,regolith.pdf p.10 page_text chunk_2ca960600a9df8b8,chunk_2ca960600a9df8b8,10,regolith.pdf
Document:doc_regolith_p10_c2ca,Person:person_garboczi,MENTIONS:1d032f60f9b2ceb8,MENTIONS,The chunk cites Garboczi as a source for Apollo sample 3D lunar regolith data.,"(Chiaramonti & Garboczi, 2024)",0.85,regolith.pdf p.10 page_text chunk_2ca960600a9df8b8,chunk_2ca960600a9df8b8,10,regolith.pdf
Document:doc_regolith_p10_c2ca,Person:person_wu,MENTIONS:3c493bc185584669,MENTIONS,The chunk cites Wu et al. as a source for Chang’e-5 data and segmentation artifact note.,"(Wu et al., 2025)",0.85,regolith.pdf p.10 page_text chunk_2ca960600a9df8b8,chunk_2ca960600a9df8b8,10,regolith.pdf
Material:csm-lht-1,Chunk:chunk_2ca960600a9df8b8,EVIDENCED_BY:3a94b2a551c826ab,EVIDENCED_BY,supported by chunk,regolith.pdf p.10 page_text chunk_2ca960600a9df8b8,1.0,regolith.pdf p.10 page_text chunk_2ca960600a9df8b8,,,
Material:csm-lht-1,Paper:regolith,REPORTED_IN:08a71d13dfb6857a,REPORTED_IN,reported in this paper,regolith.pdf p.10 page_text chunk_2ca960600a9df8b8,1.0,regolith.pdf p.10 page_text chunk_2ca960600a9df8b8,,,
Variable:rs,Chunk:chunk_2ca960600a9df8b8,EVIDENCED_BY:82b600968791b963,EVIDENCED_BY,supported by chunk,regolith.pdf p.10 page_text chunk_2ca960600a9df8b8,1.0,regolith.pdf p.10 page_text chunk_2ca960600a9df8b8,,,
Variable:rs,Paper:regolith,REPORTED_IN:260b422ed22b9a6d,REPORTED_IN,reported in this paper,regolith.pdf p.10 page_text chunk_2ca960600a9df8b8,1.0,regolith.pdf p.10 page_text chunk_2ca960600a9df8b8,,,
Variable:rs,Equation:eq_rs_range,HAS_PROPERTY:3714808332f797f9,HAS_PROPERTY,"The coefficient rs is constrained to lie within [-1, 1].","rs∈[−1,1]",0.95,regolith.pdf p.10 page_text chunk_2ca960600a9df8b8,chunk_2ca960600a9df8b8,10,regolith.pdf
Equation:eq_rs_range,Chunk:chunk_2ca960600a9df8b8,EVIDENCED_BY:c800b2ae7f5c9541,EVIDENCED_BY,supported by chunk,regolith.pdf p.10 page_text chunk_2ca960600a9df8b8,1.0,regolith.pdf p.10 page_text chunk_2ca960600a9df8b8,,,
Equation:eq_rs_range,Paper:regolith,REPORTED_IN:d0d6f3dd0b3e4d55,REPORTED_IN,reported in this paper,regolith.pdf p.10 page_text chunk_2ca960600a9df8b8,1.0,regolith.pdf p.10 page_text chunk_2ca960600a9df8b8,,,
Variable:sphericity_s,Chunk:chunk_2ca960600a9df8b8,EVIDENCED_BY:152e667ac6a7592c,EVIDENCED_BY,supported by chunk,regolith.pdf p.10 page_text chunk_2ca960600a9df8b8,1.0,regolith.pdf p.10 page_text chunk_2ca960600a9df8b8,,,
Variable:sphericity_s,Paper:regolith,REPORTED_IN:187ddd31a6cec989,REPORTED_IN,reported in this paper,regolith.pdf p.10 page_text chunk_2ca960600a9df8b8,1.0,regolith.pdf p.10 page_text chunk_2ca960600a9df8b8,,,
Variable:mean_gray_mugt,Chunk:chunk_2ca960600a9df8b8,EVIDENCED_BY:c070d40f6ad147e0,EVIDENCED_BY,supported by chunk,regolith.pdf p.10 page_text chunk_2ca960600a9df8b8,1.0,regolith.pdf p.10 page_text chunk_2ca960600a9df8b8,,,
Variable:mean_gray_mugt,Paper:regolith,REPORTED_IN:d0c9d006aaba5856,REPORTED_IN,reported in this paper,regolith.pdf p.10 page_text chunk_2ca960600a9df8b8,1.0,regolith.pdf p.10 page_text chunk_2ca960600a9df8b8,,,
Variable:volume_v,Chunk:chunk_2ca960600a9df8b8,EVIDENCED_BY:2b59c194052d9381,EVIDENCED_BY,supported by chunk,regolith.pdf p.10 page_text chunk_2ca960600a9df8b8,1.0,regolith.pdf p.10 page_text chunk_2ca960600a9df8b8,,,
Variable:volume_v,Paper:regolith,REPORTED_IN:52f976258f5350c4,REPORTED_IN,reported in this paper,regolith.pdf p.10 page_text chunk_2ca960600a9df8b8,1.0,regolith.pdf p.10 page_text chunk_2ca960600a9df8b8,,,
Variable:n_particles,Chunk:chunk_2ca960600a9df8b8,EVIDENCED_BY:2b2db225269a97be,EVIDENCED_BY,supported by chunk,regolith.pdf p.10 page_text chunk_2ca960600a9df8b8,1.0,regolith.pdf p.10 page_text chunk_2ca960600a9df8b8,,,
Variable:n_particles,Paper:regolith,REPORTED_IN:fc7b9e5c711f1954,REPORTED_IN,reported in this paper,regolith.pdf p.10 page_text chunk_2ca960600a9df8b8,1.0,regolith.pdf p.10 page_text chunk_2ca960600a9df8b8,,,
Method:joint_histograms_s_mugt,Chunk:chunk_2ca960600a9df8b8,EVIDENCED_BY:575ebbb1d3e0f161,EVIDENCED_BY,supported by chunk,regolith.pdf p.10 page_text chunk_2ca960600a9df8b8,1.0,regolith.pdf p.10 page_text chunk_2ca960600a9df8b8,,,
Method:joint_histograms_s_mugt,Paper:regolith,REPORTED_IN:209cd671ac058e20,REPORTED_IN,reported in this paper,regolith.pdf p.10 page_text chunk_2ca960600a9df8b8,1.0,regolith.pdf p.10 page_text chunk_2ca960600a9df8b8,,,
Method:joint_histograms_s_mugt,Variable:sphericity_s,MEASURES:99a2c4262e60b85a,MEASURES,Joint histograms are constructed for sphericity S.,joint distribution of sphericity S,0.9,regolith.pdf p.10 page_text chunk_2ca960600a9df8b8,chunk_2ca960600a9df8b8,10,regolith.pdf
Method:joint_histograms_s_mugt,Variable:mean_gray_mugt,MEASURES:44cf435c838360a1,MEASURES,Joint histograms are constructed for mean gray value μ(Gt).,mean gray value μ(Gt),0.9,regolith.pdf p.10 page_text chunk_2ca960600a9df8b8,chunk_2ca960600a9df8b8,10,regolith.pdf
Equation:eq_v_lt_2600,Chunk:chunk_2ca960600a9df8b8,EVIDENCED_BY:40c858be3b1bfaef,EVIDENCED_BY,supported by chunk,regolith.pdf p.10 page_text chunk_2ca960600a9df8b8,1.0,regolith.pdf p.10 page_text chunk_2ca960600a9df8b8,,,
Equation:eq_v_lt_2600,Paper:regolith,REPORTED_IN:7ba43b862bd5c891,REPORTED_IN,reported in this paper,regolith.pdf p.10 page_text chunk_2ca960600a9df8b8,1.0,regolith.pdf p.10 page_text chunk_2ca960600a9df8b8,,,
Finding:finding_rs_035_subset,Chunk:chunk_2ca960600a9df8b8,EVIDENCED_BY:c95e9ce1d804b96b,EVIDENCED_BY,supported by chunk,regolith.pdf p.10 page_text chunk_2ca960600a9df8b8,1.0,regolith.pdf p.10 page_text chunk_2ca960600a9df8b8,,,
Finding:finding_rs_035_subset,Paper:regolith,REPORTED_IN:d06a5418143b515f,REPORTED_IN,reported in this paper,regolith.pdf p.10 page_text chunk_2ca960600a9df8b8,1.0,regolith.pdf p.10 page_text chunk_2ca960600a9df8b8,,,
Finding:finding_rs_035_subset,Equation:eq_v_lt_2600,EVIDENCED_BY:15630c3cb5d3cb06,EVIDENCED_BY,The rs=0.35 result is reported for the subset V<2600 μm^3.,Particles with volume V<2600μm3,0.95,regolith.pdf p.10 page_text chunk_2ca960600a9df8b8,chunk_2ca960600a9df8b8,10,regolith.pdf
Finding:finding_rs_035_subset,Variable:rs,HAS_PROPERTY:8949c10d45792f36,HAS_PROPERTY,The subset finding reports rs=0.35.,rs=0.35,0.95,regolith.pdf p.10 page_text chunk_2ca960600a9df8b8,chunk_2ca960600a9df8b8,10,regolith.pdf
Finding:finding_rs_035_subset,Variable:n_particles,HAS_PROPERTY:14dbf1192b442f03,HAS_PROPERTY,The subset finding reports n=2762.,n=2762,0.95,regolith.pdf p.10 page_text chunk_2ca960600a9df8b8,chunk_2ca960600a9df8b8,10,regolith.pdf
Finding:finding_rs_035_subset,Document:doc_regolith_p10_c2ca,REPORTED_IN:266bb3ff03d8f685,REPORTED_IN,The rs=0.35 subset result is reported in the document chunk.,"Left: Particles with volume V<2600μm3, n=2762, rs=0.35.",0.9,regolith.pdf p.10 page_text chunk_2ca960600a9df8b8,chunk_2ca960600a9df8b8,10,regolith.pdf
Finding:finding_rs_007_all,Chunk:chunk_2ca960600a9df8b8,EVIDENCED_BY:c90007996226b883,EVIDENCED_BY,supported by chunk,regolith.pdf p.10 page_text chunk_2ca960600a9df8b8,1.0,regolith.pdf p.10 page_text chunk_2ca960600a9df8b8,,,
Finding:finding_rs_007_all,Paper:regolith,REPORTED_IN:de4b9baea5a17a38,REPORTED_IN,reported in this paper,regolith.pdf p.10 page_text chunk_2ca960600a9df8b8,1.0,regolith.pdf p.10 page_text chunk_2ca960600a9df8b8,,,
Finding:finding_rs_007_all,Variable:rs,HAS_PROPERTY:fb58bb16b5a35ec5,HAS_PROPERTY,The all-particles finding reports rs=0.07.,rs=0.07,0.95,regolith.pdf p.10 page_text chunk_2ca960600a9df8b8,chunk_2ca960600a9df8b8,10,regolith.pdf
Finding:finding_rs_007_all,Variable:n_particles,HAS_PROPERTY:b4e5e10d50204f2d,HAS_PROPERTY,The all-particles finding reports n=24734.,n=24734,0.95,regolith.pdf p.10 page_text chunk_2ca960600a9df8b8,chunk_2ca960600a9df8b8,10,regolith.pdf
Finding:finding_rs_007_all,Document:doc_regolith_p10_c2ca,REPORTED_IN:bc5cb5d6ea9f06cd,REPORTED_IN,The rs=0.07 all-particles result is reported in the document chunk.,"Right: All particles, n=24734, rs=0.07.",0.9,regolith.pdf p.10 page_text chunk_2ca960600a9df8b8,chunk_2ca960600a9df8b8,10,regolith.pdf
Method:copula_based_model,Chunk:chunk_2ca960600a9df8b8,EVIDENCED_BY:d7f272bcaa0e4102,EVIDENCED_BY,supported by chunk,regolith.pdf p.10 page_text chunk_2ca960600a9df8b8,1.0,regolith.pdf p.10 page_text chunk_2ca960600a9df8b8,,,
Method:copula_based_model,Paper:regolith,REPORTED_IN:e9724567e8cbe08d,REPORTED_IN,reported in this paper,regolith.pdf p.10 page_text chunk_2ca960600a9df8b8,1.0,regolith.pdf p.10 page_text chunk_2ca960600a9df8b8,,,
Method:copula_based_model,Concept:copulas,USES:821258a59f32b4ca,USES,The model uses copulas.,copulas as introduced in the corresponding section,0.8,regolith.pdf p.10 page_text chunk_2ca960600a9df8b8,chunk_2ca960600a9df8b8,10,regolith.pdf
Concept:copulas,Chunk:chunk_2ca960600a9df8b8,EVIDENCED_BY:32a622a31f340ab3,EVIDENCED_BY,supported by chunk,regolith.pdf p.10 page_text chunk_2ca960600a9df8b8,1.0,regolith.pdf p.10 page_text chunk_2ca960600a9df8b8,,,
Concept:copulas,Paper:regolith,REPORTED_IN:907a347be5407ec6,REPORTED_IN,reported in this paper,regolith.pdf p.10 page_text chunk_2ca960600a9df8b8,1.0,regolith.pdf p.10 page_text chunk_2ca960600a9df8b8,,,
Concept:fitted_distribution_v_s_mugt,Chunk:chunk_2ca960600a9df8b8,EVIDENCED_BY:de578bc1e32920bd,EVIDENCED_BY,supported by chunk,regolith.pdf p.10 page_text chunk_2ca960600a9df8b8,1.0,regolith.pdf p.10 page_text chunk_2ca960600a9df8b8,,,
Concept:fitted_distribution_v_s_mugt,Paper:regolith,REPORTED_IN:b057c7ed2e592aa6,REPORTED_IN,reported in this paper,regolith.pdf p.10 page_text chunk_2ca960600a9df8b8,1.0,regolith.pdf p.10 page_text chunk_2ca960600a9df8b8,,,
Method:validation_histogram_comparison,Chunk:chunk_2ca960600a9df8b8,EVIDENCED_BY:04a749d4b6e3e283,EVIDENCED_BY,supported by chunk,regolith.pdf p.10 page_text chunk_2ca960600a9df8b8,1.0,regolith.pdf p.10 page_text chunk_2ca960600a9df8b8,,,
Method:validation_histogram_comparison,Paper:regolith,REPORTED_IN:c91ac6be961405db,REPORTED_IN,reported in this paper,regolith.pdf p.10 page_text chunk_2ca960600a9df8b8,1.0,regolith.pdf p.10 page_text chunk_2ca960600a9df8b8,,,
Method:validation_histogram_comparison,Method:copula_based_model,VALIDATES:9ea4ffd35d092d77,VALIDATES,A validation procedure is used to validate the copula-based model.,To validate the copula-based model,0.9,regolith.pdf p.10 page_text chunk_2ca960600a9df8b8,chunk_2ca960600a9df8b8,10,regolith.pdf
Method:validation_histogram_comparison,Dataset:realizations_10000,USES:dfe8bd06a85aa9c8,USES,"Validation draws 10,000 realizations.","we draw 10,000 realizations",0.95,regolith.pdf p.10 page_text chunk_2ca960600a9df8b8,chunk_2ca960600a9df8b8,10,regolith.pdf
Method:validation_histogram_comparison,Dataset:ct_images,USES:f2e540c1ede3aeb9,USES,Validation compares to histograms computed from CT images.,computed from CT images,0.9,regolith.pdf p.10 page_text chunk_2ca960600a9df8b8,chunk_2ca960600a9df8b8,10,regolith.pdf
Method:validation_histogram_comparison,Dataset:bivariate_histograms,USES:89e71b7883cc6e8b,USES,Validation visually compares resulting bivariate histograms.,visually compare resulting (bivariate) histograms,0.9,regolith.pdf p.10 page_text chunk_2ca960600a9df8b8,chunk_2ca960600a9df8b8,10,regolith.pdf
Dataset:realizations_10000,Chunk:chunk_2ca960600a9df8b8,EVIDENCED_BY:940be134f2d3ed0a,EVIDENCED_BY,supported by chunk,regolith.pdf p.10 page_text chunk_2ca960600a9df8b8,1.0,regolith.pdf p.10 page_text chunk_2ca960600a9df8b8,,,
Dataset:realizations_10000,Paper:regolith,REPORTED_IN:1ae0fa1e6b1106db,REPORTED_IN,reported in this paper,regolith.pdf p.10 page_text chunk_2ca960600a9df8b8,1.0,regolith.pdf p.10 page_text chunk_2ca960600a9df8b8,,,
Dataset:realizations_10000,Concept:fitted_distribution_v_s_mugt,DERIVED_FROM:1b5ab4d42dd34d4d,DERIVED_FROM,"The realizations are drawn from the fitted distribution of (V, S, μ(Gt)).","from the fitted distribution of descriptors of (V,S,μ(Gt))",0.9,regolith.pdf p.10 page_text chunk_2ca960600a9df8b8,chunk_2ca960600a9df8b8,10,regolith.pdf
Dataset:ct_images,Chunk:chunk_2ca960600a9df8b8,EVIDENCED_BY:0c3f49d4db08be05,EVIDENCED_BY,supported by chunk,regolith.pdf p.10 page_text chunk_2ca960600a9df8b8,1.0,regolith.pdf p.10 page_text chunk_2ca960600a9df8b8,,,
Dataset:ct_images,Paper:regolith,REPORTED_IN:7a004c7a35c1dd29,REPORTED_IN,reported in this paper,regolith.pdf p.10 page_text chunk_2ca960600a9df8b8,1.0,regolith.pdf p.10 page_text chunk_2ca960600a9df8b8,,,
Dataset:bivariate_histograms,Chunk:chunk_2ca960600a9df8b8,EVIDENCED_BY:345f8eabe92467f5,EVIDENCED_BY,supported by chunk,regolith.pdf p.10 page_text chunk_2ca960600a9df8b8,1.0,regolith.pdf p.10 page_text chunk_2ca960600a9df8b8,,,
Dataset:bivariate_histograms,Paper:regolith,REPORTED_IN:105cdd3de4b205d8,REPORTED_IN,reported in this paper,regolith.pdf p.10 page_text chunk_2ca960600a9df8b8,1.0,regolith.pdf p.10 page_text chunk_2ca960600a9df8b8,,,
Dataset:bivariate_histograms,Dataset:ct_images,DERIVED_FROM:16b80867464e7977,DERIVED_FROM,Corresponding histograms of descriptor values are computed from CT images.,histograms of descriptor values computed from CT images,0.9,regolith.pdf p.10 page_text chunk_2ca960600a9df8b8,chunk_2ca960600a9df8b8,10,regolith.pdf
Method:comparison_to_lunar_regolith,Chunk:chunk_2ca960600a9df8b8,EVIDENCED_BY:37a39ab01c97aead,EVIDENCED_BY,supported by chunk,regolith.pdf p.10 page_text chunk_2ca960600a9df8b8,1.0,regolith.pdf p.10 page_text chunk_2ca960600a9df8b8,,,
Method:comparison_to_lunar_regolith,Paper:regolith,REPORTED_IN:db9f95e8e60c3fa1,REPORTED_IN,reported in this paper,regolith.pdf p.10 page_text chunk_2ca960600a9df8b8,1.0,regolith.pdf p.10 page_text chunk_2ca960600a9df8b8,,,
Method:comparison_to_lunar_regolith,Dataset:dataset_lunar_regolith_3d,USES:4dbb64e132d91747,USES,Comparison to lunar regolith uses recently published 3D data.,we additionally consider recently published 3D data of the lunar regolith,0.9,regolith.pdf p.10 page_text chunk_2ca960600a9df8b8,chunk_2ca960600a9df8b8,10,regolith.pdf
Method:comparison_to_lunar_regolith,Material:regolith_simulants,COMPARES_WITH:a840748e0cb78824,COMPARES_WITH,The analysis aims to showcase differences between simulants and actual lunar regolith.,differences between regolith simulants and actual lunar regolith,0.85,regolith.pdf p.10 page_text chunk_2ca960600a9df8b8,chunk_2ca960600a9df8b8,10,regolith.pdf
Method:comparison_to_lunar_regolith,Material:lunar_regolith,APPLIES_TO:f796b031e6b4edc1,APPLIES_TO,The comparison involves actual lunar regolith.,actual lunar regolith,0.9,regolith.pdf p.10 page_text chunk_2ca960600a9df8b8,chunk_2ca960600a9df8b8,10,regolith.pdf
Method:comparison_to_lunar_regolith,Equation:eq_v_gt_15000,USES:b571e4b665ffe750,USES,The lunar-regolith comparison only considers particles with volume larger than 15000 μm^3.,we only consider particles with a volume larger than 15000μm3,0.95,regolith.pdf p.10 page_text chunk_2ca960600a9df8b8,chunk_2ca960600a9df8b8,10,regolith.pdf
Method:comparison_to_lunar_regolith,Limitation:segmentation_artifacts,LIMITED_BY:65eb67c1f770186d,LIMITED_BY,"The analysis is constrained by segmentation artifacts, motivating the volume filter.",to avoid artifacts from segmentation,0.9,regolith.pdf p.10 page_text chunk_2ca960600a9df8b8,chunk_2ca960600a9df8b8,10,regolith.pdf
Dataset:dataset_lunar_regolith_3d,Chunk:chunk_2ca960600a9df8b8,EVIDENCED_BY:e19587e7c611c6e0,EVIDENCED_BY,supported by chunk,regolith.pdf p.10 page_text chunk_2ca960600a9df8b8,1.0,regolith.pdf p.10 page_text chunk_2ca960600a9df8b8,,,
Dataset:dataset_lunar_regolith_3d,Paper:regolith,REPORTED_IN:45642855247315dd,REPORTED_IN,reported in this paper,regolith.pdf p.10 page_text chunk_2ca960600a9df8b8,1.0,regolith.pdf p.10 page_text chunk_2ca960600a9df8b8,,,
Dataset:dataset_lunar_regolith_3d,Dataset:apollo_samples_10084_14163,PART_OF:bf605b662164985c,PART_OF,Apollo sample 3D data are part of the lunar regolith 3D data considered.,lunar regolith from Apollo samples 10084 and 14163,0.9,regolith.pdf p.10 page_text chunk_2ca960600a9df8b8,chunk_2ca960600a9df8b8,10,regolith.pdf
Dataset:dataset_lunar_regolith_3d,Dataset:change5_mission_data,PART_OF:1139b0ff98f4f7ff,PART_OF,Chang’e-5 3D data are part of the lunar regolith 3D data considered.,and from the Chang’e-5 mission,0.9,regolith.pdf p.10 page_text chunk_2ca960600a9df8b8,chunk_2ca960600a9df8b8,10,regolith.pdf
Dataset:apollo_samples_10084_14163,Chunk:chunk_2ca960600a9df8b8,EVIDENCED_BY:41d72304d7a4a3ae,EVIDENCED_BY,supported by chunk,regolith.pdf p.10 page_text chunk_2ca960600a9df8b8,1.0,regolith.pdf p.10 page_text chunk_2ca960600a9df8b8,,,
Dataset:apollo_samples_10084_14163,Paper:regolith,REPORTED_IN:395e47372fa24025,REPORTED_IN,reported in this paper,regolith.pdf p.10 page_text chunk_2ca960600a9df8b8,1.0,regolith.pdf p.10 page_text chunk_2ca960600a9df8b8,,,
Dataset:change5_mission_data,Chunk:chunk_2ca960600a9df8b8,EVIDENCED_BY:27a332d228a42b0b,EVIDENCED_BY,supported by chunk,regolith.pdf p.10 page_text chunk_2ca960600a9df8b8,1.0,regolith.pdf p.10 page_text chunk_2ca960600a9df8b8,,,
Dataset:change5_mission_data,Paper:regolith,REPORTED_IN:295d622a9f048d6f,REPORTED_IN,reported in this paper,regolith.pdf p.10 page_text chunk_2ca960600a9df8b8,1.0,regolith.pdf p.10 page_text chunk_2ca960600a9df8b8,,,
Equation:eq_v_gt_15000,Chunk:chunk_2ca960600a9df8b8,EVIDENCED_BY:242b92a114537e46,EVIDENCED_BY,supported by chunk,regolith.pdf p.10 page_text chunk_2ca960600a9df8b8,1.0,regolith.pdf p.10 page_text chunk_2ca960600a9df8b8,,,
Equation:eq_v_gt_15000,Paper:regolith,REPORTED_IN:9859a35bb1e06e75,REPORTED_IN,reported in this paper,regolith.pdf p.10 page_text chunk_2ca960600a9df8b8,1.0,regolith.pdf p.10 page_text chunk_2ca960600a9df8b8,,,
Limitation:segmentation_artifacts,Chunk:chunk_2ca960600a9df8b8,EVIDENCED_BY:927b2669633c9caf,EVIDENCED_BY,supported by chunk,regolith.pdf p.10 page_text chunk_2ca960600a9df8b8,1.0,regolith.pdf p.10 page_text chunk_2ca960600a9df8b8,,,
Limitation:segmentation_artifacts,Paper:regolith,REPORTED_IN:854c69fedd41a16f,REPORTED_IN,reported in this paper,regolith.pdf p.10 page_text chunk_2ca960600a9df8b8,1.0,regolith.pdf p.10 page_text chunk_2ca960600a9df8b8,,,
Person:person_chiaramonti,Chunk:chunk_2ca960600a9df8b8,EVIDENCED_BY:3535814889b1d234,EVIDENCED_BY,supported by chunk,regolith.pdf p.10 page_text chunk_2ca960600a9df8b8,1.0,regolith.pdf p.10 page_text chunk_2ca960600a9df8b8,,,
Person:person_chiaramonti,Paper:regolith,REPORTED_IN:525e8b1b0203f5d2,REPORTED_IN,reported in this paper,regolith.pdf p.10 page_text chunk_2ca960600a9df8b8,1.0,regolith.pdf p.10 page_text chunk_2ca960600a9df8b8,,,
Person:person_garboczi,Chunk:chunk_2ca960600a9df8b8,EVIDENCED_BY:21001fdc8a846d14,EVIDENCED_BY,supported by chunk,regolith.pdf p.10 page_text chunk_2ca960600a9df8b8,1.0,regolith.pdf p.10 page_text chunk_2ca960600a9df8b8,,,
Person:person_garboczi,Paper:regolith,REPORTED_IN:1b231b3e13eb90e1,REPORTED_IN,reported in this paper,regolith.pdf p.10 page_text chunk_2ca960600a9df8b8,1.0,regolith.pdf p.10 page_text chunk_2ca960600a9df8b8,,,
Person:person_wu,Chunk:chunk_2ca960600a9df8b8,EVIDENCED_BY:0b4e7fbb24f94dcd,EVIDENCED_BY,supported by chunk,regolith.pdf p.10 page_text chunk_2ca960600a9df8b8,1.0,regolith.pdf p.10 page_text chunk_2ca960600a9df8b8,,,
Person:person_wu,Paper:regolith,REPORTED_IN:d79e9a698ac18647,REPORTED_IN,reported in this paper,regolith.pdf p.10 page_text chunk_2ca960600a9df8b8,1.0,regolith.pdf p.10 page_text chunk_2ca960600a9df8b8,,,
Chunk:chunk_384212dd00619739,Paper:regolith,PART_OF:chunk_384212dd00619739,PART_OF,chunk belongs to paper,regolith.pdf p.13 page_text chunk_384212dd00619739,1.0,regolith.pdf p.13 page_text chunk_384212dd00619739,,,
Document:regolith_p13_chunk,Chunk:chunk_384212dd00619739,EVIDENCED_BY:b5e8bfab6398696e,EVIDENCED_BY,supported by chunk,regolith.pdf p.13 page_text chunk_384212dd00619739,1.0,regolith.pdf p.13 page_text chunk_384212dd00619739,,,
Document:regolith_p13_chunk,Paper:regolith,REPORTED_IN:02f7f99e70662e6c,REPORTED_IN,reported in this paper,regolith.pdf p.13 page_text chunk_384212dd00619739,1.0,regolith.pdf p.13 page_text chunk_384212dd00619739,,,
Document:regolith_p13_chunk,Person:matthias_weber,MENTIONS:25071a60ddbe3a74,MENTIONS,The chunk lists Matthias Weber as part of the author line.,Matthias Weber et al.,0.85,regolith.pdf p.13 page_text chunk_384212dd00619739,chunk_384212dd00619739,13,regolith.pdf
Document:regolith_p13_chunk,Method:multivariate_data_analysis,MENTIONS:aee589ebd6c6c82b,MENTIONS,The chunk discusses multivariate analysis results.,Multivariate Data Analysis,0.9,regolith.pdf p.13 page_text chunk_384212dd00619739,chunk_384212dd00619739,13,regolith.pdf
Document:regolith_p13_chunk,Method:parametric_modeling,MENTIONS:58562f90f20138a1,MENTIONS,The chunk discusses parametric modeling and its use for comparisons.,Parametric Modeling,0.9,regolith.pdf p.13 page_text chunk_384212dd00619739,chunk_384212dd00619739,13,regolith.pdf
Document:regolith_p13_chunk,Dataset:apollo_sample_10084,MENTIONS:c029974a96edbe7d,MENTIONS,The chunk references Apollo sample 10084 in discussing differences between landing sites.,Apollo sample 10084,0.9,regolith.pdf p.13 page_text chunk_384212dd00619739,chunk_384212dd00619739,13,regolith.pdf
Document:regolith_p13_chunk,Organization:chang_e_mission,MENTIONS:678350877d293a5a,MENTIONS,The chunk references the Chang’e mission in discussing mare landing site comparisons.,the Chang’e mission,0.9,regolith.pdf p.13 page_text chunk_384212dd00619739,chunk_384212dd00619739,13,regolith.pdf
Person:matthias_weber,Chunk:chunk_384212dd00619739,EVIDENCED_BY:e24a2e7ae11e5c5d,EVIDENCED_BY,supported by chunk,regolith.pdf p.13 page_text chunk_384212dd00619739,1.0,regolith.pdf p.13 page_text chunk_384212dd00619739,,,
Person:matthias_weber,Paper:regolith,REPORTED_IN:bef88dc44eb19290,REPORTED_IN,reported in this paper,regolith.pdf p.3 page_text chunk_99780812c420d780,1.0,regolith.pdf p.3 page_text chunk_99780812c420d780,,,
Person:matthias_weber,Chunk:chunk_99780812c420d780,EVIDENCED_BY:b2b28d124dde5f08,EVIDENCED_BY,supported by chunk,regolith.pdf p.3 page_text chunk_99780812c420d780,1.0,regolith.pdf p.3 page_text chunk_99780812c420d780,,,
Person:matthias_weber,Document:regolith_pdf_p3_chunk,REPORTED_IN:f60c34ab1e475399,REPORTED_IN,The chunk is associated with the author name shown in the header.,Matthias Weber et al. 3,0.42,regolith.pdf p.3 page_text chunk_99780812c420d780,chunk_99780812c420d780,3,regolith.pdf
Method:parametric_modeling,Chunk:chunk_384212dd00619739,EVIDENCED_BY:9eedf9522bd2fd7d,EVIDENCED_BY,supported by chunk,regolith.pdf p.13 page_text chunk_384212dd00619739,1.0,regolith.pdf p.13 page_text chunk_384212dd00619739,,,
Method:parametric_modeling,Paper:regolith,REPORTED_IN:992e8cda2b84f7df,REPORTED_IN,reported in this paper,regolith.pdf p.13 page_text chunk_384212dd00619739,1.0,regolith.pdf p.13 page_text chunk_384212dd00619739,,,
Method:parametric_modeling,Material:csm-lht-1_particles,APPLIES_TO:2cf2fb56c2ecc96b,APPLIES_TO,Parametric modeling was performed for CSM-LHT-1 particles.,multivariate analysis and parametric modeling performed for CSM-LHT-1 particles,0.9,regolith.pdf p.13 page_text chunk_384212dd00619739,chunk_384212dd00619739,13,regolith.pdf
Method:parametric_modeling,Application:morphology_texture_comparison,SUPPORTS:8bb629d2df480d8c,SUPPORTS,Parametric modeling is described as a framework to quantify and compare morphology and texture of samples.,parametric modeling can be em- ployed as an efficient and systematic framework to quantify and compare the morphology and texture of different samples,0.85,regolith.pdf p.13 page_text chunk_384212dd00619739,chunk_384212dd00619739,13,regolith.pdf
Method:parametric_modeling,Concept:descriptor_vectors,DERIVED_FROM:6888370de161e65c,DERIVED_FROM,The modeling yields interpretable parameters that characterize descriptor vectors.,relatively few interpretable parameters that characterize the multivariate probability distribution of de- scriptor vectors,0.8,regolith.pdf p.13 page_text chunk_384212dd00619739,chunk_384212dd00619739,13,regolith.pdf
Material:csm-lht-1_particles,Chunk:chunk_384212dd00619739,EVIDENCED_BY:52d82d9c7b5ad67f,EVIDENCED_BY,supported by chunk,regolith.pdf p.13 page_text chunk_384212dd00619739,1.0,regolith.pdf p.13 page_text chunk_384212dd00619739,,,
Material:csm-lht-1_particles,Paper:regolith,REPORTED_IN:576dc8e3a7485078,REPORTED_IN,reported in this paper,regolith.pdf p.13 page_text chunk_384212dd00619739,1.0,regolith.pdf p.13 page_text chunk_384212dd00619739,,,
Dataset:apollo_sample_10084,Chunk:chunk_384212dd00619739,EVIDENCED_BY:8d3ada680ab42ece,EVIDENCED_BY,supported by chunk,regolith.pdf p.13 page_text chunk_384212dd00619739,1.0,regolith.pdf p.13 page_text chunk_384212dd00619739,,,
Dataset:apollo_sample_10084,Paper:regolith,REPORTED_IN:12c0d51711bac734,REPORTED_IN,reported in this paper,regolith.pdf p.13 page_text chunk_384212dd00619739,1.0,regolith.pdf p.13 page_text chunk_384212dd00619739,,,
Dataset:apollo_sample_10084,Concept:landing_sites,PART_OF:e02292a5e91ca2c5,PART_OF,Apollo sample 10084 is described in the context of a mare landing site among different landing sites.,mare landing sites from Apollo sample 10084,0.75,regolith.pdf p.13 page_text chunk_384212dd00619739,chunk_384212dd00619739,13,regolith.pdf
Organization:chang_e_mission,Chunk:chunk_384212dd00619739,EVIDENCED_BY:b849eaed32985e02,EVIDENCED_BY,supported by chunk,regolith.pdf p.13 page_text chunk_384212dd00619739,1.0,regolith.pdf p.13 page_text chunk_384212dd00619739,,,
Organization:chang_e_mission,Paper:regolith,REPORTED_IN:a3f17ce425aaf998,REPORTED_IN,reported in this paper,regolith.pdf p.13 page_text chunk_384212dd00619739,1.0,regolith.pdf p.13 page_text chunk_384212dd00619739,,,
Organization:chang_e_mission,Concept:landing_sites,MENTIONS:98dd50f33b36f042,MENTIONS,The Chang’e mission is mentioned in the context of a mare landing site comparison.,mare landing sites ... and the Chang’e mission,0.7,regolith.pdf p.13 page_text chunk_384212dd00619739,chunk_384212dd00619739,13,regolith.pdf
Concept:landing_sites,Chunk:chunk_384212dd00619739,EVIDENCED_BY:978b730817d728e2,EVIDENCED_BY,supported by chunk,regolith.pdf p.13 page_text chunk_384212dd00619739,1.0,regolith.pdf p.13 page_text chunk_384212dd00619739,,,
Concept:landing_sites,Paper:regolith,REPORTED_IN:9bde2f3cedb82b3a,REPORTED_IN,reported in this paper,regolith.pdf p.13 page_text chunk_384212dd00619739,1.0,regolith.pdf p.13 page_text chunk_384212dd00619739,,,
Application:digital_twin_regolith,Chunk:chunk_384212dd00619739,EVIDENCED_BY:454f533c839cf45a,EVIDENCED_BY,supported by chunk,regolith.pdf p.13 page_text chunk_384212dd00619739,1.0,regolith.pdf p.13 page_text chunk_384212dd00619739,,,
Application:digital_twin_regolith,Paper:regolith,REPORTED_IN:8c693df9dea48d81,REPORTED_IN,reported in this paper,regolith.pdf p.13 page_text chunk_384212dd00619739,1.0,regolith.pdf p.13 page_text chunk_384212dd00619739,,,
Variable:particle_volume,Chunk:chunk_384212dd00619739,EVIDENCED_BY:61f1c0e10adc800f,EVIDENCED_BY,supported by chunk,regolith.pdf p.13 page_text chunk_384212dd00619739,1.0,regolith.pdf p.13 page_text chunk_384212dd00619739,,,
Variable:particle_volume,Paper:regolith,REPORTED_IN:7f7c809fbbd29c8b,REPORTED_IN,reported in this paper,regolith.pdf p.13 page_text chunk_384212dd00619739,1.0,regolith.pdf p.13 page_text chunk_384212dd00619739,,,
Variable:particle_volume,Variable:surface_area,INFLUENCES:992b45ae48474e90,INFLUENCES,Particle volume and surface area are reported as strongly correlated.,particle volume and surface area are strongly corre- lated,0.85,regolith.pdf p.13 page_text chunk_384212dd00619739,chunk_384212dd00619739,13,regolith.pdf
Variable:particle_volume,Descriptor:sphericity,INFLUENCES:c3d3ad491c9ae322,INFLUENCES,Particle volume is reported as negatively correlated with sphericity.,"particle volume and surface area are strongly corre- lated, both negatively with sphericity",0.8,regolith.pdf p.13 page_text chunk_384212dd00619739,chunk_384212dd00619739,13,regolith.pdf
Variable:surface_area,Chunk:chunk_384212dd00619739,EVIDENCED_BY:d1edcd1e42cd2577,EVIDENCED_BY,supported by chunk,regolith.pdf p.13 page_text chunk_384212dd00619739,1.0,regolith.pdf p.13 page_text chunk_384212dd00619739,,,
Variable:surface_area,Paper:regolith,REPORTED_IN:f36c69a594127aba,REPORTED_IN,reported in this paper,regolith.pdf p.13 page_text chunk_384212dd00619739,1.0,regolith.pdf p.13 page_text chunk_384212dd00619739,,,
Variable:surface_area,Descriptor:sphericity,INFLUENCES:e900021bf71ad9fb,INFLUENCES,Surface area is reported as negatively correlated with sphericity.,"particle volume and surface area are strongly corre- lated, both negatively with sphericity",0.8,regolith.pdf p.13 page_text chunk_384212dd00619739,chunk_384212dd00619739,13,regolith.pdf
Descriptor:sphericity,Chunk:chunk_384212dd00619739,EVIDENCED_BY:dccfbba86159fbaf,EVIDENCED_BY,supported by chunk,regolith.pdf p.13 page_text chunk_384212dd00619739,1.0,regolith.pdf p.13 page_text chunk_384212dd00619739,,,
Descriptor:sphericity,Paper:regolith,REPORTED_IN:e9f3dac9318a0a27,REPORTED_IN,reported in this paper,regolith.pdf p.13 page_text chunk_384212dd00619739,1.0,regolith.pdf p.13 page_text chunk_384212dd00619739,,,
Descriptor:aspect_ratio,Chunk:chunk_384212dd00619739,EVIDENCED_BY:6d20173a0edd905b,EVIDENCED_BY,supported by chunk,regolith.pdf p.13 page_text chunk_384212dd00619739,1.0,regolith.pdf p.13 page_text chunk_384212dd00619739,,,
Descriptor:aspect_ratio,Paper:regolith,REPORTED_IN:34decceed3a1382c,REPORTED_IN,reported in this paper,regolith.pdf p.13 page_text chunk_384212dd00619739,1.0,regolith.pdf p.13 page_text chunk_384212dd00619739,,,
Descriptor:aspect_ratio,Concept:size_related_descriptors,COMPARES_WITH:3042f2af31063f06,COMPARES_WITH,Aspect ratio is stated to exhibit no clear correlation with size-related descriptors.,aspect ratio exhibits no clear correlation with size-related descriptors,0.85,regolith.pdf p.13 page_text chunk_384212dd00619739,chunk_384212dd00619739,13,regolith.pdf
Descriptor:gray_value_cv,Chunk:chunk_384212dd00619739,EVIDENCED_BY:8f4b8cf8dba7d094,EVIDENCED_BY,supported by chunk,regolith.pdf p.13 page_text chunk_384212dd00619739,1.0,regolith.pdf p.13 page_text chunk_384212dd00619739,,,
Descriptor:gray_value_cv,Paper:regolith,REPORTED_IN:2c3f240f7a84a22c,REPORTED_IN,reported in this paper,regolith.pdf p.13 page_text chunk_384212dd00619739,1.0,regolith.pdf p.13 page_text chunk_384212dd00619739,,,
Descriptor:gray_value_cv,Variable:particle_volume,INFLUENCES:caff3f3290d5c67c,INFLUENCES,Gray-value coefficient of variation is reported as strongly positively correlated with particle volumes.,"strongly positively correlated to particle sizes, i.e., volumes and surface areas",0.85,regolith.pdf p.13 page_text chunk_384212dd00619739,chunk_384212dd00619739,13,regolith.pdf
Descriptor:gray_value_cv,Variable:surface_area,INFLUENCES:60b78f1b8dfcd075,INFLUENCES,Gray-value coefficient of variation is reported as strongly positively correlated with particle surface areas.,"strongly positively correlated to particle sizes, i.e., volumes and surface areas",0.85,regolith.pdf p.13 page_text chunk_384212dd00619739,chunk_384212dd00619739,13,regolith.pdf
Concept:size_related_descriptors,Chunk:chunk_384212dd00619739,EVIDENCED_BY:2b5fcaceb58af1c3,EVIDENCED_BY,supported by chunk,regolith.pdf p.13 page_text chunk_384212dd00619739,1.0,regolith.pdf p.13 page_text chunk_384212dd00619739,,,
Concept:size_related_descriptors,Paper:regolith,REPORTED_IN:83bac0ffbb76243a,REPORTED_IN,reported in this paper,regolith.pdf p.13 page_text chunk_384212dd00619739,1.0,regolith.pdf p.13 page_text chunk_384212dd00619739,,,
Application:morphology_texture_comparison,Chunk:chunk_384212dd00619739,EVIDENCED_BY:bec17553e4893931,EVIDENCED_BY,supported by chunk,regolith.pdf p.13 page_text chunk_384212dd00619739,1.0,regolith.pdf p.13 page_text chunk_384212dd00619739,,,
Application:morphology_texture_comparison,Paper:regolith,REPORTED_IN:df3a0a84e1c8a63b,REPORTED_IN,reported in this paper,regolith.pdf p.13 page_text chunk_384212dd00619739,1.0,regolith.pdf p.13 page_text chunk_384212dd00619739,,,
Concept:descriptor_vectors,Chunk:chunk_384212dd00619739,EVIDENCED_BY:8a215f0b0968ecbb,EVIDENCED_BY,supported by chunk,regolith.pdf p.13 page_text chunk_384212dd00619739,1.0,regolith.pdf p.13 page_text chunk_384212dd00619739,,,
Concept:descriptor_vectors,Paper:regolith,REPORTED_IN:4d2963703756f6ea,REPORTED_IN,reported in this paper,regolith.pdf p.13 page_text chunk_384212dd00619739,1.0,regolith.pdf p.13 page_text chunk_384212dd00619739,,,
Concept:descriptor_vectors,Concept:multivariate_probability_distribution,PART_OF:8c5b19d462fa66bd,PART_OF,Descriptor vectors are described as having a multivariate probability distribution.,multivariate probability distribution of de- scriptor vectors,0.8,regolith.pdf p.13 page_text chunk_384212dd00619739,chunk_384212dd00619739,13,regolith.pdf
Concept:multivariate_probability_distribution,Chunk:chunk_384212dd00619739,EVIDENCED_BY:8d76d5c4d07d1efe,EVIDENCED_BY,supported by chunk,regolith.pdf p.13 page_text chunk_384212dd00619739,1.0,regolith.pdf p.13 page_text chunk_384212dd00619739,,,
Concept:multivariate_probability_distribution,Paper:regolith,REPORTED_IN:2d1d66143048843f,REPORTED_IN,reported in this paper,regolith.pdf p.13 page_text chunk_384212dd00619739,1.0,regolith.pdf p.13 page_text chunk_384212dd00619739,,,
Finding:finding_vol_sa_strong_corr,Chunk:chunk_384212dd00619739,EVIDENCED_BY:abe3590a06c0126f,EVIDENCED_BY,supported by chunk,regolith.pdf p.13 page_text chunk_384212dd00619739,1.0,regolith.pdf p.13 page_text chunk_384212dd00619739,,,
Finding:finding_vol_sa_strong_corr,Paper:regolith,REPORTED_IN:968bbe0e8f958b74,REPORTED_IN,reported in this paper,regolith.pdf p.13 page_text chunk_384212dd00619739,1.0,regolith.pdf p.13 page_text chunk_384212dd00619739,,,
Finding:finding_vol_sa_strong_corr,Variable:particle_volume,MENTIONS:8eaf87513fe98ac1,MENTIONS,The finding concerns particle volume.,particle volume and surface area are strongly corre- lated,0.9,regolith.pdf p.13 page_text chunk_384212dd00619739,chunk_384212dd00619739,13,regolith.pdf
Finding:finding_vol_sa_strong_corr,Variable:surface_area,MENTIONS:61a54b68c3e75c6f,MENTIONS,The finding concerns surface area.,particle volume and surface area are strongly corre- lated,0.9,regolith.pdf p.13 page_text chunk_384212dd00619739,chunk_384212dd00619739,13,regolith.pdf
Finding:finding_vol_sa_strong_corr,Document:regolith_p13_chunk,REPORTED_IN:7c30af2fa08d0a48,REPORTED_IN,The volume-surface area correlation is reported in this document chunk.,Figure 7indi- cates that particle volume and surface area are strongly corre- lated,0.85,regolith.pdf p.13 page_text chunk_384212dd00619739,chunk_384212dd00619739,13,regolith.pdf
Finding:finding_vol_sa_neg_with_sphericity,Chunk:chunk_384212dd00619739,EVIDENCED_BY:6113e48530475f78,EVIDENCED_BY,supported by chunk,regolith.pdf p.13 page_text chunk_384212dd00619739,1.0,regolith.pdf p.13 page_text chunk_384212dd00619739,,,
Finding:finding_vol_sa_neg_with_sphericity,Paper:regolith,REPORTED_IN:828133418ad963ff,REPORTED_IN,reported in this paper,regolith.pdf p.13 page_text chunk_384212dd00619739,1.0,regolith.pdf p.13 page_text chunk_384212dd00619739,,,
Finding:finding_vol_sa_neg_with_sphericity,Descriptor:sphericity,MENTIONS:4033841c9fdb7a27,MENTIONS,The finding involves sphericity.,both negatively with sphericity,0.9,regolith.pdf p.13 page_text chunk_384212dd00619739,chunk_384212dd00619739,13,regolith.pdf
Finding:finding_aspect_ratio_no_corr_size,Chunk:chunk_384212dd00619739,EVIDENCED_BY:46f55fed5005cb5a,EVIDENCED_BY,supported by chunk,regolith.pdf p.13 page_text chunk_384212dd00619739,1.0,regolith.pdf p.13 page_text chunk_384212dd00619739,,,
Finding:finding_aspect_ratio_no_corr_size,Paper:regolith,REPORTED_IN:50b996b952373a68,REPORTED_IN,reported in this paper,regolith.pdf p.13 page_text chunk_384212dd00619739,1.0,regolith.pdf p.13 page_text chunk_384212dd00619739,,,
Finding:finding_aspect_ratio_no_corr_size,Descriptor:aspect_ratio,MENTIONS:f8a2067866cf82d0,MENTIONS,The finding concerns aspect ratio.,aspect ratio exhibits no clear correlation with size-related descriptors,0.9,regolith.pdf p.13 page_text chunk_384212dd00619739,chunk_384212dd00619739,13,regolith.pdf
Finding:finding_gray_cv_pos_corr_size,Chunk:chunk_384212dd00619739,EVIDENCED_BY:50102950d176a9de,EVIDENCED_BY,supported by chunk,regolith.pdf p.13 page_text chunk_384212dd00619739,1.0,regolith.pdf p.13 page_text chunk_384212dd00619739,,,
Finding:finding_gray_cv_pos_corr_size,Paper:regolith,REPORTED_IN:5148e564054a1751,REPORTED_IN,reported in this paper,regolith.pdf p.13 page_text chunk_384212dd00619739,1.0,regolith.pdf p.13 page_text chunk_384212dd00619739,,,
Finding:finding_gray_cv_pos_corr_size,Descriptor:gray_value_cv,MENTIONS:54024de6dd7a0a58,MENTIONS,The finding concerns coefficients of variation of particle-wise gray values.,coeffi- cients of variation of particle-wise gray values are strongly positively correlated,0.9,regolith.pdf p.13 page_text chunk_384212dd00619739,chunk_384212dd00619739,13,regolith.pdf
Finding:finding_gray_cv_pos_corr_size,Document:regolith_p13_chunk,REPORTED_IN:2130776e926e11b6,REPORTED_IN,The gray-value variation correlation with size is reported in this document chunk.,coeffi- cients of variation of particle-wise gray values are strongly positively correlated to particle sizes,0.85,regolith.pdf p.13 page_text chunk_384212dd00619739,chunk_384212dd00619739,13,regolith.pdf
Finding:finding_larger_particles_mixture,Chunk:chunk_384212dd00619739,EVIDENCED_BY:fe10123bddfe02ad,EVIDENCED_BY,supported by chunk,regolith.pdf p.13 page_text chunk_384212dd00619739,1.0,regolith.pdf p.13 page_text chunk_384212dd00619739,,,
Finding:finding_larger_particles_mixture,Paper:regolith,REPORTED_IN:983c82ae351b93c9,REPORTED_IN,reported in this paper,regolith.pdf p.13 page_text chunk_384212dd00619739,1.0,regolith.pdf p.13 page_text chunk_384212dd00619739,,,
Finding:finding_larger_particles_mixture,Variable:particle_volume,SUPPORTS:a02769ca09481b96,SUPPORTS,The interpretation links larger particle size (volume) with mixed-material composition likelihood.,This might indicate that larger particles are more likely to be composed of a mixture of different materials,0.65,regolith.pdf p.13 page_text chunk_384212dd00619739,chunk_384212dd00619739,13,regolith.pdf
Limitation:limitation_measurement_techniques,Chunk:chunk_384212dd00619739,EVIDENCED_BY:e4ebdece57ddc524,EVIDENCED_BY,supported by chunk,regolith.pdf p.13 page_text chunk_384212dd00619739,1.0,regolith.pdf p.13 page_text chunk_384212dd00619739,,,
Limitation:limitation_measurement_techniques,Paper:regolith,REPORTED_IN:b01212520c792b54,REPORTED_IN,reported in this paper,regolith.pdf p.13 page_text chunk_384212dd00619739,1.0,regolith.pdf p.13 page_text chunk_384212dd00619739,,,
Limitation:limitation_measurement_techniques,Material:lunar_regolith,LIMITED_BY:b2bffe62699b0a42,LIMITED_BY,Interpretation of differences among lunar regolith samples is limited by differing measurement/analysis techniques.,"samples have been measured and analyzed using different techniques, it is un- clear to what extent these measured differences correspond to actual differences in material",0.85,regolith.pdf p.13 page_text chunk_384212dd00619739,chunk_384212dd00619739,13,regolith.pdf
Limitation:limitation_beyond_scope,Chunk:chunk_384212dd00619739,EVIDENCED_BY:97c54cd5e2d879ca,EVIDENCED_BY,supported by chunk,regolith.pdf p.13 page_text chunk_384212dd00619739,1.0,regolith.pdf p.13 page_text chunk_384212dd00619739,,,
Limitation:limitation_beyond_scope,Paper:regolith,REPORTED_IN:ae68de052db1055d,REPORTED_IN,reported in this paper,regolith.pdf p.13 page_text chunk_384212dd00619739,1.0,regolith.pdf p.13 page_text chunk_384212dd00619739,,,
Limitation:limitation_beyond_scope,Finding:finding_larger_particles_mixture,LIMITED_BY:6871c2c3287e6dbe,LIMITED_BY,The chunk notes that further analysis of the observed behavior is beyond the paper’s scope.,While further analysis of this behavior lies beyond the scope of the present paper,0.8,regolith.pdf p.13 page_text chunk_384212dd00619739,chunk_384212dd00619739,13,regolith.pdf
Finding:finding_need_further_investigations,Chunk:chunk_384212dd00619739,EVIDENCED_BY:a9671b171f1903eb,EVIDENCED_BY,supported by chunk,regolith.pdf p.13 page_text chunk_384212dd00619739,1.0,regolith.pdf p.13 page_text chunk_384212dd00619739,,,
Finding:finding_need_further_investigations,Paper:regolith,REPORTED_IN:5e2011fe24a228db,REPORTED_IN,reported in this paper,regolith.pdf p.13 page_text chunk_384212dd00619739,1.0,regolith.pdf p.13 page_text chunk_384212dd00619739,,,
Finding:finding_need_further_investigations,Application:digital_twin_regolith,SUPPORTS:37920a2092dd6566,SUPPORTS,The chunk states that uncertainties and differences corroborate development of a digital twin for regolith from different landing sites.,corroborate the need for further investigations of actual lunar regolith and the development of a digital twin for regolith from different landing sites,0.85,regolith.pdf p.13 page_text chunk_384212dd00619739,chunk_384212dd00619739,13,regolith.pdf
Finding:finding_need_further_investigations,Material:regolith_simulants,EVIDENCED_BY:0c7a8cf127d013a9,EVIDENCED_BY,The stated need for further investigations is supported by huge differences between regolith simulants and lunar regolith.,the huge differences between regolith simulants and lunar regolith corroborate the need for further investigations,0.8,regolith.pdf p.13 page_text chunk_384212dd00619739,chunk_384212dd00619739,13,regolith.pdf
Chunk:chunk_99780812c420d780,Paper:regolith,PART_OF:chunk_99780812c420d780,PART_OF,chunk belongs to paper,regolith.pdf p.3 page_text chunk_99780812c420d780,1.0,regolith.pdf p.3 page_text chunk_99780812c420d780,,,
Document:regolith_pdf_p3_chunk,Chunk:chunk_99780812c420d780,EVIDENCED_BY:8268224fc0bae248,EVIDENCED_BY,supported by chunk,regolith.pdf p.3 page_text chunk_99780812c420d780,1.0,regolith.pdf p.3 page_text chunk_99780812c420d780,,,
Document:regolith_pdf_p3_chunk,Paper:regolith,REPORTED_IN:08d15f9400cec857,REPORTED_IN,reported in this paper,regolith.pdf p.3 page_text chunk_99780812c420d780,1.0,regolith.pdf p.3 page_text chunk_99780812c420d780,,,
Document:regolith_pdf_p3_chunk,Method:xray_ct,MENTIONS:055197c614ecd87d,MENTIONS,The chunk explicitly discusses using X-ray CT for further analysis.,"For further analysis, in particular when using X-ray CT",0.86,regolith.pdf p.3 page_text chunk_99780812c420d780,chunk_99780812c420d780,3,regolith.pdf
Method:xray_ct,Chunk:chunk_99780812c420d780,EVIDENCED_BY:8f704586c50ce2fd,EVIDENCED_BY,supported by chunk,regolith.pdf p.3 page_text chunk_99780812c420d780,1.0,regolith.pdf p.3 page_text chunk_99780812c420d780,,,
Method:xray_ct,Paper:regolith,REPORTED_IN:96e67f964ba2a675,REPORTED_IN,reported in this paper,regolith.pdf p.3 page_text chunk_99780812c420d780,1.0,regolith.pdf p.3 page_text chunk_99780812c420d780,,,
Method:xray_ct,Concept:conical_xray_beam,USES:32f9b6e8c8e551af,USES,X-ray CT uses a conical X-ray beam that passes through the sample.,The conical X-ray beam passes through the sample,0.78,regolith.pdf p.3 page_text chunk_99780812c420d780,chunk_99780812c420d780,3,regolith.pdf
Method:xray_tomography,Chunk:chunk_99780812c420d780,EVIDENCED_BY:1cbc6927e385d32d,EVIDENCED_BY,supported by chunk,regolith.pdf p.3 page_text chunk_99780812c420d780,1.0,regolith.pdf p.3 page_text chunk_99780812c420d780,,,
Method:xray_tomography,Paper:regolith,REPORTED_IN:532aac2b7023cf43,REPORTED_IN,reported in this paper,regolith.pdf p.3 page_text chunk_99780812c420d780,1.0,regolith.pdf p.3 page_text chunk_99780812c420d780,,,
Method:xray_tomography,Material:regolith_simulants,APPLIES_TO:adc13ea774ccc596,APPLIES_TO,X-ray tomography measurements are applied to particles of regolith simulants.,particles of the regolith simulants ... measured via X-ray tomography,0.82,regolith.pdf p.3 page_text chunk_99780812c420d780,chunk_99780812c420d780,3,regolith.pdf
Method:sieving,Chunk:chunk_99780812c420d780,EVIDENCED_BY:a98229425cdd6696,EVIDENCED_BY,supported by chunk,regolith.pdf p.3 page_text chunk_99780812c420d780,1.0,regolith.pdf p.3 page_text chunk_99780812c420d780,,,
Method:sieving,Paper:regolith,REPORTED_IN:28ce05f7abaa7f4b,REPORTED_IN,reported in this paper,regolith.pdf p.3 page_text chunk_99780812c420d780,1.0,regolith.pdf p.3 page_text chunk_99780812c420d780,,,
Method:sieving,Descriptor:fraction_lt_250um,HAS_PROPERTY:34f5b438306b1da9,HAS_PROPERTY,Sieving was used to select particles smaller than 250 µm.,we chose to sieve all samples to <250μm,0.9,regolith.pdf p.3 page_text chunk_99780812c420d780,chunk_99780812c420d780,3,regolith.pdf
Method:wet_sieving,Chunk:chunk_99780812c420d780,EVIDENCED_BY:17c9781e3285475e,EVIDENCED_BY,supported by chunk,regolith.pdf p.3 page_text chunk_99780812c420d780,1.0,regolith.pdf p.3 page_text chunk_99780812c420d780,,,
Method:wet_sieving,Paper:regolith,REPORTED_IN:6efab470901a1c3f,REPORTED_IN,reported in this paper,regolith.pdf p.3 page_text chunk_99780812c420d780,1.0,regolith.pdf p.3 page_text chunk_99780812c420d780,,,
Method:wet_sieving,Descriptor:fines_lt_25um,HAS_PROPERTY:4d2a7c756aba3e4d,HAS_PROPERTY,Wet sieving removed fines below 25 µm for CT measurements.,removed the fines below 25μm by wet sieving,0.9,regolith.pdf p.3 page_text chunk_99780812c420d780,chunk_99780812c420d780,3,regolith.pdf
Instrument:mastersizer_3000,Chunk:chunk_99780812c420d780,EVIDENCED_BY:27a1144497a90088,EVIDENCED_BY,supported by chunk,regolith.pdf p.3 page_text chunk_99780812c420d780,1.0,regolith.pdf p.3 page_text chunk_99780812c420d780,,,
Instrument:mastersizer_3000,Paper:regolith,REPORTED_IN:73ff377eb0a1fd98,REPORTED_IN,reported in this paper,regolith.pdf p.3 page_text chunk_99780812c420d780,1.0,regolith.pdf p.3 page_text chunk_99780812c420d780,,,
Instrument:mastersizer_3000,Method:laser_diffraction,USES:049778090697d83d,USES,The Mastersizer 3000 instrument is associated with laser diffraction measurements.,"laser diffraction (Malvern, Mastersizer 3000)",0.9,regolith.pdf p.3 page_text chunk_99780812c420d780,chunk_99780812c420d780,3,regolith.pdf
Dataset:table_2_psd,Chunk:chunk_99780812c420d780,EVIDENCED_BY:0d08d17b789940ab,EVIDENCED_BY,supported by chunk,regolith.pdf p.3 page_text chunk_99780812c420d780,1.0,regolith.pdf p.3 page_text chunk_99780812c420d780,,,
Dataset:table_2_psd,Paper:regolith,REPORTED_IN:9d4943a71894110b,REPORTED_IN,reported in this paper,regolith.pdf p.3 page_text chunk_99780812c420d780,1.0,regolith.pdf p.3 page_text chunk_99780812c420d780,,,
Dataset:table_2_psd,Variable:particle_size_distribution,REPORTED_IN:e78645035c8895de,REPORTED_IN,Table 2 contains information on particle size distribution after sieving.,Table 2shows information on the particle size distri- bution after sieving,0.86,regolith.pdf p.3 page_text chunk_99780812c420d780,chunk_99780812c420d780,3,regolith.pdf
Variable:particle_size_distribution,Chunk:chunk_99780812c420d780,EVIDENCED_BY:2fb43cc5df92a2ad,EVIDENCED_BY,supported by chunk,regolith.pdf p.3 page_text chunk_99780812c420d780,1.0,regolith.pdf p.3 page_text chunk_99780812c420d780,,,
Variable:particle_size_distribution,Paper:regolith,REPORTED_IN:f56a4ff591e660df,REPORTED_IN,reported in this paper,regolith.pdf p.3 page_text chunk_99780812c420d780,1.0,regolith.pdf p.3 page_text chunk_99780812c420d780,,,
Descriptor:fraction_lt_250um,Chunk:chunk_99780812c420d780,EVIDENCED_BY:d50e39983107bb8a,EVIDENCED_BY,supported by chunk,regolith.pdf p.3 page_text chunk_99780812c420d780,1.0,regolith.pdf p.3 page_text chunk_99780812c420d780,,,
Descriptor:fraction_lt_250um,Paper:regolith,REPORTED_IN:286d3999980639c1,REPORTED_IN,reported in this paper,regolith.pdf p.3 page_text chunk_99780812c420d780,1.0,regolith.pdf p.3 page_text chunk_99780812c420d780,,,
Descriptor:fines_lt_25um,Chunk:chunk_99780812c420d780,EVIDENCED_BY:66c132994d36360f,EVIDENCED_BY,supported by chunk,regolith.pdf p.3 page_text chunk_99780812c420d780,1.0,regolith.pdf p.3 page_text chunk_99780812c420d780,,,
Descriptor:fines_lt_25um,Paper:regolith,REPORTED_IN:5c1700426ab8fb68,REPORTED_IN,reported in this paper,regolith.pdf p.3 page_text chunk_99780812c420d780,1.0,regolith.pdf p.3 page_text chunk_99780812c420d780,,,
Descriptor:fraction_25_250um,Chunk:chunk_99780812c420d780,EVIDENCED_BY:1ce911061391f29d,EVIDENCED_BY,supported by chunk,regolith.pdf p.3 page_text chunk_99780812c420d780,1.0,regolith.pdf p.3 page_text chunk_99780812c420d780,,,
Descriptor:fraction_25_250um,Paper:regolith,REPORTED_IN:08856b28931676f6,REPORTED_IN,reported in this paper,regolith.pdf p.3 page_text chunk_99780812c420d780,1.0,regolith.pdf p.3 page_text chunk_99780812c420d780,,,
Descriptor:fraction_25_250um,Limitation:imaging_constraints_min_voxels,LIMITED_BY:419aaded8167afd2,LIMITED_BY,The commonly used 25–250 µm selection is a trade-off driven by imaging constraints including minimum voxel requirements.,trade-off between practical imaging constraints (like the min- imum number of voxels for a reasonable description of particle shape),0.82,regolith.pdf p.3 page_text chunk_99780812c420d780,chunk_99780812c420d780,3,regolith.pdf
Descriptor:fraction_25_250um,Limitation:size_selection_bias,CAUSES:d360ca8e96ba3b94,CAUSES,Selecting the 25–250 µm fraction may introduce bias.,this selection may lead to bias,0.84,regolith.pdf p.3 page_text chunk_99780812c420d780,chunk_99780812c420d780,3,regolith.pdf
Limitation:imaging_constraints_min_voxels,Chunk:chunk_99780812c420d780,EVIDENCED_BY:efc09eec976953b4,EVIDENCED_BY,supported by chunk,regolith.pdf p.3 page_text chunk_99780812c420d780,1.0,regolith.pdf p.3 page_text chunk_99780812c420d780,,,
Limitation:imaging_constraints_min_voxels,Paper:regolith,REPORTED_IN:828fe1fa4862a88d,REPORTED_IN,reported in this paper,regolith.pdf p.3 page_text chunk_99780812c420d780,1.0,regolith.pdf p.3 page_text chunk_99780812c420d780,,,
Limitation:size_selection_bias,Chunk:chunk_99780812c420d780,EVIDENCED_BY:73ed2a247858b1d8,EVIDENCED_BY,supported by chunk,regolith.pdf p.3 page_text chunk_99780812c420d780,1.0,regolith.pdf p.3 page_text chunk_99780812c420d780,,,
Limitation:size_selection_bias,Paper:regolith,REPORTED_IN:cfa8693b597c52ab,REPORTED_IN,reported in this paper,regolith.pdf p.3 page_text chunk_99780812c420d780,1.0,regolith.pdf p.3 page_text chunk_99780812c420d780,,,
Limitation:size_selection_bias,Limitation:generalization_caution,SUPPORTS:147094b1bf4c8ec5,SUPPORTS,Potential bias supports the caution against generalizing results beyond the measured size range.,caution should be taken when generalizing,0.76,regolith.pdf p.3 page_text chunk_99780812c420d780,chunk_99780812c420d780,3,regolith.pdf
Limitation:generalization_caution,Chunk:chunk_99780812c420d780,EVIDENCED_BY:46f59534d2a939d2,EVIDENCED_BY,supported by chunk,regolith.pdf p.3 page_text chunk_99780812c420d780,1.0,regolith.pdf p.3 page_text chunk_99780812c420d780,,,
Limitation:generalization_caution,Paper:regolith,REPORTED_IN:4be95f000a92964c,REPORTED_IN,reported in this paper,regolith.pdf p.3 page_text chunk_99780812c420d780,1.0,regolith.pdf p.3 page_text chunk_99780812c420d780,,,
Limitation:generalization_caution,Variable:particle_size_distribution,LIMITED_BY:4dde21061539c35b,LIMITED_BY,The results are limited to only part of the full particle size distribution.,represent only part of the particle size distribution,0.84,regolith.pdf p.3 page_text chunk_99780812c420d780,chunk_99780812c420d780,3,regolith.pdf
Concept:xray_generation,Chunk:chunk_99780812c420d780,EVIDENCED_BY:f0afd1c672c7e207,EVIDENCED_BY,supported by chunk,regolith.pdf p.3 page_text chunk_99780812c420d780,1.0,regolith.pdf p.3 page_text chunk_99780812c420d780,,,
Concept:xray_generation,Paper:regolith,REPORTED_IN:f3b2ab7d69909396,REPORTED_IN,reported in this paper,regolith.pdf p.3 page_text chunk_99780812c420d780,1.0,regolith.pdf p.3 page_text chunk_99780812c420d780,,,
Concept:xray_generation,Instrument:target_anode,USES:4ee5fcd64ffc21bc,USES,X-ray generation occurs when electrons travel from cathode to a target anode.,"electrons ... to a target anode (e.g., tungsten), generate X-rays",0.78,regolith.pdf p.3 page_text chunk_99780812c420d780,chunk_99780812c420d780,3,regolith.pdf
Concept:xray_generation,Concept:xray_interaction_bulb,CAUSES:b7dfd7e5e9643a35,CAUSES,The interaction within the target creates a bulb-shaped volume.,interaction within the target creates a bulb-shaped volume,0.8,regolith.pdf p.3 page_text chunk_99780812c420d780,chunk_99780812c420d780,3,regolith.pdf
Instrument:target_anode,Chunk:chunk_99780812c420d780,EVIDENCED_BY:b9dd5e51219ea33b,EVIDENCED_BY,supported by chunk,regolith.pdf p.3 page_text chunk_99780812c420d780,1.0,regolith.pdf p.3 page_text chunk_99780812c420d780,,,
Instrument:target_anode,Paper:regolith,REPORTED_IN:61679dcdde931121,REPORTED_IN,reported in this paper,regolith.pdf p.3 page_text chunk_99780812c420d780,1.0,regolith.pdf p.3 page_text chunk_99780812c420d780,,,
Instrument:target_anode,Material:tungsten,HAS_PROPERTY:78e05809457f76bc,HAS_PROPERTY,Tungsten is given as an example target anode material.,"a target anode (e.g., tungsten)",0.75,regolith.pdf p.3 page_text chunk_99780812c420d780,chunk_99780812c420d780,3,regolith.pdf
Instrument:target_anode,Concept:characteristic_xrays,MENTIONS:61007120849db6e5,MENTIONS,Characteristic X-rays are determined by the target material.,"characteristic X-rays, determined by the target material",0.86,regolith.pdf p.3 page_text chunk_99780812c420d780,chunk_99780812c420d780,3,regolith.pdf
Material:tungsten,Chunk:chunk_99780812c420d780,EVIDENCED_BY:da0d7d88f8ab86f7,EVIDENCED_BY,supported by chunk,regolith.pdf p.3 page_text chunk_99780812c420d780,1.0,regolith.pdf p.3 page_text chunk_99780812c420d780,,,
Material:tungsten,Paper:regolith,REPORTED_IN:682e0a75a48caf09,REPORTED_IN,reported in this paper,regolith.pdf p.3 page_text chunk_99780812c420d780,1.0,regolith.pdf p.3 page_text chunk_99780812c420d780,,,
Concept:xray_interaction_bulb,Chunk:chunk_99780812c420d780,EVIDENCED_BY:539c03dd0df2a058,EVIDENCED_BY,supported by chunk,regolith.pdf p.3 page_text chunk_99780812c420d780,1.0,regolith.pdf p.3 page_text chunk_99780812c420d780,,,
Concept:xray_interaction_bulb,Paper:regolith,REPORTED_IN:3832effd90ceba5b,REPORTED_IN,reported in this paper,regolith.pdf p.3 page_text chunk_99780812c420d780,1.0,regolith.pdf p.3 page_text chunk_99780812c420d780,,,
Concept:xray_interaction_bulb,Concept:characteristic_xrays,CAUSES:8718466326447d5f,CAUSES,The X-ray interaction produces characteristic X-rays.,producing two types of X-rays. One of them are characteristic X-rays,0.78,regolith.pdf p.3 page_text chunk_99780812c420d780,chunk_99780812c420d780,3,regolith.pdf
Concept:xray_interaction_bulb,Concept:bremsstrahlung,CAUSES:f26aeaa974e79ae0,CAUSES,The X-ray interaction produces bremsstrahlung as the other type of X-rays.,The oth- er one is bremsstrahlung,0.78,regolith.pdf p.3 page_text chunk_99780812c420d780,chunk_99780812c420d780,3,regolith.pdf
Concept:characteristic_xrays,Chunk:chunk_99780812c420d780,EVIDENCED_BY:5ca12a1dcb712d2b,EVIDENCED_BY,supported by chunk,regolith.pdf p.3 page_text chunk_99780812c420d780,1.0,regolith.pdf p.3 page_text chunk_99780812c420d780,,,
Concept:characteristic_xrays,Paper:regolith,REPORTED_IN:3bafdf0f4f4eafaf,REPORTED_IN,reported in this paper,regolith.pdf p.3 page_text chunk_99780812c420d780,1.0,regolith.pdf p.3 page_text chunk_99780812c420d780,,,
Concept:characteristic_xrays,Application:chemical_analysis,APPLIES_TO:a576d0444d1ab609,APPLIES_TO,Characteristic X-rays are primarily useful for chemical analysis.,primarily useful for chemical analysis,0.86,regolith.pdf p.3 page_text chunk_99780812c420d780,chunk_99780812c420d780,3,regolith.pdf
Concept:bremsstrahlung,Chunk:chunk_99780812c420d780,EVIDENCED_BY:e17d91a05a7f78f8,EVIDENCED_BY,supported by chunk,regolith.pdf p.3 page_text chunk_99780812c420d780,1.0,regolith.pdf p.3 page_text chunk_99780812c420d780,,,
Concept:bremsstrahlung,Paper:regolith,REPORTED_IN:1b772abe1f26ddce,REPORTED_IN,reported in this paper,regolith.pdf p.3 page_text chunk_99780812c420d780,1.0,regolith.pdf p.3 page_text chunk_99780812c420d780,,,
Concept:bremsstrahlung,Variable:integral_spectrum,CAUSES:e0dcd2b786ef2d6f,CAUSES,Bremsstrahlung determines the main part of the integral spectrum used for the measurements.,determines the main part of the integral spectrum used for the measure- ments,0.82,regolith.pdf p.3 page_text chunk_99780812c420d780,chunk_99780812c420d780,3,regolith.pdf
Variable:filtering,Chunk:chunk_99780812c420d780,EVIDENCED_BY:66e4d4f84a19083d,EVIDENCED_BY,supported by chunk,regolith.pdf p.3 page_text chunk_99780812c420d780,1.0,regolith.pdf p.3 page_text chunk_99780812c420d780,,,
Variable:filtering,Paper:regolith,REPORTED_IN:57e29151e842545b,REPORTED_IN,reported in this paper,regolith.pdf p.3 page_text chunk_99780812c420d780,1.0,regolith.pdf p.3 page_text chunk_99780812c420d780,,,
Variable:filtering,Concept:bremsstrahlung,INFLUENCES:2f3e3a9d7a6b812f,INFLUENCES,Filtering influences the continuous bremsstrahlung spectrum.,"bremsstrahlung, a continuous spectrum influenced by filtering",0.84,regolith.pdf p.3 page_text chunk_99780812c420d780,chunk_99780812c420d780,3,regolith.pdf
Variable:electron_acceleration_voltage,Chunk:chunk_99780812c420d780,EVIDENCED_BY:fc1d9250c9080153,EVIDENCED_BY,supported by chunk,regolith.pdf p.3 page_text chunk_99780812c420d780,1.0,regolith.pdf p.3 page_text chunk_99780812c420d780,,,
Variable:electron_acceleration_voltage,Paper:regolith,REPORTED_IN:2e74686601882929,REPORTED_IN,reported in this paper,regolith.pdf p.3 page_text chunk_99780812c420d780,1.0,regolith.pdf p.3 page_text chunk_99780812c420d780,,,
Variable:electron_acceleration_voltage,Concept:bremsstrahlung,INFLUENCES:56bfe542ae41a00d,INFLUENCES,Electron acceleration voltage influences the bremsstrahlung spectrum.,influenced by ... electron acceleration voltage,0.84,regolith.pdf p.3 page_text chunk_99780812c420d780,chunk_99780812c420d780,3,regolith.pdf
Variable:integral_spectrum,Chunk:chunk_99780812c420d780,EVIDENCED_BY:814e2af088f264f7,EVIDENCED_BY,supported by chunk,regolith.pdf p.3 page_text chunk_99780812c420d780,1.0,regolith.pdf p.3 page_text chunk_99780812c420d780,,,
Variable:integral_spectrum,Paper:regolith,REPORTED_IN:90881140390b6f2f,REPORTED_IN,reported in this paper,regolith.pdf p.3 page_text chunk_99780812c420d780,1.0,regolith.pdf p.3 page_text chunk_99780812c420d780,,,
Variable:interaction_bulb_stability,Chunk:chunk_99780812c420d780,EVIDENCED_BY:dcf076e07053d411,EVIDENCED_BY,supported by chunk,regolith.pdf p.3 page_text chunk_99780812c420d780,1.0,regolith.pdf p.3 page_text chunk_99780812c420d780,,,
Variable:interaction_bulb_stability,Paper:regolith,REPORTED_IN:a3b1f6a882e93803,REPORTED_IN,reported in this paper,regolith.pdf p.3 page_text chunk_99780812c420d780,1.0,regolith.pdf p.3 page_text chunk_99780812c420d780,,,
Variable:interaction_bulb_stability,Finding:sharp_reproducible_imaging,CAUSES:3cd305afc42948eb,CAUSES,Stability of the X-ray interaction bulb is critical for sharp and reproducible imaging.,the stability of the X-ray interaction bulb is critical for sharp and reproducible imaging,0.9,regolith.pdf p.3 page_text chunk_99780812c420d780,chunk_99780812c420d780,3,regolith.pdf
Finding:sharp_reproducible_imaging,Chunk:chunk_99780812c420d780,EVIDENCED_BY:9851ae44501cfae1,EVIDENCED_BY,supported by chunk,regolith.pdf p.3 page_text chunk_99780812c420d780,1.0,regolith.pdf p.3 page_text chunk_99780812c420d780,,,
Finding:sharp_reproducible_imaging,Paper:regolith,REPORTED_IN:e6d1a66cb025c83b,REPORTED_IN,reported in this paper,regolith.pdf p.3 page_text chunk_99780812c420d780,1.0,regolith.pdf p.3 page_text chunk_99780812c420d780,,,
Concept:conical_xray_beam,Chunk:chunk_99780812c420d780,EVIDENCED_BY:a721f2d3df0c3a16,EVIDENCED_BY,supported by chunk,regolith.pdf p.3 page_text chunk_99780812c420d780,1.0,regolith.pdf p.3 page_text chunk_99780812c420d780,,,
Concept:conical_xray_beam,Paper:regolith,REPORTED_IN:3edcb2462a24c32f,REPORTED_IN,reported in this paper,regolith.pdf p.3 page_text chunk_99780812c420d780,1.0,regolith.pdf p.3 page_text chunk_99780812c420d780,,,
Concept:conical_xray_beam,Instrument:flat_panel_detector,USES:8df25b316b6cac81,USES,The conical X-ray beam projects onto a 2D flat panel detector.,projecting onto a 2D flat panel de- tector,0.84,regolith.pdf p.3 page_text chunk_99780812c420d780,chunk_99780812c420d780,3,regolith.pdf
Instrument:flat_panel_detector,Chunk:chunk_99780812c420d780,EVIDENCED_BY:890359a13c37f11e,EVIDENCED_BY,supported by chunk,regolith.pdf p.3 page_text chunk_99780812c420d780,1.0,regolith.pdf p.3 page_text chunk_99780812c420d780,,,
Instrument:flat_panel_detector,Paper:regolith,REPORTED_IN:f61c24c1396cad36,REPORTED_IN,reported in this paper,regolith.pdf p.3 page_text chunk_99780812c420d780,1.0,regolith.pdf p.3 page_text chunk_99780812c420d780,,,
Method:sample_rotation,Chunk:chunk_99780812c420d780,EVIDENCED_BY:3e5fff6d5ff255ba,EVIDENCED_BY,supported by chunk,regolith.pdf p.3 page_text chunk_99780812c420d780,1.0,regolith.pdf p.3 page_text chunk_99780812c420d780,,,
Method:sample_rotation,Paper:regolith,REPORTED_IN:18d601386cfac636,REPORTED_IN,reported in this paper,regolith.pdf p.3 page_text chunk_99780812c420d780,1.0,regolith.pdf p.3 page_text chunk_99780812c420d780,,,
Method:sample_rotation,Method:xray_ct,PART_OF:a3a8fec6b1b1cecd,PART_OF,Sample rotation with fixed detector is described as part of the CT setup.,the sample rotates while the detector remains fixed,0.8,regolith.pdf p.3 page_text chunk_99780812c420d780,chunk_99780812c420d780,3,regolith.pdf
Method:sample_rotation,Dataset:projection_images_2d,CAUSES:95981e2ec69610f2,CAUSES,"Each rotational step produces a projection image, forming a series of 2D projection images.","Each rotational step produces a projection image, forming a series of 2D projection images",0.88,regolith.pdf p.3 page_text chunk_99780812c420d780,chunk_99780812c420d780,3,regolith.pdf
Dataset:projection_images_2d,Chunk:chunk_99780812c420d780,EVIDENCED_BY:d131927163a7b8e1,EVIDENCED_BY,supported by chunk,regolith.pdf p.3 page_text chunk_99780812c420d780,1.0,regolith.pdf p.3 page_text chunk_99780812c420d780,,,
Dataset:projection_images_2d,Paper:regolith,REPORTED_IN:820c644109edc684,REPORTED_IN,reported in this paper,regolith.pdf p.3 page_text chunk_99780812c420d780,1.0,regolith.pdf p.3 page_text chunk_99780812c420d780,,,
Dataset:tomogram_3d,Chunk:chunk_99780812c420d780,EVIDENCED_BY:c2eb15755d1aa66f,EVIDENCED_BY,supported by chunk,regolith.pdf p.3 page_text chunk_99780812c420d780,1.0,regolith.pdf p.3 page_text chunk_99780812c420d780,,,
Dataset:tomogram_3d,Paper:regolith,REPORTED_IN:24a8f3e825952714,REPORTED_IN,reported in this paper,regolith.pdf p.3 page_text chunk_99780812c420d780,1.0,regolith.pdf p.3 page_text chunk_99780812c420d780,,,
Method:fbp,Chunk:chunk_99780812c420d780,EVIDENCED_BY:2202e2391a82e978,EVIDENCED_BY,supported by chunk,regolith.pdf p.3 page_text chunk_99780812c420d780,1.0,regolith.pdf p.3 page_text chunk_99780812c420d780,,,
Method:fbp,Paper:regolith,REPORTED_IN:7a056a4a78157950,REPORTED_IN,reported in this paper,regolith.pdf p.3 page_text chunk_99780812c420d780,1.0,regolith.pdf p.3 page_text chunk_99780812c420d780,,,
Method:fbp,Dataset:projection_images_2d,USES:1f5c6b0b0fd33d1a,USES,Filtered back projection processes the series of 2D projection images.,processed into a 3D tomogram using reconstruction algorithms such as filtered back projection (FBP),0.86,regolith.pdf p.3 page_text chunk_99780812c420d780,chunk_99780812c420d780,3,regolith.pdf
Method:fbp,Dataset:tomogram_3d,CAUSES:7c8e7db072f2b813,CAUSES,Filtered back projection is used to produce a 3D tomogram from projection images.,processed into a 3D tomogram using reconstruction algorithms such as filtered back projection (FBP),0.86,regolith.pdf p.3 page_text chunk_99780812c420d780,chunk_99780812c420d780,3,regolith.pdf
Method:fbp,Document:buzug_2008,MENTIONS:f10db91aab1d9761,MENTIONS,The chunk cites Buzug (2008) for more details related to reconstruction algorithms such as FBP.,"For more details, we refer e.g., to (Buzug, 2008).",0.74,regolith.pdf p.3 page_text chunk_99780812c420d780,chunk_99780812c420d780,3,regolith.pdf
Application:chemical_analysis,Chunk:chunk_99780812c420d780,EVIDENCED_BY:585dcd4b561e8c00,EVIDENCED_BY,supported by chunk,regolith.pdf p.3 page_text chunk_99780812c420d780,1.0,regolith.pdf p.3 page_text chunk_99780812c420d780,,,
Application:chemical_analysis,Paper:regolith,REPORTED_IN:add6016c24c08cb6,REPORTED_IN,reported in this paper,regolith.pdf p.3 page_text chunk_99780812c420d780,1.0,regolith.pdf p.3 page_text chunk_99780812c420d780,,,
Finding:mineralogical_composition_known,Chunk:chunk_99780812c420d780,EVIDENCED_BY:84466bea6bd900cc,EVIDENCED_BY,supported by chunk,regolith.pdf p.3 page_text chunk_99780812c420d780,1.0,regolith.pdf p.3 page_text chunk_99780812c420d780,,,
Finding:mineralogical_composition_known,Paper:regolith,REPORTED_IN:47e28ef3763f0c87,REPORTED_IN,reported in this paper,regolith.pdf p.3 page_text chunk_99780812c420d780,1.0,regolith.pdf p.3 page_text chunk_99780812c420d780,,,
Finding:mineralogical_composition_known,Concept:characteristic_xrays,LIMITED_BY:31ae4ab4f400816d,LIMITED_BY,Characteristic X-rays are described as irrelevant here because the mineralogical composition of the target material is known.,"irrelevant here, since the min- eralogical composition of the target material is known",0.82,regolith.pdf p.3 page_text chunk_99780812c420d780,chunk_99780812c420d780,3,regolith.pdf
Method:correlative_measurements_future,Chunk:chunk_99780812c420d780,EVIDENCED_BY:90912f8e645cb90e,EVIDENCED_BY,supported by chunk,regolith.pdf p.3 page_text chunk_99780812c420d780,1.0,regolith.pdf p.3 page_text chunk_99780812c420d780,,,
Method:correlative_measurements_future,Paper:regolith,REPORTED_IN:75a8e21ea684321c,REPORTED_IN,reported in this paper,regolith.pdf p.3 page_text chunk_99780812c420d780,1.0,regolith.pdf p.3 page_text chunk_99780812c420d780,,,
Method:correlative_measurements_future,Concept:excluded_fractions,APPLIES_TO:bfb4472ef36b6863,APPLIES_TO,Future correlative measurements are intended to evaluate excluded fractions.,Following studies will include correlative measurements for evaluating excluded fractions.,0.86,regolith.pdf p.3 page_text chunk_99780812c420d780,chunk_99780812c420d780,3,regolith.pdf
Concept:excluded_fractions,Chunk:chunk_99780812c420d780,EVIDENCED_BY:7bc60c48bd8885ef,EVIDENCED_BY,supported by chunk,regolith.pdf p.3 page_text chunk_99780812c420d780,1.0,regolith.pdf p.3 page_text chunk_99780812c420d780,,,
Concept:excluded_fractions,Paper:regolith,REPORTED_IN:7f26443ccf84bd87,REPORTED_IN,reported in this paper,regolith.pdf p.3 page_text chunk_99780812c420d780,1.0,regolith.pdf p.3 page_text chunk_99780812c420d780,,,
Document:buzug_2008,Chunk:chunk_99780812c420d780,EVIDENCED_BY:fc4a9f41affd3068,EVIDENCED_BY,supported by chunk,regolith.pdf p.3 page_text chunk_99780812c420d780,1.0,regolith.pdf p.3 page_text chunk_99780812c420d780,,,
Document:buzug_2008,Paper:regolith,REPORTED_IN:9e9e4e0d0aea1d3a,REPORTED_IN,reported in this paper,regolith.pdf p.3 page_text chunk_99780812c420d780,1.0,regolith.pdf p.3 page_text chunk_99780812c420d780,,,
